heartbeat_to_peers,ceph01_ceph-osd.0.asok.txt,ceph01_ceph-osd.1.asok.txt,ceph01_ceph-osd.2.asok.txt,ceph01_ceph-osd.3.asok.txt,ceph01_ceph-osd.4.asok.txt,ceph01_ceph-osd.5.asok.txt,ceph01_ceph-osd.6.asok.txt,ceph01_ceph-osd.7.asok.txt,ceph02_ceph-osd.10.asok.txt,ceph02_ceph-osd.11.asok.txt,ceph02_ceph-osd.12.asok.txt,ceph02_ceph-osd.13.asok.txt,ceph02_ceph-osd.14.asok.txt,ceph02_ceph-osd.15.asok.txt,ceph02_ceph-osd.8.asok.txt,ceph02_ceph-osd.9.asok.txt,ceph03_ceph-osd.16.asok.txt,ceph03_ceph-osd.17.asok.txt,ceph03_ceph-osd.18.asok.txt,ceph03_ceph-osd.19.asok.txt,ceph03_ceph-osd.20.asok.txt,ceph03_ceph-osd.21.asok.txt,ceph03_ceph-osd.22.asok.txt,ceph03_ceph-osd.23.asok.txt,ceph04_ceph-osd.24.asok.txt,ceph04_ceph-osd.25.asok.txt,ceph04_ceph-osd.26.asok.txt,ceph04_ceph-osd.27.asok.txt,ceph04_ceph-osd.28.asok.txt,ceph04_ceph-osd.29.asok.txt,ceph04_ceph-osd.30.asok.txt,ceph04_ceph-osd.31.asok.txt
0,25,26,26,26,26,26,26,25,26,26,26,26,26,25,25,26,25,26,26,26,26,26,26,25,25,26,26,26,26,25,26,24
1,25,26,26,26,26,26,26,25,26,26,26,26,26,25,25,26,25,26,26,26,26,26,26,25,25,26,26,26,26,25,26,24
2,25,26,26,26,26,26,26,25,26,26,26,26,26,25,25,26,25,26,26,26,26,26,26,25,25,26,26,26,26,25,26,24
3,25,26,26,26,26,26,26,25,26,26,26,26,26,25,25,26,25,26,26,26,26,26,26,25,25,26,26,26,26,25,26,24
4,25,26,26,26,26,26,26,25,26,26,26,26,26,25,25,26,25,26,26,26,26,26,26,25,25,26,26,26,26,25,26,24
5,25,26,26,26,26,26,26,25,26,26,26,26,26,25,25,26,25,26,26,26,26,26,26,25,25,26,26,26,26,25,26,24
6,25,26,26,26,26,26,26,25,26,26,26,26,26,25,25,26,25,26,26,26,26,26,26,25,25,26,26,26,26,25,26,24
7,25,26,26,26,26,26,26,25,26,26,26,26,26,25,25,26,25,26,26,26,26,26,26,25,25,26,26,26,26,25,26,24
8,25,26,26,26,26,26,26,25,26,26,26,26,26,25,25,26,25,26,26,26,26,26,26,25,25,26,26,26,26,25,26,24
9,25,26,26,26,26,26,26,25,26,26,26,26,26,25,25,26,25,26,26,26,26,26,26,25,25,26,26,26,26,25,26,24
10,25,26,26,26,26,26,26,25,26,26,26,26,26,25,25,26,25,26,26,26,26,26,26,25,25,26,26,26,26,25,26,24
11,25,26,26,26,26,26,26,25,26,26,26,26,26,25,25,26,25,26,26,26,26,26,26,25,25,26,26,26,26,25,26,24
12,25,26,26,26,26,26,26,25,26,26,26,26,26,25,25,26,25,26,26,26,26,26,26,25,25,26,26,26,26,25,26,24
13,25,26,26,26,26,26,26,25,26,26,26,26,26,25,25,26,25,26,26,26,26,26,26,25,25,26,26,26,26,25,26,24
14,25,26,26,26,26,26,26,25,26,26,26,26,26,25,25,26,25,26,26,26,26,26,26,25,25,26,26,26,26,25,26,24
15,25,26,26,26,26,26,26,25,26,26,26,26,26,25,25,26,25,26,26,26,26,26,26,25,25,26,26,26,26,25,26,24
16,25,26,26,26,26,26,26,25,26,26,26,26,26,25,25,26,25,26,26,26,26,26,26,25,25,26,26,26,26,25,26,24
17,25,26,26,26,26,26,26,25,26,26,26,26,26,25,25,26,25,26,26,26,26,26,26,25,25,26,26,26,26,25,26,24
18,25,26,26,26,26,26,26,25,26,26,26,26,26,25,25,26,25,26,26,26,26,26,26,25,25,26,26,26,26,25,26,24
19,25,26,26,26,26,26,26,25,26,26,26,26,26,25,25,26,25,26,26,26,26,26,26,25,25,26,26,26,26,25,26,24
20,25,26,26,26,26,26,26,25,26,26,26,26,26,25,25,26,25,26,26,26,26,26,26,25,25,26,26,26,26,25,26,24
21,25,26,26,26,26,26,26,25,26,26,26,26,26,25,25,26,25,26,26,26,26,26,26,25,25,26,26,26,26,25,26,24
22,25,26,26,26,26,26,26,25,26,26,26,26,26,25,25,26,25,26,26,26,26,26,26,25,25,26,26,26,26,25,26,24
23,25,26,26,26,26,26,26,25,26,26,26,26,26,25,25,26,25,26,26,26,26,26,26,25,25,26,26,26,26,25,26,24
24,25,26,26,26,26,26,26,25,26,26,26,26,26,25,25,26,25,26,26,26,26,26,26,25,25,26,26,26,26,25,26,24
25,25,26,26,26,26,26,26,25,26,26,26,26,26,25,25,26,25,26,26,26,26,26,26,25,25,26,26,26,26,25,26,24
26,25,26,26,26,26,26,26,25,26,26,26,26,26,25,25,26,25,26,26,26,26,26,26,25,25,26,26,26,26,25,26,24
27,25,26,26,26,26,26,26,25,26,26,26,26,26,25,25,26,25,26,26,26,26,26,26,25,25,26,26,26,26,25,26,24
28,25,26,26,26,26,26,26,25,26,26,26,26,26,25,25,26,25,26,26,26,26,26,26,25,25,26,26,26,26,25,26,24
29,25,26,26,26,26,26,26,25,26,26,26,26,26,25,25,26,25,26,26,26,26,26,26,25,25,26,26,26,26,25,26,24
30,25,26,26,26,26,26,26,25,26,26,26,26,26,25,25,26,25,26,26,26,26,26,26,25,25,26,26,26,26,25,26,24
31,25,26,26,26,26,26,26,25,26,26,26,26,26,25,25,26,25,26,26,26,26,26,26,25,25,26,26,26,26,25,26,24
32,25,26,26,26,26,26,26,25,26,26,26,26,26,25,25,26,25,26,26,26,26,26,26,25,25,26,26,26,26,25,26,24
33,25,26,26,26,26,26,26,25,26,26,26,26,26,25,25,26,25,26,26,26,26,26,26,25,25,26,26,26,26,25,26,24
34,25,26,26,26,26,26,26,25,26,26,26,26,26,25,25,26,25,26,26,26,26,26,26,25,25,26,26,26,26,25,26,24
35,25,26,26,26,26,26,26,25,26,26,26,26,26,25,25,26,25,26,26,26,26,26,26,25,25,26,26,26,26,25,26,24
36,25,26,26,26,26,26,26,25,26,26,26,26,26,25,25,26,25,26,26,26,26,26,26,25,25,26,26,26,26,25,26,24
37,25,26,26,26,26,26,26,25,26,26,26,26,26,25,25,26,25,26,26,26,26,26,26,25,25,26,26,26,26,25,26,24
38,25,26,26,26,26,26,26,25,26,26,26,26,26,25,25,26,25,26,26,26,26,26,26,25,25,26,26,26,26,25,26,24
39,25,26,26,26,26,26,26,25,26,26,26,26,26,25,25,26,25,26,26,26,26,26,26,25,25,26,26,26,26,25,26,24
40,25,26,26,26,26,26,26,25,26,26,26,26,26,25,25,26,25,26,26,26,26,26,26,25,25,26,26,26,26,25,26,24
41,25,26,26,26,26,26,26,25,26,26,26,26,26,25,25,26,25,26,26,26,26,26,26,25,25,26,26,26,26,25,26,24
42,25,26,26,26,26,26,26,25,26,26,26,26,26,25,25,26,25,26,26,26,26,26,26,25,25,26,26,26,26,25,26,24
43,25,26,26,26,26,26,26,25,26,26,26,26,26,25,25,26,25,26,26,26,26,26,26,25,25,26,26,26,26,25,26,24
44,25,26,26,26,26,26,26,25,26,26,26,26,26,25,25,26,25,26,26,26,26,26,26,25,25,26,26,26,26,25,26,24
45,25,26,26,26,26,26,26,25,26,26,26,26,26,25,25,26,25,26,26,26,26,26,26,25,25,26,26,26,26,25,26,24
46,25,26,26,26,26,26,26,25,26,26,26,26,26,25,25,26,25,26,26,26,26,26,26,25,25,26,26,26,26,25,26,24
47,25,26,26,26,26,26,26,25,26,26,26,26,26,25,25,26,25,26,26,26,26,26,26,25,25,26,26,26,26,25,26,24
48,25,26,26,26,26,26,26,25,26,26,26,26,26,25,25,26,25,26,26,26,26,26,26,25,25,26,26,26,26,25,26,24
49,25,26,26,26,26,26,26,25,26,26,26,26,26,25,25,26,25,26,26,26,26,26,26,25,25,26,26,26,26,25,26,24
50,25,26,26,26,26,26,26,25,26,26,26,26,26,25,25,26,25,26,26,26,26,26,26,25,25,26,26,26,26,25,26,24
51,25,26,26,26,26,26,26,25,26,26,26,26,26,25,25,26,25,26,26,26,26,26,26,25,25,26,26,26,26,25,26,24
52,25,26,26,26,26,26,26,25,26,26,26,26,26,25,25,26,25,26,26,26,26,26,26,25,25,26,26,26,26,25,26,24
53,25,26,26,26,26,26,26,25,26,26,26,26,26,25,25,26,25,26,26,26,26,26,26,25,25,26,26,26,26,25,26,24
54,25,26,26,26,26,26,26,25,26,26,26,26,26,25,25,26,25,26,26,26,26,26,26,25,25,26,26,26,26,25,26,24
55,25,26,26,26,26,26,26,25,26,26,26,26,26,25,25,26,25,26,26,26,26,26,26,25,25,26,26,26,26,25,26,24
56,25,26,26,26,26,26,26,25,26,26,26,26,26,25,25,26,25,26,26,26,26,26,26,25,25,26,26,26,26,25,26,24
57,25,26,26,26,26,26,26,25,26,26,26,26,26,25,25,26,25,26,26,26,26,26,26,25,25,26,26,26,26,25,26,24
58,25,26,26,26,26,26,26,25,26,26,26,26,26,25,25,26,25,26,26,26,26,26,26,25,25,26,26,26,26,25,26,24
59,25,26,26,26,26,26,26,25,26,26,26,26,26,25,25,26,25,26,26,26,26,26,26,25,25,26,26,26,26,25,26,24
60,25,26,26,26,26,26,26,25,26,26,26,26,26,25,25,26,25,26,26,26,26,26,26,25,25,26,26,26,26,25,26,24
61,25,26,26,26,26,26,26,25,26,26,26,26,26,25,25,26,25,26,26,26,26,26,26,25,25,26,26,26,26,25,26,24
62,25,26,26,26,26,26,26,25,26,26,26,26,26,25,25,26,25,26,26,26,26,26,26,25,25,26,26,26,26,25,26,24
63,25,26,26,26,26,26,26,25,26,26,26,26,26,25,25,26,25,26,26,26,26,26,26,25,25,26,26,26,26,25,26,24
64,25,26,26,26,26,26,26,25,26,26,26,26,26,25,25,26,25,26,26,26,26,26,26,25,25,26,26,26,26,25,26,24
65,25,26,26,26,26,26,26,25,26,26,26,26,26,25,25,26,25,26,26,26,26,26,26,25,25,26,26,26,26,25,26,24
66,25,26,26,26,26,26,26,25,26,26,26,26,26,25,25,26,25,26,26,26,26,26,26,25,25,26,26,26,26,25,26,24
67,25,26,26,26,26,26,26,25,26,26,26,26,26,25,25,26,25,26,26,26,26,26,26,25,25,26,26,26,26,25,26,24
68,25,26,26,26,26,26,26,25,26,26,26,26,26,25,25,26,25,26,26,26,26,26,26,25,25,26,26,26,26,25,26,24
69,25,26,26,26,26,26,26,25,26,26,26,26,26,25,25,26,25,26,26,26,26,26,26,25,25,26,26,26,26,25,26,24
70,25,26,26,26,26,26,26,25,26,26,26,26,26,25,25,26,25,26,26,26,26,26,26,25,25,26,26,26,26,25,26,24
71,25,26,26,26,26,26,26,25,26,26,26,26,26,25,25,26,25,26,26,26,26,26,26,25,25,26,26,26,26,25,26,24
72,25,26,26,26,26,26,26,25,26,26,26,26,26,25,25,26,25,26,26,26,26,26,26,25,25,26,26,26,26,25,26,24
73,25,26,26,26,26,26,26,25,26,26,26,26,26,25,25,26,25,26,26,26,26,26,26,25,25,26,26,26,26,25,26,24
74,25,26,26,26,26,26,26,25,26,26,26,26,26,25,25,26,25,26,26,26,26,26,26,25,25,26,26,26,26,25,26,24
75,25,26,26,26,26,26,26,25,26,26,26,26,26,25,25,26,25,26,26,26,26,26,26,25,25,26,26,26,26,25,26,24
76,25,26,26,26,26,26,26,25,26,26,26,26,26,25,25,26,25,26,26,26,26,26,26,25,25,26,26,26,26,25,26,24
77,25,26,26,26,26,26,26,25,26,26,26,26,26,25,25,26,25,26,26,26,26,26,26,25,25,26,26,26,26,25,26,24
78,25,26,26,26,26,26,26,25,26,26,26,26,26,25,25,26,25,26,26,26,26,26,26,25,25,26,26,26,26,25,26,24
79,25,26,26,26,26,26,26,25,26,26,26,26,26,25,25,26,25,26,26,26,26,26,26,25,25,26,26,26,26,25,26,24
80,25,26,26,26,26,26,26,25,26,26,26,26,26,25,25,26,25,26,26,26,26,26,26,25,25,26,26,26,26,25,26,24
81,25,26,26,26,26,26,26,25,26,26,26,26,26,25,25,26,25,26,26,26,26,26,26,25,25,26,26,26,26,25,26,24
82,25,26,26,26,26,26,26,25,26,26,26,26,26,25,25,26,25,26,26,26,26,26,26,25,25,26,26,26,26,25,26,24
83,25,26,26,26,26,26,26,25,26,26,26,26,26,25,25,26,25,26,26,26,26,26,26,25,25,26,26,26,26,25,26,24
84,25,26,26,26,26,26,26,25,26,26,26,26,26,25,25,26,25,26,26,26,26,26,26,25,25,26,26,26,26,25,26,24
85,25,26,26,26,26,26,26,25,26,26,26,26,26,25,25,26,25,26,26,26,26,26,26,25,25,26,26,26,26,25,26,24
86,25,26,26,26,26,26,26,25,26,26,26,26,26,25,25,26,25,26,26,26,26,26,26,25,25,26,26,26,26,25,26,24
87,25,26,26,26,26,26,26,25,26,26,26,26,26,25,25,26,25,26,26,26,26,26,26,25,25,26,26,26,26,25,26,24
88,25,26,26,26,26,26,26,25,26,26,26,26,26,25,25,26,25,26,26,26,26,26,26,25,25,26,26,26,26,25,26,24
89,25,26,26,26,26,26,26,25,26,26,26,26,26,25,25,26,25,26,26,26,26,26,26,25,25,26,26,26,26,25,26,24
90,25,26,26,26,26,26,26,25,26,26,26,26,26,25,25,26,25,26,26,26,26,26,26,25,25,26,26,26,26,25,26,24
91,25,26,26,26,26,26,26,25,26,26,26,26,26,25,25,26,25,26,26,26,26,26,26,25,25,26,26,26,26,25,26,24
92,25,26,26,26,26,26,26,25,26,26,26,26,26,25,25,26,25,26,26,26,26,26,26,25,25,26,26,26,26,25,26,24
93,25,26,26,26,26,26,26,25,26,26,26,26,26,25,25,26,25,26,26,26,26,26,26,25,25,26,26,26,26,25,26,24
94,25,26,26,26,26,26,26,25,26,26,26,26,26,25,25,26,25,26,26,26,26,26,26,25,25,26,26,26,26,25,26,24
95,25,26,26,26,26,26,26,25,26,26,26,26,26,25,25,26,25,26,26,26,26,26,26,25,25,26,26,26,26,25,26,24
96,25,26,26,26,26,26,26,25,26,26,26,26,26,25,25,26,25,26,26,26,26,26,26,25,25,26,26,26,26,25,26,24
97,25,26,26,26,26,26,26,25,26,26,26,26,26,25,25,26,25,26,26,26,26,26,26,25,25,26,26,26,26,25,26,24
98,25,26,26,26,26,26,26,25,26,26,26,26,26,25,25,26,25,26,26,26,26,26,26,25,25,26,26,26,26,25,26,24
99,25,26,26,26,26,26,26,25,26,26,26,26,26,25,25,26,25,26,26,26,26,26,26,25,25,26,26,26,26,25,26,24
100,25,26,26,26,26,26,26,25,26,26,26,26,26,25,25,26,25,26,26,26,26,26,26,25,25,26,26,26,26,25,26,24
101,25,26,26,26,26,26,26,25,26,26,26,26,26,25,25,26,25,26,26,26,26,26,26,25,25,26,26,26,26,25,26,24
102,25,26,26,26,26,26,26,25,26,26,26,26,26,25,25,26,25,26,26,26,26,26,26,25,25,26,26,26,26,25,26,24
103,25,26,26,26,26,26,26,25,26,26,26,26,26,25,25,26,25,26,26,26,26,26,26,25,25,26,26,26,26,25,26,24
104,25,26,26,26,26,26,26,25,26,26,26,26,26,25,25,26,25,26,26,26,26,26,26,25,25,26,26,26,26,25,26,24
105,25,26,26,26,26,26,26,25,26,26,26,26,26,25,25,26,25,26,26,26,26,26,26,25,25,26,26,26,26,25,26,24
106,25,26,26,26,26,26,26,25,26,26,26,26,26,25,25,26,25,26,26,26,26,26,26,25,25,26,26,26,26,25,26,24
107,25,26,26,26,26,26,26,25,26,26,26,26,26,25,25,26,25,26,26,26,26,26,26,25,25,26,26,26,26,25,26,24
108,25,26,26,26,26,26,26,25,26,26,26,26,26,25,25,26,25,26,26,26,26,26,26,25,25,26,26,26,26,25,26,24
109,25,26,26,26,26,26,26,25,26,26,26,26,26,25,25,26,25,26,26,26,26,26,26,25,25,26,26,26,26,25,26,24
110,25,26,26,26,26,26,26,25,26,26,26,26,26,25,25,26,25,26,26,26,26,26,26,25,25,26,26,26,26,25,26,24
111,25,26,26,26,26,26,26,25,26,26,26,26,26,25,25,26,25,26,26,26,26,26,26,25,25,26,26,26,26,25,26,24
112,25,26,26,26,26,26,26,25,26,26,26,26,26,25,25,26,25,26,26,26,26,26,26,25,25,26,26,26,26,25,26,24
113,25,26,26,26,26,26,26,25,26,26,26,26,26,25,25,26,25,26,26,26,26,26,26,25,25,26,26,26,26,25,26,24
114,25,26,26,26,26,26,26,25,26,26,26,26,26,25,25,26,25,26,26,26,26,26,26,25,25,26,26,26,26,25,26,24
115,25,26,26,26,26,26,26,25,26,26,26,26,26,25,25,26,25,26,26,26,26,26,26,25,25,26,26,26,26,25,26,24
116,25,26,26,26,26,26,26,25,26,26,26,26,26,25,25,26,25,26,26,26,26,26,26,25,25,26,26,26,26,25,26,24
117,25,26,26,26,26,26,26,25,26,26,26,26,26,25,25,26,25,26,26,26,26,26,26,25,25,26,26,26,26,25,26,24
118,25,26,26,26,26,26,26,25,26,26,26,26,26,25,25,26,25,26,26,26,26,26,26,25,25,26,26,26,26,25,26,24
119,25,26,26,26,26,26,26,25,26,26,26,26,26,25,25,26,25,26,26,26,26,26,26,25,25,26,26,26,26,25,26,24
120,25,26,26,26,26,26,26,25,26,26,26,26,26,25,25,26,25,26,26,26,26,26,26,25,25,26,26,26,26,25,26,24
121,25,26,26,26,26,26,26,25,26,26,26,26,26,25,25,26,25,26,26,26,26,26,26,25,25,26,26,26,26,25,26,24
122,25,26,26,26,26,26,26,25,26,26,26,26,26,25,25,26,25,26,26,26,26,26,26,25,25,26,26,26,26,25,26,24
123,25,26,26,26,26,26,26,25,26,26,26,26,26,25,25,26,25,26,26,26,26,26,26,25,25,26,26,26,26,25,26,24
124,25,26,26,26,26,26,26,25,26,26,26,26,26,25,25,26,25,26,26,26,26,26,26,25,25,26,26,26,26,25,26,24
125,25,26,26,26,26,26,26,25,26,26,26,26,26,25,25,26,25,26,26,26,26,26,26,25,25,26,26,26,26,25,26,24
126,25,26,26,26,26,26,26,25,26,26,26,26,26,25,25,26,25,26,26,26,26,26,26,25,25,26,26,26,26,25,26,24
127,25,26,26,26,26,26,26,25,26,26,26,26,26,25,25,26,25,26,26,26,26,26,26,25,25,26,26,26,26,25,26,24
128,25,26,26,26,26,26,26,25,26,26,26,26,26,25,25,26,25,26,26,26,26,26,26,25,25,26,26,26,26,25,26,24
129,25,26,26,26,26,26,26,25,26,26,26,26,26,25,25,26,25,26,26,26,26,26,26,25,25,26,26,26,26,25,26,24
130,25,26,26,26,26,26,26,25,26,26,26,26,26,25,25,26,25,26,26,26,26,26,26,25,25,26,26,26,26,25,26,24
131,25,26,26,26,26,26,26,25,26,26,26,26,26,25,25,26,25,26,26,26,26,26,26,25,25,26,26,26,26,25,26,24
132,25,26,26,26,26,26,26,25,26,26,26,26,26,25,25,26,25,26,26,26,26,26,26,25,25,26,26,26,26,25,26,24
133,25,26,26,26,26,26,26,25,26,26,26,26,26,25,25,26,25,26,26,26,26,26,26,25,25,26,26,26,26,25,26,24
134,25,26,26,26,26,26,26,25,26,26,26,26,26,25,25,26,25,26,26,26,26,26,26,25,25,26,26,26,26,25,26,24
135,25,26,26,26,26,26,26,25,26,26,26,26,26,25,25,26,25,26,26,26,26,26,26,25,25,26,26,26,26,25,26,24
136,25,26,26,26,26,26,26,25,26,26,26,26,26,25,25,26,25,26,26,26,26,26,26,25,25,26,26,26,26,25,26,24
137,25,26,26,26,26,26,26,25,26,26,26,26,26,25,25,26,25,26,26,26,26,26,26,25,25,26,26,26,26,25,26,24
138,25,26,26,26,26,26,26,25,26,26,26,26,26,25,25,26,25,26,26,26,26,26,26,25,25,26,26,26,26,25,26,24
139,25,26,26,26,26,26,26,25,26,26,26,26,26,25,25,26,25,26,26,26,26,26,26,25,25,26,26,26,26,25,26,24
140,25,26,26,26,26,26,26,25,26,26,26,26,26,25,25,26,25,26,26,26,26,26,26,25,25,26,26,26,26,25,26,24
141,25,26,26,26,26,26,26,25,26,26,26,26,26,25,25,26,25,26,26,26,26,26,26,25,25,26,26,26,26,25,26,24
142,25,26,26,26,26,26,26,25,26,26,26,26,26,25,25,26,25,26,26,26,26,26,26,25,25,26,26,26,26,25,26,24
143,25,26,26,26,26,26,26,25,26,26,26,26,26,25,25,26,25,26,26,26,26,26,26,25,25,26,26,26,26,25,26,24
144,25,26,26,26,26,26,26,25,26,26,26,26,26,25,25,26,25,26,26,26,26,26,26,25,25,26,26,26,26,25,26,24
145,25,26,26,26,26,26,26,25,26,26,26,26,26,25,25,26,25,26,26,26,26,26,26,25,25,26,26,26,26,25,26,24
146,25,26,26,26,26,26,26,25,26,26,26,26,26,25,25,26,25,26,26,26,26,26,26,25,25,26,26,26,26,25,26,24
147,25,26,26,26,26,26,26,25,26,26,26,26,26,25,25,26,25,26,26,26,26,26,26,25,25,26,26,26,26,25,26,24
148,25,26,26,26,26,26,26,25,26,26,26,26,26,25,25,26,25,26,26,26,26,26,26,25,25,26,26,26,26,25,26,24
149,25,26,26,26,26,26,26,25,26,26,26,26,26,25,25,26,25,26,26,26,26,26,26,25,25,26,26,26,26,25,26,24
150,25,26,26,26,26,26,26,25,26,26,26,26,26,25,25,26,25,26,26,26,26,26,26,25,25,26,26,26,26,25,26,24
151,25,26,26,26,26,26,26,25,26,26,26,26,26,25,25,26,25,26,26,26,26,26,26,25,25,26,26,26,26,25,26,24
152,25,26,26,26,26,26,26,25,26,26,26,26,26,25,25,26,25,26,26,26,26,26,26,25,25,26,26,26,26,25,26,24
153,25,26,26,26,26,26,26,25,26,26,26,26,26,25,25,26,25,26,26,26,26,26,26,25,25,26,26,26,26,25,26,24
154,25,26,26,26,26,26,26,25,26,26,26,26,26,25,25,26,25,26,26,26,26,26,26,25,25,26,26,26,26,25,26,24
155,25,26,26,26,26,26,26,25,26,26,26,26,26,25,25,26,25,26,26,26,26,26,26,25,25,26,26,26,26,25,26,24
156,25,26,26,26,26,26,26,25,26,26,26,26,26,25,25,26,25,26,26,26,26,26,26,25,25,26,26,26,26,25,26,24
157,25,26,26,26,26,26,26,25,26,26,26,26,26,25,25,26,25,26,26,26,26,26,26,25,25,26,26,26,26,25,26,24
158,25,26,26,26,26,26,26,25,26,26,26,26,26,25,25,26,25,26,26,26,26,26,26,25,25,26,26,26,26,25,26,24
159,25,26,26,26,26,26,26,25,26,26,26,26,26,25,25,26,25,26,26,26,26,26,26,25,25,26,26,26,26,25,26,24
160,25,26,26,26,26,26,26,25,26,26,26,26,26,25,25,26,25,26,26,26,26,26,26,25,25,26,26,26,26,25,26,24
161,25,26,26,26,26,26,26,25,26,26,26,26,26,25,25,26,25,26,26,26,26,26,26,25,25,26,26,26,26,25,26,24
162,25,26,26,26,26,26,26,25,26,26,26,26,26,25,25,26,25,26,26,26,26,26,26,25,25,26,26,26,26,25,26,24
163,25,26,26,26,26,26,26,25,26,26,26,26,26,25,25,26,25,26,26,26,26,26,26,25,25,26,26,26,26,25,26,24
164,25,26,26,26,26,26,26,25,26,26,26,26,26,25,25,26,25,26,26,26,26,26,26,25,25,26,26,26,26,25,26,24
165,25,26,26,26,26,26,26,25,26,26,26,26,26,25,25,26,25,26,26,26,26,26,26,25,25,26,26,26,26,25,26,24
166,25,26,26,26,26,26,26,25,26,26,26,26,26,25,25,26,25,26,26,26,26,26,26,25,25,26,26,26,26,25,26,24
167,25,26,26,26,26,26,26,25,26,26,26,26,26,25,25,26,25,26,26,26,26,26,26,25,25,26,26,26,26,25,26,24
168,25,26,26,26,26,26,26,25,26,26,26,26,26,25,25,26,25,26,26,26,26,26,26,25,25,26,26,26,26,25,26,24
169,25,26,26,26,26,26,26,25,26,26,26,26,26,25,25,26,25,26,26,26,26,26,26,25,25,26,26,26,26,25,26,24
170,25,26,26,26,26,26,26,25,26,26,26,26,26,25,25,26,25,26,26,26,26,26,26,25,25,26,26,26,26,25,26,24
171,25,26,26,26,26,26,26,25,26,26,26,26,26,25,25,26,25,26,26,26,26,26,26,25,25,26,26,26,26,25,26,24
172,25,26,26,26,26,26,26,25,26,26,26,26,26,25,25,26,25,26,26,26,26,26,26,25,25,26,26,26,26,25,26,24
173,25,26,26,26,26,26,26,25,26,26,26,26,26,25,25,26,25,26,26,26,26,26,26,25,25,26,26,26,26,25,26,24
174,25,26,26,26,26,26,26,25,26,26,26,26,26,25,25,26,25,26,26,26,26,26,26,25,25,26,26,26,26,25,26,24
175,25,26,26,26,26,26,26,25,26,26,26,26,26,25,25,26,25,26,26,26,26,26,26,25,25,26,26,26,26,25,26,24
176,25,26,26,26,26,26,26,25,26,26,26,26,26,25,25,26,25,26,26,26,26,26,26,25,25,26,26,26,26,25,26,24
177,25,26,26,26,26,26,26,25,26,26,26,26,26,25,25,26,25,26,26,26,26,26,26,25,25,26,26,26,26,25,26,24
178,25,26,26,26,26,26,26,25,26,26,26,26,26,25,25,26,25,26,26,26,26,26,26,25,25,26,26,26,26,25,26,24
179,25,26,26,26,26,26,26,25,26,26,26,26,26,25,25,26,25,26,26,26,26,26,26,25,25,26,26,26,26,25,26,24
180,25,26,26,26,26,26,26,25,26,26,26,26,26,25,25,26,25,26,26,26,26,26,26,25,25,26,26,26,26,25,26,24
181,25,26,26,26,26,26,26,25,26,26,26,26,26,25,25,26,25,26,26,26,26,26,26,25,25,26,26,26,26,25,26,24
182,25,26,26,26,26,26,26,25,26,26,26,26,26,25,25,26,25,26,26,26,26,26,26,25,25,26,26,26,26,25,26,24
183,25,26,26,26,26,26,26,25,26,26,26,26,26,25,25,26,25,26,26,26,26,26,26,25,25,26,26,26,26,25,26,24
184,25,26,26,26,26,26,26,25,26,26,26,26,26,25,25,26,25,26,26,26,26,26,26,25,25,26,26,26,26,25,26,24
185,25,26,26,26,26,26,26,25,26,26,26,26,26,25,25,26,25,26,26,26,26,26,26,25,25,26,26,26,26,25,26,24
186,25,26,26,26,26,26,26,25,26,26,26,26,26,25,25,26,25,26,26,26,26,26,26,25,25,26,26,26,26,25,26,24
187,25,26,26,26,26,26,26,25,26,26,26,26,26,25,25,26,25,26,26,26,26,26,26,25,25,26,26,26,26,25,26,24
188,25,26,26,26,26,26,26,25,26,26,26,26,26,25,25,26,25,26,26,26,26,26,26,25,25,26,26,26,26,25,26,24
189,25,26,26,26,26,26,26,25,26,26,26,26,26,25,25,26,25,26,26,26,26,26,26,25,25,26,26,26,26,25,26,24
190,25,26,26,26,26,26,26,25,26,26,26,26,26,25,25,26,25,26,26,26,26,26,26,25,25,26,26,26,26,25,26,24
191,25,26,26,26,26,26,26,25,26,26,26,26,26,25,25,26,25,26,26,26,26,26,26,25,25,26,26,26,26,25,26,24
192,25,26,26,26,26,26,26,25,26,26,26,26,26,25,25,26,25,26,26,26,26,26,26,25,25,26,26,26,26,25,26,24
193,25,26,26,26,26,26,26,25,26,26,26,26,26,25,25,26,25,26,26,26,26,26,26,25,25,26,26,26,26,25,26,24
194,25,26,26,26,26,26,26,25,26,26,26,26,26,25,25,26,25,26,26,26,26,26,26,25,25,26,26,26,26,25,26,24
195,25,26,26,26,26,26,26,25,26,26,26,26,26,25,25,26,25,26,26,26,26,26,26,25,25,26,26,26,26,25,26,24
196,25,26,26,26,26,26,26,25,26,26,26,26,26,25,25,26,25,26,26,26,26,26,26,25,25,26,26,26,26,25,26,24
197,25,26,26,26,26,26,26,25,26,26,26,26,26,25,25,26,25,26,26,26,26,26,26,25,25,26,26,26,26,25,26,24
198,25,26,26,26,26,26,26,25,26,26,26,26,26,25,25,26,25,26,26,26,26,26,26,25,25,26,26,26,26,25,26,24
199,25,26,26,26,26,26,26,25,26,26,26,26,26,25,25,26,25,26,26,26,26,26,26,25,25,26,26,26,26,25,26,24
200,25,26,26,26,26,26,26,25,26,26,26,26,26,25,25,26,25,26,26,26,26,26,26,25,25,26,26,26,26,25,26,24
201,25,26,26,26,26,26,26,25,26,26,26,26,26,25,25,26,25,26,26,26,26,26,26,25,25,26,26,26,26,25,26,24
202,25,26,26,26,26,26,26,25,26,26,26,26,26,25,25,26,25,26,26,26,26,26,26,25,25,26,26,26,26,25,26,24
203,25,26,26,26,26,26,26,25,26,26,26,26,26,25,25,26,25,26,26,26,26,26,26,25,25,26,26,26,26,25,26,24
204,25,26,26,26,26,26,26,25,26,26,26,26,26,25,25,26,25,26,26,26,26,26,26,25,25,26,26,26,26,25,26,24
205,25,26,26,26,26,26,26,25,26,26,26,26,26,25,25,26,25,26,26,26,26,26,26,25,25,26,26,26,26,25,26,24
206,25,26,26,26,26,26,26,25,26,26,26,26,26,25,25,26,25,26,26,26,26,26,26,25,25,26,26,26,26,25,26,24
207,25,26,26,26,26,26,26,25,26,26,26,26,26,25,25,26,25,26,26,26,26,26,26,25,25,26,26,26,26,25,26,24
208,25,26,26,26,26,26,26,25,26,26,26,26,26,25,25,26,25,26,26,26,26,26,26,25,25,26,26,26,26,25,26,24
209,25,26,26,26,26,26,26,25,26,26,26,26,26,25,25,26,25,26,26,26,26,26,26,25,25,26,26,26,26,25,26,24
210,25,26,26,26,26,26,26,25,26,26,26,26,26,25,25,26,25,26,26,26,26,26,26,25,25,26,26,26,26,25,26,24
211,25,26,26,26,26,26,26,25,26,26,26,26,26,25,25,26,25,26,26,26,26,26,26,25,25,26,26,26,26,25,26,24
212,25,26,26,26,26,26,26,25,26,26,26,26,26,25,25,26,25,26,26,26,26,26,26,25,25,26,26,26,26,25,26,24
213,25,26,26,26,26,26,26,25,26,26,26,26,26,25,25,26,25,26,26,26,26,26,26,25,25,26,26,26,26,25,26,24
214,25,26,26,26,26,26,26,25,26,26,26,26,26,25,25,26,25,26,26,26,26,26,26,25,25,26,26,26,26,25,26,24
215,25,26,26,26,26,26,26,25,26,26,26,26,26,25,25,26,25,26,26,26,26,26,26,25,25,26,26,26,26,25,26,24
216,25,26,26,26,26,26,26,25,26,26,26,26,26,25,25,26,25,26,26,26,26,26,26,25,25,26,26,26,26,25,26,24
217,25,26,26,26,26,26,26,25,26,26,26,26,26,25,25,26,25,26,26,26,26,26,26,25,25,26,26,26,26,25,26,24
218,25,26,26,26,26,26,26,25,26,26,26,26,26,25,25,26,25,26,26,26,26,26,26,25,25,26,26,26,26,25,26,24
219,25,26,26,26,26,26,26,25,26,26,26,26,26,25,25,26,25,26,26,26,26,26,26,25,25,26,26,26,26,25,26,24
220,25,26,26,26,26,26,26,25,26,26,26,26,26,25,25,26,25,26,26,26,26,26,26,25,25,26,26,26,26,25,26,24
221,25,26,26,26,26,26,26,25,26,26,26,26,26,25,25,26,25,26,26,26,26,26,26,25,25,26,26,26,26,25,26,24
222,25,26,26,26,26,26,26,25,26,26,26,26,26,25,25,26,25,26,26,26,26,26,26,25,25,26,26,26,26,25,26,24
223,25,26,26,26,26,26,26,25,26,26,26,26,26,25,25,26,25,26,26,26,26,26,26,25,25,26,26,26,26,25,26,24
224,25,26,26,26,26,26,26,25,26,26,26,26,26,25,25,26,25,26,26,26,26,26,26,25,25,26,26,26,26,25,26,24
225,25,26,26,26,26,26,26,25,26,26,26,26,26,25,25,26,25,26,26,26,26,26,26,25,25,26,26,26,26,25,26,24
226,25,26,26,26,26,26,26,25,26,26,26,26,26,25,25,26,25,26,26,26,26,26,26,25,25,26,26,26,26,25,26,24
227,25,26,26,26,26,26,26,25,26,26,26,26,26,25,25,26,25,26,26,26,26,26,26,25,25,26,26,26,26,25,26,24
228,25,26,26,26,26,26,26,25,26,26,26,26,26,25,25,26,25,26,26,26,26,26,26,25,25,26,26,26,26,25,26,24
229,25,26,26,26,26,26,26,25,26,26,26,26,26,25,25,26,25,26,26,26,26,26,26,25,25,26,26,26,26,25,26,24
230,25,26,26,26,26,26,26,25,26,26,26,26,26,25,25,26,25,26,26,26,26,26,26,25,25,26,26,26,26,25,26,24
231,25,26,26,26,26,26,26,25,26,26,26,26,26,25,25,26,25,26,26,26,26,26,26,25,25,26,26,26,26,25,26,24
232,25,26,26,26,26,26,26,25,26,26,26,26,26,25,25,26,25,26,26,26,26,26,26,25,25,26,26,26,26,25,26,24
233,25,26,26,26,26,26,26,25,26,26,26,26,26,25,25,26,25,26,26,26,26,26,26,25,25,26,26,26,26,25,26,24
234,25,26,26,26,26,26,26,25,26,26,26,26,26,25,25,26,25,26,26,26,26,26,26,25,25,26,26,26,26,25,26,24
235,25,26,26,26,26,26,26,25,26,26,26,26,26,25,25,26,25,26,26,26,26,26,26,25,25,26,26,26,26,25,26,24
236,25,26,26,26,26,26,26,25,26,26,26,26,26,25,25,26,25,26,26,26,26,26,26,25,25,26,26,26,26,25,26,24
237,25,26,26,26,26,26,26,25,26,26,26,26,26,25,25,26,25,26,26,26,26,26,26,25,25,26,26,26,26,25,26,24
238,25,26,26,26,26,26,26,25,26,26,26,26,26,25,25,26,25,26,26,26,26,26,26,25,25,26,26,26,26,25,26,24
239,25,26,26,26,26,26,26,25,26,26,26,26,26,25,25,26,25,26,26,26,26,26,26,25,25,26,26,26,26,25,26,24
240,25,26,26,26,26,26,26,25,26,26,26,26,26,25,25,26,25,26,26,26,26,26,26,25,25,26,26,26,26,25,26,24
241,25,26,26,26,26,26,26,25,26,26,26,26,26,25,25,26,25,26,26,26,26,26,26,25,25,26,26,26,26,25,26,24
242,25,26,26,26,26,26,26,25,26,26,26,26,26,25,25,26,25,26,26,26,26,26,26,25,25,26,26,26,26,25,26,24
243,25,26,26,26,26,26,26,25,26,26,26,26,26,25,25,26,25,26,26,26,26,26,26,25,25,26,26,26,26,25,26,24
244,25,26,26,26,26,26,26,25,26,26,26,26,26,25,25,26,25,26,26,26,26,26,26,25,25,26,26,26,26,25,26,24
245,25,26,26,26,26,26,26,25,26,26,26,26,26,25,25,26,25,26,26,26,26,26,26,25,25,26,26,26,26,25,26,24
246,25,26,26,26,26,26,26,25,26,26,26,26,26,25,25,26,25,26,26,26,26,26,26,25,25,26,26,26,26,25,26,24
247,25,26,26,26,26,26,26,25,26,26,26,26,26,25,25,26,25,26,26,26,26,26,26,25,25,26,26,26,26,25,26,24
248,25,26,26,26,26,26,26,25,26,26,26,26,26,25,25,26,25,26,26,26,26,26,26,25,25,26,26,26,26,25,26,24
249,25,26,26,26,26,26,26,25,26,26,26,26,26,25,25,26,25,26,26,26,26,26,26,25,25,26,26,26,26,25,26,24
250,25,26,26,26,26,26,26,25,26,26,26,26,26,25,25,26,25,26,26,26,26,26,26,25,25,26,26,26,26,25,26,24
251,25,26,26,26,26,26,26,25,26,26,26,26,26,25,25,26,25,26,26,26,26,26,26,25,25,26,26,26,26,25,26,24
252,25,26,26,26,26,26,26,25,26,26,26,26,26,25,25,26,25,26,26,26,26,26,26,25,25,26,26,26,26,25,26,24
253,25,26,26,26,26,26,26,25,26,26,26,26,26,25,25,26,25,26,26,26,26,26,26,25,25,26,26,26,26,25,26,24
254,25,26,26,26,26,26,26,25,26,26,26,26,26,25,25,26,25,26,26,26,26,26,26,25,25,26,26,26,26,25,26,24
255,25,26,26,26,26,26,26,25,26,26,26,26,26,25,25,26,25,26,26,26,26,26,26,25,25,26,26,26,26,25,26,24
256,25,26,26,26,26,26,26,25,26,26,26,26,26,25,25,26,25,26,26,26,26,26,26,25,25,26,26,26,26,25,26,24
257,25,26,26,26,26,26,26,25,26,26,26,26,26,25,25,26,25,26,26,26,26,26,26,25,25,26,26,26,26,25,26,24
258,25,26,26,26,26,26,26,25,26,26,26,26,26,25,25,26,25,26,26,26,26,26,26,25,25,26,26,26,26,25,26,24
259,25,26,26,26,26,26,26,25,26,26,26,26,26,25,25,26,25,26,26,26,26,26,26,25,25,26,26,26,26,25,26,24
260,25,26,26,26,26,26,26,25,26,26,26,26,26,25,25,26,25,26,26,26,26,26,26,25,25,26,26,26,26,25,26,24
261,25,26,26,26,26,26,26,25,26,26,26,26,26,25,25,26,25,26,26,26,26,26,26,25,25,26,26,26,26,25,26,24
262,25,26,26,26,26,26,26,25,26,26,26,26,26,25,25,26,25,26,26,26,26,26,26,25,25,26,26,26,26,25,26,24
263,25,26,26,26,26,26,26,25,26,26,26,26,26,25,25,26,25,26,26,26,26,26,26,25,25,26,26,26,26,25,26,24
264,25,26,26,26,26,26,26,25,26,26,26,26,26,25,25,26,25,26,26,26,26,26,26,25,25,26,26,26,26,25,26,24
265,25,26,26,26,26,26,26,25,26,26,26,26,26,25,25,26,25,26,26,26,26,26,26,25,25,26,26,26,26,25,26,24
266,25,26,26,26,26,26,26,25,26,26,26,26,26,25,25,26,25,26,26,26,26,26,26,25,25,26,26,26,26,25,26,24
267,25,26,26,26,26,26,26,25,26,26,26,26,26,25,25,26,25,26,26,26,26,26,26,25,25,26,26,26,26,25,26,24
268,25,26,26,26,26,26,26,25,26,26,26,26,26,25,25,26,25,26,26,26,26,26,26,25,25,26,26,26,26,25,26,24
269,25,26,26,26,26,26,26,25,26,26,26,26,26,25,25,26,25,26,26,26,26,26,26,25,25,26,26,26,26,25,26,24
270,25,26,26,26,26,26,26,25,26,26,26,26,26,25,25,26,25,26,26,26,26,26,26,25,25,26,26,26,26,25,26,24
271,25,26,26,26,26,26,26,25,26,26,26,26,26,25,25,26,25,26,26,26,26,26,26,25,25,26,26,26,26,25,26,24
272,25,26,26,26,26,26,26,25,26,26,26,26,26,25,25,26,25,26,26,26,26,26,26,25,25,26,26,26,26,25,26,24
273,25,26,26,26,26,26,26,25,26,26,26,26,26,25,25,26,25,26,26,26,26,26,26,25,25,26,26,26,26,25,26,24
274,25,26,26,26,26,26,26,25,26,26,26,26,26,25,25,26,25,26,26,26,26,26,26,25,25,26,26,26,26,25,26,24
275,25,26,26,26,26,26,26,25,26,26,26,26,26,25,25,26,25,26,26,26,26,26,26,25,25,26,26,26,26,25,26,24
276,25,26,26,26,26,26,26,25,26,26,26,26,26,25,25,26,25,26,26,26,26,26,26,25,25,26,26,26,26,25,26,24
277,25,26,26,26,26,26,26,25,26,26,26,26,26,25,25,26,25,26,26,26,26,26,26,25,25,26,26,26,26,25,26,24
278,25,26,26,26,26,26,26,25,26,26,26,26,26,25,25,26,25,26,26,26,26,26,26,25,25,26,26,26,26,25,26,24
279,25,26,26,26,26,26,26,25,26,26,26,26,26,25,25,26,25,26,26,26,26,26,26,25,25,26,26,26,26,25,26,24
280,25,26,26,26,26,26,26,25,26,26,26,26,26,25,25,26,25,26,26,26,26,26,26,25,25,26,26,26,26,25,26,24
281,25,26,26,26,26,26,26,25,26,26,26,26,26,25,25,26,25,26,26,26,26,26,26,25,25,26,26,26,26,25,26,24
282,25,26,26,26,26,26,26,25,26,26,26,26,26,25,25,26,25,26,26,26,26,26,26,25,25,26,26,26,26,25,26,24
283,25,26,26,26,26,26,26,25,26,26,26,26,26,25,25,26,25,26,26,26,26,26,26,25,25,26,26,26,26,25,26,24
284,25,26,26,26,26,26,26,25,26,26,26,26,26,25,25,26,25,26,26,26,26,26,26,25,25,26,26,26,26,25,26,24
285,25,26,26,26,26,26,26,25,26,26,26,26,26,25,25,26,25,26,26,26,26,26,26,25,25,26,26,26,26,25,26,24
286,25,26,26,26,26,26,26,25,26,26,26,26,26,25,25,26,25,26,26,26,26,26,26,25,25,26,26,26,26,25,26,24
287,25,26,26,26,26,26,26,25,26,26,26,26,26,25,25,26,25,26,26,26,26,26,26,25,25,26,26,26,26,25,26,24
288,25,26,26,26,26,26,26,25,26,26,26,26,26,25,25,26,25,26,26,26,26,26,26,25,25,26,26,26,26,25,26,24
289,25,26,26,26,26,26,26,25,26,26,26,26,26,25,25,26,25,26,26,26,26,26,26,25,25,26,26,26,26,25,26,24
290,25,26,26,26,26,26,26,25,26,26,26,26,26,25,25,26,25,26,26,26,26,26,26,25,25,26,26,26,26,25,26,24
291,25,26,26,26,26,26,26,25,26,26,26,26,26,25,25,26,25,26,26,26,26,26,26,25,25,26,26,26,26,25,26,24
292,25,26,26,26,26,26,26,25,26,26,26,26,26,25,25,26,25,26,26,26,26,26,26,25,25,26,26,26,26,25,26,24
293,25,26,26,26,26,26,26,25,26,26,26,26,26,25,25,26,25,26,26,26,26,26,26,25,25,26,26,26,26,25,26,24
294,25,26,26,26,26,26,26,25,26,26,26,26,26,25,25,26,25,26,26,26,26,26,26,25,25,26,26,26,26,25,26,24
295,25,26,26,26,26,26,26,25,26,26,26,26,26,25,25,26,25,26,26,26,26,26,26,25,25,26,26,26,26,25,26,24
296,25,26,26,26,26,26,26,25,26,26,26,26,26,25,25,26,25,26,26,26,26,26,26,25,25,26,26,26,26,25,26,24
297,25,26,26,26,26,26,26,25,26,26,26,26,26,25,25,26,25,26,26,26,26,26,26,25,25,26,26,26,26,25,26,24
298,25,26,26,26,26,26,26,25,26,26,26,26,26,25,25,26,25,26,26,26,26,26,26,25,25,26,26,26,26,25,26,24
299,25,26,26,26,26,26,26,25,26,26,26,26,26,25,25,26,25,26,26,26,26,26,26,25,25,26,26,26,26,25,26,24
300,25,26,26,26,26,26,26,25,26,26,26,26,26,25,25,26,25,26,26,26,26,26,26,25,25,26,26,26,26,25,26,24
301,25,26,26,26,26,26,26,25,26,26,26,26,26,25,25,26,25,26,26,26,26,26,26,25,25,26,26,26,26,25,26,24
302,25,26,26,26,26,26,26,25,26,26,26,26,26,25,25,26,25,26,26,26,26,26,26,25,25,26,26,26,26,25,26,24
303,25,26,26,26,26,26,26,25,26,26,26,26,26,25,25,26,25,26,26,26,26,26,26,25,25,26,26,26,26,25,26,24
304,25,26,26,26,26,26,26,25,26,26,26,26,26,25,25,26,25,26,26,26,26,26,26,25,25,26,26,26,26,25,26,24
305,25,26,26,26,26,26,26,25,26,26,26,26,26,25,25,26,25,26,26,26,26,26,26,25,25,26,26,26,26,25,26,24
306,25,26,26,26,26,26,26,25,26,26,26,26,26,25,25,26,25,26,26,26,26,26,26,25,25,26,26,26,26,25,26,24
307,25,26,26,26,26,26,26,25,26,26,26,26,26,25,25,26,25,26,26,26,26,26,26,25,25,26,26,26,26,25,26,24
308,25,26,26,26,26,26,26,25,26,26,26,26,26,25,25,26,25,26,26,26,26,26,26,25,25,26,26,26,26,25,26,24
309,25,26,26,26,26,26,26,25,26,26,26,26,26,25,25,26,25,26,26,26,26,26,26,25,25,26,26,26,26,25,26,24
310,25,26,26,26,26,26,26,25,26,26,26,26,26,25,25,26,25,26,26,26,26,26,26,25,25,26,26,26,26,25,26,24
311,25,26,26,26,26,26,26,25,26,26,26,26,26,25,25,26,25,26,26,26,26,26,26,25,25,26,26,26,26,25,26,24
312,25,26,26,26,26,26,26,25,26,26,26,26,26,25,25,26,25,26,26,26,26,26,26,25,25,26,26,26,26,25,26,24
313,25,26,26,26,26,26,26,25,26,26,26,26,26,25,25,26,25,26,26,26,26,26,26,25,25,26,26,26,26,25,26,24
314,25,26,26,26,26,26,26,25,26,26,26,26,26,25,25,26,25,26,26,26,26,26,26,25,25,26,26,26,26,25,26,24
315,25,26,26,26,26,26,26,25,26,26,26,26,26,25,25,26,25,26,26,26,26,26,26,25,25,26,26,26,26,25,26,24
316,25,26,26,26,26,26,26,25,26,26,26,26,26,25,25,26,25,26,26,26,26,26,26,25,25,26,26,26,26,25,26,24
317,25,26,26,26,26,26,26,25,26,26,26,26,26,25,25,26,25,26,26,26,26,26,26,25,25,26,26,26,26,25,26,24
318,25,26,26,26,26,26,26,25,26,26,26,26,26,25,25,26,25,26,26,26,26,26,26,25,25,26,26,26,26,25,26,24
319,25,26,26,26,26,26,26,25,26,26,26,26,26,25,25,26,25,26,26,26,26,26,26,25,25,26,26,26,26,25,26,24
320,25,26,26,26,26,26,26,25,26,26,26,26,26,25,25,26,25,26,26,26,26,26,26,25,25,26,26,26,26,25,26,24
321,25,26,26,26,26,26,26,25,26,26,26,26,26,25,25,26,25,26,26,26,26,26,26,25,25,26,26,26,26,25,26,24
322,25,26,26,26,26,26,26,25,26,26,26,26,26,25,25,26,25,26,26,26,26,26,26,25,25,26,26,26,26,25,26,24
323,25,26,26,26,26,26,26,25,26,26,26,26,26,25,25,26,25,26,26,26,26,26,26,25,25,26,26,26,26,25,26,24
324,25,26,26,26,26,26,26,25,26,26,26,26,26,25,25,26,25,26,26,26,26,26,26,25,25,26,26,26,26,25,26,24
325,25,26,26,26,26,26,26,25,26,26,26,26,26,25,25,26,25,26,26,26,26,26,26,25,25,26,26,26,26,25,26,24
326,25,26,26,26,26,26,26,25,26,26,26,26,26,25,25,26,25,26,26,26,26,26,26,25,25,26,26,26,26,25,26,24
327,25,26,26,26,26,26,26,25,26,26,26,26,26,25,25,26,25,26,26,26,26,26,26,25,25,26,26,26,26,25,26,24
328,25,26,26,26,26,26,26,25,26,26,26,26,26,25,25,26,25,26,26,26,26,26,26,25,25,26,26,26,26,25,26,24
329,25,26,26,26,26,26,26,25,26,26,26,26,26,25,25,26,25,26,26,26,26,26,26,25,25,26,26,26,26,25,26,24
330,25,26,26,26,26,26,26,25,26,26,26,26,26,25,25,26,25,26,26,26,26,26,26,25,25,26,26,26,26,25,26,24
331,25,26,26,26,26,26,26,25,26,26,26,26,26,25,25,26,25,26,26,26,26,26,26,25,25,26,26,26,26,25,26,24
332,25,26,26,26,26,26,26,25,26,26,26,26,26,25,25,26,25,26,26,26,26,26,26,25,25,26,26,26,26,25,26,24
333,25,26,26,26,26,26,26,25,26,26,26,26,26,25,25,26,25,26,26,26,26,26,26,25,25,26,26,26,26,25,26,24
334,25,26,26,26,26,26,26,25,26,26,26,26,26,25,25,26,25,26,26,26,26,26,26,25,25,26,26,26,26,25,26,24
335,25,26,26,26,26,26,26,25,26,26,26,26,26,25,25,26,25,26,26,26,26,26,26,25,25,26,26,26,26,25,26,24
336,25,26,26,26,26,26,26,25,26,26,26,26,26,25,25,26,25,26,26,26,26,26,26,25,25,26,26,26,26,25,26,24
337,25,26,26,26,26,26,26,25,26,26,26,26,26,25,25,26,25,26,26,26,26,26,26,25,25,26,26,26,26,25,26,24
338,25,26,26,26,26,26,26,25,26,26,26,26,26,25,25,26,25,26,26,26,26,26,26,25,25,26,26,26,26,25,26,24
339,25,26,26,26,26,26,26,25,26,26,26,26,26,25,25,26,25,26,26,26,26,26,26,25,25,26,26,26,26,25,26,24
340,25,26,26,26,26,26,26,25,26,26,26,26,26,25,25,26,25,26,26,26,26,26,26,25,25,26,26,26,26,25,26,24
341,25,26,26,26,26,26,26,25,26,26,26,26,26,25,25,26,25,26,26,26,26,26,26,25,25,26,26,26,26,25,26,24
342,25,26,26,26,26,26,26,25,26,26,26,26,26,25,25,26,25,26,26,26,26,26,26,25,25,26,26,26,26,25,26,24
343,25,26,26,26,26,26,26,25,26,26,26,26,26,25,25,26,25,26,26,26,26,26,26,25,25,26,26,26,26,25,26,24
344,25,26,26,26,26,26,26,25,26,26,26,26,26,25,25,26,25,26,26,26,26,26,26,25,25,26,26,26,26,25,26,24
345,25,26,26,26,26,26,26,25,26,26,26,26,26,25,25,26,25,26,26,26,26,26,26,25,25,26,26,26,26,25,26,24
346,25,26,26,26,26,26,26,25,26,26,26,26,26,25,25,26,25,26,26,26,26,26,26,25,25,26,26,26,26,25,26,24
347,25,26,26,26,26,26,26,25,26,26,26,26,26,25,25,26,25,26,26,26,26,26,26,25,25,26,26,26,26,25,26,24
348,25,26,26,26,26,26,26,25,26,26,26,26,26,25,25,26,25,26,26,26,26,26,26,25,25,26,26,26,26,25,26,24
349,25,26,26,26,26,26,26,25,26,26,26,26,26,25,25,26,25,26,26,26,26,26,26,25,25,26,26,26,26,25,26,24
350,25,26,26,26,26,26,26,25,26,26,26,26,26,25,25,26,25,26,26,26,26,26,26,25,25,26,26,26,26,25,26,24
351,25,26,26,26,26,26,26,25,26,26,26,26,26,25,25,26,25,26,26,26,26,26,26,25,25,26,26,26,26,25,26,24
352,25,26,26,26,26,26,26,25,26,26,26,26,26,25,25,26,25,26,26,26,26,26,26,25,25,26,26,26,26,25,26,24
353,25,26,26,26,26,26,26,25,26,26,26,26,26,25,25,26,25,26,26,26,26,26,26,25,25,26,26,26,26,25,26,24
354,25,26,26,26,26,26,26,25,26,26,26,26,26,25,25,26,25,26,26,26,26,26,26,25,25,26,26,26,26,25,26,24
355,25,26,26,26,26,26,26,25,26,26,26,26,26,25,25,26,25,26,26,26,26,26,26,25,25,26,26,26,26,25,26,24
356,25,26,26,26,26,26,26,25,26,26,26,26,26,25,25,26,25,26,26,26,26,26,26,25,25,26,26,26,26,25,26,24
357,25,26,26,26,26,26,26,25,26,26,26,26,26,25,25,26,25,26,26,26,26,26,26,25,25,26,26,26,26,25,26,24
358,25,26,26,26,26,26,26,25,26,26,26,26,26,25,25,26,25,26,26,26,26,26,26,25,25,26,26,26,26,25,26,24
359,25,26,26,26,26,26,26,25,26,26,26,26,26,25,25,26,25,26,26,26,26,26,26,25,25,26,26,26,26,25,26,24
360,25,26,26,26,26,26,26,25,26,26,26,26,26,25,25,26,25,26,26,26,26,26,26,25,25,26,26,26,26,25,26,24
361,25,26,26,26,26,26,26,25,26,26,26,26,26,25,25,26,25,26,26,26,26,26,26,25,25,26,26,26,26,25,26,24
362,25,26,26,26,26,26,26,25,26,26,26,26,26,25,25,26,25,26,26,26,26,26,26,25,25,26,26,26,26,25,26,24
363,25,26,26,26,26,26,26,25,26,26,26,26,26,25,25,26,25,26,26,26,26,26,26,25,25,26,26,26,26,25,26,24
364,25,26,26,26,26,26,26,25,26,26,26,26,26,25,25,26,25,26,26,26,26,26,26,25,25,26,26,26,26,25,26,24
365,25,26,26,26,26,26,26,25,26,26,26,26,26,25,25,26,25,26,26,26,26,26,26,25,25,26,26,26,26,25,26,24
366,25,26,26,26,26,26,26,25,26,26,26,26,26,25,25,26,25,26,26,26,26,26,26,25,25,26,26,26,26,25,26,24
367,25,26,26,26,26,26,26,25,26,26,26,26,26,25,25,26,25,26,26,26,26,26,26,25,25,26,26,26,26,25,26,24
368,25,26,26,26,26,26,26,25,26,26,26,26,26,25,25,26,25,26,26,26,26,26,26,25,25,26,26,26,26,25,26,24
369,25,26,26,26,26,26,26,25,26,26,26,26,26,25,25,26,25,26,26,26,26,26,26,25,25,26,26,26,26,25,26,24
370,25,26,26,26,26,26,26,25,26,26,26,26,26,25,25,26,25,26,26,26,26,26,26,25,25,26,26,26,26,25,26,24
371,25,26,26,26,26,26,26,25,26,26,26,26,26,25,25,26,25,26,26,26,26,26,26,25,25,26,26,26,26,25,26,24
372,25,26,26,26,26,26,26,25,26,26,26,26,26,25,25,26,25,26,26,26,26,26,26,25,25,26,26,26,26,25,26,24
373,25,26,26,26,26,26,26,25,26,26,26,26,26,25,25,26,25,26,26,26,26,26,26,25,25,26,26,26,26,25,26,24
374,25,26,26,26,26,26,26,25,26,26,26,26,26,25,25,26,25,26,26,26,26,26,26,25,25,26,26,26,26,25,26,24
375,25,26,26,26,26,26,26,25,26,26,26,26,26,25,25,26,25,26,26,26,26,26,26,25,25,26,26,26,26,25,26,24
376,25,26,26,26,26,26,26,25,26,26,26,26,26,25,25,26,25,26,26,26,26,26,26,25,25,26,26,26,26,25,26,24
377,25,26,26,26,26,26,26,25,26,26,26,26,26,25,25,26,25,26,26,26,26,26,26,25,25,26,26,26,26,25,26,24
378,25,26,26,26,26,26,26,25,26,26,26,26,26,25,25,26,25,26,26,26,26,26,26,25,25,26,26,26,26,25,26,24
379,25,26,26,26,26,26,26,25,26,26,26,26,26,25,25,26,25,26,26,26,26,26,26,25,25,26,26,26,26,25,26,24
380,25,26,26,26,26,26,26,25,26,26,26,26,26,25,25,26,25,26,26,26,26,26,26,25,25,26,26,26,26,25,26,24
381,25,26,26,26,26,26,26,25,26,26,26,26,26,25,25,26,25,26,26,26,26,26,26,25,25,26,26,26,26,25,26,24
382,25,26,26,26,26,26,26,25,26,26,26,26,26,25,25,26,25,26,26,26,26,26,26,25,25,26,26,26,26,25,26,24
383,25,26,26,26,26,26,26,25,26,26,26,26,26,25,25,26,25,26,26,26,26,26,26,25,25,26,26,26,26,25,26,24
384,25,26,26,26,26,26,26,25,26,26,26,26,26,25,25,26,25,26,26,26,26,26,26,25,25,26,26,26,26,25,26,24
385,25,26,26,26,26,26,26,25,26,26,26,26,26,25,25,26,25,26,26,26,26,26,26,25,25,26,26,26,26,25,26,24
386,25,26,26,26,26,26,26,25,26,26,26,26,26,25,25,26,25,26,26,26,26,26,26,25,25,26,26,26,26,25,26,24
387,25,26,26,26,26,26,26,25,26,26,26,26,26,25,25,26,25,26,26,26,26,26,26,25,25,26,26,26,26,25,26,24
388,25,26,26,26,26,26,26,25,26,26,26,26,26,25,25,26,25,26,26,26,26,26,26,25,25,26,26,26,26,25,26,24
389,25,26,26,26,26,26,26,25,26,26,26,26,26,25,25,26,25,26,26,26,26,26,26,25,25,26,26,26,26,25,26,24
390,25,26,26,26,26,26,26,25,26,26,26,26,26,25,25,26,25,26,26,26,26,26,26,25,25,26,26,26,26,25,26,24
391,25,26,26,26,26,26,26,25,26,26,26,26,26,25,25,26,25,26,26,26,26,26,26,25,25,26,26,26,26,25,26,24
392,25,26,26,26,26,26,26,25,26,26,26,26,26,25,25,26,25,26,26,26,26,26,26,25,25,26,26,26,26,25,26,24
393,25,26,26,26,26,26,26,25,26,26,26,26,26,25,25,26,25,26,26,26,26,26,26,25,25,26,26,26,26,25,26,24
394,25,26,26,26,26,26,26,25,26,26,26,26,26,25,25,26,25,26,26,26,26,26,26,25,25,26,26,26,26,25,26,24
395,25,26,26,26,26,26,26,25,26,26,26,26,26,25,25,26,25,26,26,26,26,26,26,25,25,26,26,26,26,25,26,24
396,25,26,26,26,26,26,26,25,26,26,26,26,26,25,25,26,25,26,26,26,26,26,26,25,25,26,26,26,26,25,26,24
397,25,26,26,26,26,26,26,25,26,26,26,26,26,25,25,26,25,26,26,26,26,26,26,25,25,26,26,26,26,25,26,24
398,25,26,26,26,26,26,26,25,26,26,26,26,26,25,25,26,25,26,26,26,26,26,26,25,25,26,26,26,26,25,26,24
399,25,26,26,26,26,26,26,25,26,26,26,26,26,25,25,26,25,26,26,26,26,26,26,25,25,26,26,26,26,25,26,24
400,25,26,26,26,26,26,26,25,26,26,26,26,26,25,25,26,25,26,26,26,26,26,26,25,25,26,26,26,26,25,26,24
401,25,26,26,26,26,26,26,25,26,26,26,26,26,25,25,26,25,26,26,26,26,26,26,25,25,26,26,26,26,25,26,24
402,25,26,26,26,26,26,26,25,26,26,26,26,26,25,25,26,25,26,26,26,26,26,26,25,25,26,26,26,26,25,26,24
403,25,26,26,26,26,26,26,25,26,26,26,26,26,25,25,26,25,26,26,26,26,26,26,25,25,26,26,26,26,25,26,24
404,25,26,26,26,26,26,26,25,26,26,26,26,26,25,25,26,25,26,26,26,26,26,26,25,25,26,26,26,26,25,26,24
405,25,26,26,26,26,26,26,25,26,26,26,26,26,25,25,26,25,26,26,26,26,26,26,25,25,26,26,26,26,25,26,24
406,25,26,26,26,26,26,26,25,26,26,26,26,26,25,25,26,25,26,26,26,26,26,26,25,25,26,26,26,26,25,26,24
407,25,26,26,26,26,26,26,25,26,26,26,26,26,25,25,26,25,26,26,26,26,26,26,25,25,26,26,26,26,25,26,24
408,25,26,26,26,26,26,26,25,26,26,26,26,26,25,25,26,25,26,26,26,26,26,26,25,25,26,26,26,26,25,26,24
409,25,26,26,26,26,26,26,25,26,26,26,26,26,25,25,26,25,26,26,26,26,26,26,25,25,26,26,26,26,25,26,24
410,25,26,26,26,26,26,26,25,26,26,26,26,26,25,25,26,25,26,26,26,26,26,26,25,25,26,26,26,26,25,26,24
411,25,26,26,26,26,26,26,25,26,26,26,26,26,25,25,26,25,26,26,26,26,26,26,25,25,26,26,26,26,25,26,24
412,25,26,26,26,26,26,26,25,26,26,26,26,26,25,25,26,25,26,26,26,26,26,26,25,25,26,26,26,26,25,26,24
413,25,26,26,26,26,26,26,25,26,26,26,26,26,25,25,26,25,26,26,26,26,26,26,25,25,26,26,26,26,25,26,24
414,25,26,26,26,26,26,26,25,26,26,26,26,26,25,25,26,25,26,26,26,26,26,26,25,25,26,26,26,26,25,26,24
415,25,26,26,26,26,26,26,25,26,26,26,26,26,25,25,26,25,26,26,26,26,26,26,25,25,26,26,26,26,25,26,24
416,25,26,26,26,26,26,26,25,26,26,26,26,26,25,25,26,25,26,26,26,26,26,26,25,25,26,26,26,26,25,26,24
417,25,26,26,26,26,26,26,25,26,26,26,26,26,25,25,26,25,26,26,26,26,26,26,25,25,26,26,26,26,25,26,24
418,25,26,26,26,26,26,26,25,26,26,26,26,26,25,25,26,25,26,26,26,26,26,26,25,25,26,26,26,26,25,26,24
419,25,26,26,26,26,26,26,25,26,26,26,26,26,25,25,26,25,26,26,26,26,26,26,25,25,26,26,26,26,25,26,24
420,25,26,26,26,26,26,26,25,26,26,26,26,26,25,25,26,25,26,26,26,26,26,26,25,25,26,26,26,26,25,26,24
421,25,26,26,26,26,26,26,25,26,26,26,26,26,25,25,26,25,26,26,26,26,26,26,25,25,26,26,26,26,25,26,24
422,25,26,26,26,26,26,26,25,26,26,26,26,26,25,25,26,25,26,26,26,26,26,26,25,25,26,26,26,26,25,26,24
423,25,26,26,26,26,26,26,25,26,26,26,26,26,25,25,26,25,26,26,26,26,26,26,25,25,26,26,26,26,25,26,24
424,25,26,26,26,26,26,26,25,26,26,26,26,26,25,25,26,25,26,26,26,26,26,26,25,25,26,26,26,26,25,26,24
425,25,26,26,26,26,26,26,25,26,26,26,26,26,25,25,26,25,26,26,26,26,26,26,25,25,26,26,26,26,25,26,24
426,25,26,26,26,26,26,26,25,26,26,26,26,26,25,25,26,25,26,26,26,26,26,26,25,25,26,26,26,26,25,26,24
427,25,26,26,26,26,26,26,25,26,26,26,26,26,25,25,26,25,26,26,26,26,26,26,25,25,26,26,26,26,25,26,24
428,25,26,26,26,26,26,26,25,26,26,26,26,26,25,25,26,25,26,26,26,26,26,26,25,25,26,26,26,26,25,26,24
429,25,26,26,26,26,26,26,25,26,26,26,26,26,25,25,26,25,26,26,26,26,26,26,25,25,26,26,26,26,25,26,24
430,25,26,26,26,26,26,26,25,26,26,26,26,26,25,25,26,25,26,26,26,26,26,26,25,25,26,26,26,26,25,26,24
431,25,26,26,26,26,26,26,25,26,26,26,26,26,25,25,26,25,26,26,26,26,26,26,25,25,26,26,26,26,25,26,24
432,25,26,26,26,26,26,26,25,26,26,26,26,26,25,25,26,25,26,26,26,26,26,26,25,25,26,26,26,26,25,26,24
433,25,26,26,26,26,26,26,25,26,26,26,26,26,25,25,26,25,26,26,26,26,26,26,25,25,26,26,26,26,25,26,24
434,25,26,26,26,26,26,26,25,26,26,26,26,26,25,25,26,25,26,26,26,26,26,26,25,25,26,26,26,26,25,26,24
435,25,26,26,26,26,26,26,25,26,26,26,26,26,25,25,26,25,26,26,26,26,26,26,25,25,26,26,26,26,25,26,24
436,25,26,26,26,26,26,26,25,26,26,26,26,26,25,25,26,25,26,26,26,26,26,26,25,25,26,26,26,26,25,26,24
437,25,26,26,26,26,26,26,25,26,26,26,26,26,25,25,26,25,26,26,26,26,26,26,25,25,26,26,26,26,25,26,24
438,25,26,26,26,26,26,26,25,26,26,26,26,26,25,25,26,25,26,26,26,26,26,26,25,25,26,26,26,26,25,26,24
439,25,26,26,26,26,26,26,25,26,26,26,26,26,25,25,26,25,26,26,26,26,26,26,25,25,26,26,26,26,25,26,24
440,25,26,26,26,26,26,26,25,26,26,26,26,26,25,25,26,25,26,26,26,26,26,26,25,25,26,26,26,26,25,26,24
441,25,26,26,26,26,26,26,25,26,26,26,26,26,25,25,26,25,26,26,26,26,26,26,25,25,26,26,26,26,25,26,24
442,25,26,26,26,26,26,26,25,26,26,26,26,26,25,25,26,25,26,26,26,26,26,26,25,25,26,26,26,26,25,26,24
443,25,26,26,26,26,26,26,25,26,26,26,26,26,25,25,26,25,26,26,26,26,26,26,25,25,26,26,26,26,25,26,24
444,25,26,26,26,26,26,26,25,26,26,26,26,26,25,25,26,25,26,26,26,26,26,26,25,25,26,26,26,26,25,26,24
445,25,26,26,26,26,26,26,25,26,26,26,26,26,25,25,26,25,26,26,26,26,26,26,25,25,26,26,26,26,25,26,24
446,25,26,26,26,26,26,26,25,26,26,26,26,26,25,25,26,25,26,26,26,26,26,26,25,25,26,26,26,26,25,26,24
447,25,26,26,26,26,26,26,25,26,26,26,26,26,25,25,26,25,26,26,26,26,26,26,25,25,26,26,26,26,25,26,24
448,25,26,26,26,26,26,26,25,26,26,26,26,26,25,25,26,25,26,26,26,26,26,26,25,25,26,26,26,26,25,26,24
449,25,26,26,26,26,26,26,25,26,26,26,26,26,25,25,26,25,26,26,26,26,26,26,25,25,26,26,26,26,25,26,24
450,25,26,26,26,26,26,26,25,26,26,26,26,26,25,25,26,25,26,26,26,26,26,26,25,25,26,26,26,26,25,26,24
451,25,26,26,26,26,26,26,25,26,26,26,26,26,25,25,26,25,26,26,26,26,26,26,25,25,26,26,26,26,25,26,24
452,25,26,26,26,26,26,26,25,26,26,26,26,26,25,25,26,25,26,26,26,26,26,26,25,25,26,26,26,26,25,26,24
453,25,26,26,26,26,26,26,25,26,26,26,26,26,25,25,26,25,26,26,26,26,26,26,25,25,26,26,26,26,25,26,24
454,25,26,26,26,26,26,26,25,26,26,26,26,26,25,25,26,25,26,26,26,26,26,26,25,25,26,26,26,26,25,26,24
455,25,26,26,26,26,26,26,25,26,26,26,26,26,25,25,26,25,26,26,26,26,26,26,25,25,26,26,26,26,25,26,24
456,25,26,26,26,26,26,26,25,26,26,26,26,26,25,25,26,25,26,26,26,26,26,26,25,25,26,26,26,26,25,26,24
457,25,26,26,26,26,26,26,25,26,26,26,26,26,25,25,26,25,26,26,26,26,26,26,25,25,26,26,26,26,25,26,24
458,25,26,26,26,26,26,26,25,26,26,26,26,26,25,25,26,25,26,26,26,26,26,26,25,25,26,26,26,26,25,26,24
459,25,26,26,26,26,26,26,25,26,26,26,26,26,25,25,26,25,26,26,26,26,26,26,25,25,26,26,26,26,25,26,24
460,25,26,26,26,26,26,26,25,26,26,26,26,26,25,25,26,25,26,26,26,26,26,26,25,25,26,26,26,26,25,26,24
461,25,26,26,26,26,26,26,25,26,26,26,26,26,25,25,26,25,26,26,26,26,26,26,25,25,26,26,26,26,25,26,24
462,25,26,26,26,26,26,26,25,26,26,26,26,26,25,25,26,25,26,26,26,26,26,26,25,25,26,26,26,26,25,26,24
463,25,26,26,26,26,26,26,25,26,26,26,26,26,25,25,26,25,26,26,26,26,26,26,25,25,26,26,26,26,25,26,24
464,25,26,26,26,26,26,26,25,26,26,26,26,26,25,25,26,25,26,26,26,26,26,26,25,25,26,26,26,26,25,26,24
465,25,26,26,26,26,26,26,25,26,26,26,26,26,25,25,26,25,26,26,26,26,26,26,25,25,26,26,26,26,25,26,24
466,25,26,26,26,26,26,26,25,26,26,26,26,26,25,25,26,25,26,26,26,26,26,26,25,25,26,26,26,26,25,26,24
467,25,26,26,26,26,26,26,25,26,26,26,26,26,25,25,26,25,26,26,26,26,26,26,25,25,26,26,26,26,25,26,24
468,25,26,26,26,26,26,26,25,26,26,26,26,26,25,25,26,25,26,26,26,26,26,26,25,25,26,26,26,26,25,26,24
469,25,26,26,26,26,26,26,25,26,26,26,26,26,25,25,26,25,26,26,26,26,26,26,25,25,26,26,26,26,25,26,24
470,25,26,26,26,26,26,26,25,26,26,26,26,26,25,25,26,25,26,26,26,26,26,26,25,25,26,26,26,26,25,26,24
471,25,26,26,26,26,26,26,25,26,26,26,26,26,25,25,26,25,26,26,26,26,26,26,25,25,26,26,26,26,25,26,24
472,25,26,26,26,26,26,26,25,26,26,26,26,26,25,25,26,25,26,26,26,26,26,26,25,25,26,26,26,26,25,26,24
473,25,26,26,26,26,26,26,25,26,26,26,26,26,25,25,26,25,26,26,26,26,26,26,25,25,26,26,26,26,25,26,24
474,25,26,26,26,26,26,26,25,26,26,26,26,26,25,25,26,25,26,26,26,26,26,26,25,25,26,26,26,26,25,26,24
475,25,26,26,26,26,26,26,25,26,26,26,26,26,25,25,26,25,26,26,26,26,26,26,25,25,26,26,26,26,25,26,24
476,25,26,26,26,26,26,26,25,26,26,26,26,26,25,25,26,25,26,26,26,26,26,26,25,25,26,26,26,26,25,26,24
477,25,26,26,26,26,26,26,25,26,26,26,26,26,25,25,26,25,26,26,26,26,26,26,25,25,26,26,26,26,25,26,24
478,25,26,26,26,26,26,26,25,26,26,26,26,26,25,25,26,25,26,26,26,26,26,26,25,25,26,26,26,26,25,26,24
479,25,26,26,26,26,26,26,25,Null,Null,Null,Null,Null,Null,Null,Null,25,26,26,26,26,26,26,25,Null,Null,Null,Null,Null,Null,Null,Null
480,Null,Null,Null,Null,Null,Null,Null,Null,Null,Null,Null,Null,Null,Null,Null,Null,25,26,26,26,26,26,26,25,Null,Null,Null,Null,Null,Null,Null,Null