op_wip,ceph01_ceph-osd.0.asok.txt,ceph01_ceph-osd.1.asok.txt,ceph01_ceph-osd.2.asok.txt,ceph01_ceph-osd.3.asok.txt,ceph01_ceph-osd.4.asok.txt,ceph01_ceph-osd.5.asok.txt,ceph01_ceph-osd.6.asok.txt,ceph01_ceph-osd.7.asok.txt,ceph02_ceph-osd.10.asok.txt,ceph02_ceph-osd.11.asok.txt,ceph02_ceph-osd.12.asok.txt,ceph02_ceph-osd.13.asok.txt,ceph02_ceph-osd.14.asok.txt,ceph02_ceph-osd.15.asok.txt,ceph02_ceph-osd.8.asok.txt,ceph02_ceph-osd.9.asok.txt,ceph03_ceph-osd.16.asok.txt,ceph03_ceph-osd.17.asok.txt,ceph03_ceph-osd.18.asok.txt,ceph03_ceph-osd.19.asok.txt,ceph03_ceph-osd.20.asok.txt,ceph03_ceph-osd.21.asok.txt,ceph03_ceph-osd.22.asok.txt,ceph03_ceph-osd.23.asok.txt,ceph04_ceph-osd.24.asok.txt,ceph04_ceph-osd.25.asok.txt,ceph04_ceph-osd.26.asok.txt,ceph04_ceph-osd.27.asok.txt,ceph04_ceph-osd.28.asok.txt,ceph04_ceph-osd.29.asok.txt,ceph04_ceph-osd.30.asok.txt,ceph04_ceph-osd.31.asok.txt
0,0,0,0,0,0,0,0,0,0,2,0,0,0,0,0,0,0,0,0,1,2,0,0,2,0,0,0,1,0,1,0,0
1,102,73,168,97,92,180,127,143,101,7,58,61,150,161,8,53,261,233,45,25,36,92,81,7,195,180,38,84,129,177,116,2
2,202,243,375,441,453,627,417,440,6,14,277,96,3,77,97,42,213,65,22,34,14,27,132,104,498,535,209,703,515,285,349,121
3,392,587,1008,884,1140,1383,420,698,402,436,587,562,259,299,485,342,897,554,303,335,297,584,374,426,1476,1332,1148,1786,1457,1016,1364,1127
4,2032,2253,2439,2179,2283,2589,1341,1739,1451,1296,1540,1599,1191,1518,1432,1315,1982,1379,1582,1465,1137,1506,1225,1476,2449,2355,2080,2800,2802,2687,2892,2422
5,1869,2452,2784,2443,2148,2593,1985,2404,2113,2092,2390,2244,1164,1629,2620,2392,1929,1284,1576,1526,1193,1543,1319,1495,3031,2963,1679,2447,3578,3329,3353,3164
6,1687,2267,2969,2748,2368,2765,1966,2654,1962,1803,3294,3079,2426,3050,3406,2958,3381,2430,1881,2055,1188,1599,2106,2294,3252,3320,1466,2407,4383,4028,4123,3805
7,1600,2286,3467,3182,3114,3794,1835,2560,1733,1851,3155,2992,2856,3511,3499,2665,3895,2696,2398,2517,2231,2630,3490,3525,3374,3672,1410,2317,4223,4029,4323,3914
8,1985,2772,3874,3465,2922,3892,1546,2422,1599,1590,2953,2963,3160,4229,3752,2747,3607,2321,2504,2255,2804,3403,3552,3885,4243,4749,2532,3629,5271,5122,5291,4645
9,3145,4291,5207,4644,3176,4252,1670,2648,1745,1789,3766,3594,3771,4929,4275,3301,3961,2557,2977,3129,3294,3819,4118,4454,4992,5635,2603,3872,6353,6040,6365,5532
10,1578,2823,4161,3522,3649,4909,2411,3328,1082,1166,3223,2570,2447,3720,4910,3890,3516,1796,2108,2039,2227,2771,3435,3809,3755,4608,1757,2922,5301,4907,5563,5023
11,1172,2466,4139,3571,3618,4862,2420,3681,1712,1593,3543,3502,2742,4160,4570,3443,4125,2293,2013,1681,2373,2717,3015,3377,3518,4341,1436,2738,5115,4573,5522,4886
12,1545,2744,4511,3493,3366,4906,2208,3488,1675,1847,3331,3553,3517,4997,4093,3045,4344,2318,2950,2899,2978,3346,3520,3772,3303,4619,1121,2764,5486,4843,5435,4879
13,373,1947,3590,2934,2466,3933,1529,2847,1025,1033,2787,2589,3105,4721,3903,2566,4124,1735,2543,2545,2284,2987,3622,3941,4397,5454,1120,2783,5822,5472,5075,4554
14,497,1664,3874,3152,1318,2914,208,1815,8,10,1933,1814,2227,3856,2879,1640,3335,853,1430,1483,1504,2216,2777,3227,3586,4813,458,2286,4942,4660,5666,5240
15,895,2069,3695,2889,2190,4179,207,2101,124,18,2025,1749,2274,4066,3724,2515,3522,810,1503,1378,1568,2162,2738,3336,3304,4838,333,2205,4968,4776,5619,5248
16,502,1766,3340,2399,1585,3698,645,2685,701,582,2625,2444,1461,3426,3384,2168,2936,262,940,834,1147,1512,2277,2720,2877,4561,244,1752,4537,4163,5282,5023
17,612,2049,3636,2777,1572,3883,875,3043,550,637,2569,2417,2439,4450,3305,1878,3752,1025,1666,1311,1173,1976,2072,2472,3164,4880,806,1890,4706,4122,5763,5291
18,14,1384,3088,2059,1098,3560,303,2552,338,472,2463,2053,2464,4733,3227,1617,3512,623,1670,1215,2055,2729,3092,3596,2454,4320,3,1286,4904,4305,5126,4662
19,246,394,2686,1208,249,2445,273,1667,86,222,1299,532,1077,3558,2192,467,2196,14,305,15,1094,1797,1908,2665,2277,4304,724,1146,4174,3907,4837,4381
20,755,955,2590,1742,258,1848,257,1242,0,10,619,1,699,3100,2407,90,2118,85,45,104,686,1348,1470,2356,1653,4241,239,892,4051,3871,4837,4483
21,2,81,1766,794,544,2044,356,1052,9,7,1024,104,346,2929,2303,235,1922,80,91,69,461,1263,1242,2049,630,3551,21,131,3459,3096,4059,4100
22,539,644,1726,618,647,2111,635,986,1062,1237,729,1446,646,2318,1772,722,1301,605,692,467,624,638,525,1269,637,3428,592,636,3410,2766,3856,3929
23,767,828,1790,836,1012,2378,848,1381,1159,1642,955,1685,1957,3789,2063,919,2379,1784,2023,1833,719,904,845,1603,723,3623,905,1108,4051,3109,4167,4283
24,445,595,1392,485,528,2187,548,1005,1090,1381,499,1435,1621,3801,1821,640,2231,1190,1325,1397,1307,1256,1676,2340,690,3537,498,532,4167,3869,3767,3966
25,80,100,920,669,17,500,135,47,20,22,7,12,121,2493,257,5,972,161,227,494,468,592,724,1544,159,3304,218,239,2805,2423,3349,3441
26,845,934,890,621,177,383,240,169,78,76,94,32,61,2370,769,602,839,66,127,244,129,453,423,1309,191,3410,131,336,2739,2560,3667,3642
27,42,68,54,20,110,242,470,408,218,171,52,456,151,1460,54,66,21,60,46,43,11,46,43,351,29,2284,38,43,1641,1415,2545,2817
28,275,384,482,382,422,423,808,652,1077,1200,643,531,550,1808,523,491,867,868,686,529,511,680,554,515,103,2401,217,357,1829,1551,2817,3152
29,453,547,643,497,524,466,494,476,733,558,403,416,1183,2774,439,389,860,671,1216,1155,388,420,499,419,457,2085,441,356,2147,1944,2770,3016
30,246,695,1206,333,267,562,438,607,823,738,512,658,1365,3134,717,622,994,670,1264,1289,1381,1540,1523,1574,454,2543,139,434,1915,1897,2992,3192
31,265,208,697,924,139,267,249,110,27,141,61,17,733,2439,50,132,144,19,458,358,472,833,757,915,665,2851,488,780,1088,1226,3160,3595
32,424,566,115,243,159,142,129,184,38,49,553,154,119,1915,452,595,11,9,74,11,199,448,365,734,38,2362,54,282,512,525,2933,3048
33,137,336,288,304,681,872,670,743,685,470,441,867,424,1775,296,333,431,344,439,390,306,398,533,463,410,2080,297,306,169,259,2810,2812
34,25,360,394,199,553,937,533,693,814,1083,632,1042,414,1897,123,10,755,686,716,397,209,457,606,740,25,2072,147,312,42,170,2946,2778
35,99,228,135,150,172,323,254,259,242,370,355,329,777,2632,247,204,627,340,966,672,230,396,362,519,31,1391,35,110,711,578,2518,2207
36,170,76,750,713,41,266,109,256,219,357,247,299,276,2145,261,130,466,285,263,345,804,892,900,1157,213,1007,96,315,278,338,2138,1782
37,176,105,123,258,135,111,211,251,101,57,80,5,20,1623,55,103,89,25,81,21,400,221,435,733,650,1606,659,857,107,150,2492,2099
38,355,339,334,346,227,416,264,200,258,186,259,463,154,476,598,266,40,80,15,87,34,18,12,8,336,699,389,394,405,307,1552,1285
39,140,199,94,47,268,775,500,481,578,485,15,1,8,85,150,16,16,34,29,19,37,8,16,11,147,141,60,221,47,45,1026,697
40,1041,1300,1149,997,1060,1860,1329,1465,1833,1768,1139,1131,1052,1393,934,1070,1233,1261,1111,1588,1129,1118,1395,1153,698,1000,948,1300,821,1029,2404,1789
41,898,1068,1554,970,823,1903,1116,1348,1434,1582,876,646,2168,2584,797,783,2019,1863,1900,2405,883,759,1030,845,713,924,895,1362,1605,2064,2257,1731
42,623,763,1176,1934,627,1667,709,1153,1068,1186,753,756,1916,2483,758,790,1726,1549,1430,2015,1607,1600,1785,1421,1215,782,987,1166,1157,1737,1957,1478
43,99,64,256,842,131,664,76,142,109,138,346,244,1038,1824,61,134,744,552,536,1373,753,817,881,582,316,1196,653,1462,170,462,1934,1403
44,861,1232,709,609,614,672,613,511,564,871,537,551,756,1670,1147,1103,746,575,812,1377,809,765,822,711,532,1237,719,1634,767,711,2042,1688
45,588,883,389,430,1054,1255,1465,1294,744,1080,482,426,858,1879,1120,1011,729,385,456,1366,816,822,843,711,19,1087,506,1588,584,608,2190,1836
46,68,616,284,29,724,739,1075,1122,1245,1579,192,253,585,1736,771,537,1339,978,549,1164,322,405,480,485,26,869,47,1223,270,508,1895,1379
47,152,421,611,880,359,650,657,956,941,887,349,212,1322,2387,536,286,1252,635,1033,1735,347,350,526,391,445,464,307,882,856,1109,1600,1204
48,7,12,7,6,9,15,17,12,9,77,8,12,491,1566,19,20,205,9,11,804,477,436,340,334,65,658,394,276,4,15,638,362
49,212,60,125,90,79,97,71,46,12,10,20,475,7,5,10,11,32,12,13,12,6,11,10,8,2,0,53,66,29,10,573,554
50,602,1540,524,552,595,629,528,550,537,661,543,616,648,516,1090,537,696,495,655,437,568,627,736,498,507,730,611,599,589,475,602,433
51,662,1808,505,636,1818,1704,1472,1265,1248,1125,640,697,536,726,1268,636,925,501,688,717,733,656,782,755,598,1136,648,782,670,548,802,864
52,532,1819,1493,1052,1784,2146,1565,1526,1573,1655,1229,1138,779,1118,1507,986,1969,1428,1124,1011,878,910,1092,1030,704,1265,1090,1351,1186,941,1278,1205
53,37,1641,1060,1279,1313,1772,1276,1359,1208,1292,689,617,1463,1857,1084,422,1520,938,1563,1532,285,451,932,1023,528,862,565,854,1783,1496,1118,742
54,30,725,98,229,281,686,221,497,272,413,604,443,784,979,371,9,612,33,490,639,236,505,589,509,74,1027,399,553,943,513,301,26
55,368,1186,100,115,115,443,62,395,288,239,502,717,524,791,292,95,434,120,516,537,167,475,254,473,217,904,545,691,505,166,961,808
56,398,705,503,384,402,425,448,703,553,567,519,497,507,548,1108,989,569,437,534,520,434,615,449,479,441,652,426,367,432,442,872,659
57,128,155,424,214,411,717,394,875,859,805,163,144,99,194,345,135,199,116,175,140,196,226,115,139,201,149,156,158,149,201,117,111
58,8,16,7,671,16,16,15,190,194,45,10,4,107,123,5,15,405,293,255,234,7,8,13,5,8,17,14,11,12,19,20,16
59,11,26,20,8,8,16,17,13,11,9,13,11,16,169,8,24,3,1,51,37,298,188,574,768,61,544,29,15,13,125,19,12
60,158,66,32,31,52,51,36,33,49,23,249,622,12,14,23,47,20,18,18,15,67,40,32,136,32,45,304,292,14,7,16,8
61,597,1180,597,459,452,441,389,575,483,641,580,320,455,374,557,469,452,493,586,286,361,421,375,426,514,563,496,479,449,690,833,707
62,557,1616,749,678,676,667,884,1018,549,659,566,535,619,755,1773,1615,758,650,826,701,770,659,728,837,499,752,677,737,797,874,1431,1296
63,481,736,413,414,904,914,755,1036,820,707,58,66,26,26,1139,616,70,59,163,63,54,108,82,85,74,78,231,205,78,88,557,360
64,22,806,311,278,819,749,693,1068,755,656,54,78,782,810,995,433,769,662,799,648,9,7,10,31,671,241,7,105,321,310,869,414
65,8,19,14,11,9,9,8,267,12,11,188,10,197,319,69,14,0,4,60,39,348,459,432,171,10,277,7,14,17,11,18,15
66,576,420,162,144,156,185,165,136,165,185,113,532,185,195,199,223,222,173,194,125,165,313,132,199,179,192,1071,1129,116,103,187,194
67,970,1585,695,544,293,490,447,480,523,612,535,928,452,737,626,426,742,449,805,510,521,722,534,742,374,504,1240,1456,490,363,1575,1548
68,608,967,443,314,98,408,760,828,326,81,301,714,243,747,1661,1303,608,357,570,447,470,472,612,587,78,622,1402,1416,347,120,1655,1813
69,114,415,991,823,611,816,982,1207,665,612,47,160,80,506,1175,558,306,79,146,202,74,68,135,192,77,350,865,870,81,84,1354,1555
70,9,217,481,537,474,532,666,1096,404,335,8,5,433,959,644,14,750,353,186,177,9,8,7,4,8,757,511,577,124,210,873,1258
71,13,26,9,18,25,13,17,12,1,3,1,226,53,64,2,3,21,26,9,20,254,251,13,67,16,22,25,6,19,30,20,44
72,196,471,123,58,32,24,118,9,60,71,53,30,41,18,40,53,44,65,2,50,38,46,4,2,26,4,471,413,5,6,5,9
73,660,1065,571,638,487,580,570,558,538,503,576,522,497,685,551,352,489,261,545,519,511,676,561,517,353,515,1014,1028,355,348,1661,1485
74,1139,1411,1255,1090,1105,1025,1392,1512,1018,1006,1127,985,971,1408,2027,1757,1110,828,1345,1070,1141,1291,1266,1347,1072,1209,1522,1844,966,941,2555,2155
75,944,1367,2097,1732,1540,1652,1934,1847,1315,1032,1072,901,807,1620,1975,1717,1002,709,1131,1070,1130,1516,1321,1303,1419,1390,1501,1910,985,665,2488,2210
76,13,224,1072,599,373,485,850,1012,957,675,531,10,264,1003,838,282,672,305,776,633,9,199,14,30,177,1028,59,698,160,184,1231,1046
77,103,89,319,10,4,13,176,377,197,161,205,42,23,659,295,15,8,12,18,4,502,524,393,518,10,524,15,41,10,22,573,257
78,373,1017,445,362,237,538,372,420,455,429,286,349,205,708,374,189,356,417,577,287,526,502,437,435,308,409,723,766,238,289,479,393
79,660,1276,596,520,296,643,217,590,556,487,526,425,313,936,489,581,320,302,516,356,514,745,403,304,525,430,1346,1459,393,333,1953,1602
80,204,978,239,256,103,345,342,473,241,238,292,254,332,728,1457,1439,227,257,513,337,489,623,627,297,467,295,965,1281,324,427,2020,1823
81,328,532,620,795,690,843,415,734,580,556,377,269,302,438,590,598,594,500,503,371,474,466,517,540,401,791,401,793,437,444,1253,1208
82,73,69,49,11,53,71,48,88,53,72,27,1,397,509,78,101,62,42,256,232,18,25,11,5,114,84,42,79,404,425,44,36
83,42,100,54,35,55,55,62,78,71,65,69,70,59,104,65,48,1,0,0,4,416,278,52,54,5,84,50,69,76,63,68,66
84,1299,1375,1342,1196,1081,1409,1248,1258,1261,1399,1280,1153,1226,1540,1387,1078,1287,1222,1333,1201,1662,1813,1459,1205,1090,1389,1240,1398,1242,1204,1714,1374
85,1667,2046,1865,1589,1299,2015,1694,1651,1863,1961,1978,1533,1696,2262,1862,1584,1903,1758,2132,1647,1962,2283,1946,1814,1493,1900,2740,2845,1371,1616,2908,2463
86,1337,1646,1581,1227,1005,1651,1430,1509,1285,1513,1388,1200,1268,1871,2278,2180,1673,1401,1698,1468,1741,2160,1593,1659,1831,1870,2120,2524,1113,1252,2626,2321
87,5,14,479,610,402,1169,830,925,604,26,544,95,8,303,618,518,627,488,337,263,539,916,252,369,340,877,657,816,7,12,1272,820
88,447,523,441,204,224,487,432,416,267,481,393,438,622,727,308,506,317,237,301,358,262,248,376,295,302,345,358,378,608,687,525,453
89,19,12,27,15,23,11,23,24,5,48,11,42,6,19,13,24,1,2,3,2,37,48,553,289,10,23,8,13,36,19,18,21
90,1072,1119,1026,997,870,1223,1052,1163,1141,1165,1030,1019,905,1189,1142,773,999,942,1261,1048,1282,1728,1206,1151,1006,1091,1163,1363,1292,1097,1220,962
91,1188,1310,1260,1233,1042,1592,1302,1326,1354,1425,1385,1233,945,1431,1353,759,1376,1097,1500,1235,1592,1884,1627,1466,1312,1097,1995,2162,1184,975,2171,1939
92,425,574,608,444,250,846,620,706,550,843,629,721,302,753,1408,857,918,411,876,604,999,1323,994,786,474,1587,1222,1452,561,410,1807,1374
93,157,319,230,320,55,447,188,521,527,123,89,115,163,175,165,73,465,94,157,166,147,128,106,77,146,49,226,186,230,135,247,11
94,505,591,318,472,449,511,352,477,587,554,438,469,759,790,423,421,180,164,490,607,91,153,74,134,376,505,399,432,811,778,339,405
95,483,530,475,469,353,493,584,348,655,335,588,452,832,942,415,347,337,130,243,239,103,320,1117,1129,585,594,468,520,1025,732,545,436
96,1121,1468,1505,1064,1262,1977,1303,1310,1362,1380,1393,1262,1677,1868,1424,1337,994,685,1042,937,1891,2130,2185,1900,1336,1642,1453,1451,1687,2026,1497,1212
97,827,1259,1392,916,804,1599,1092,1212,949,954,1285,1147,1415,1750,1384,1112,1132,830,1236,1267,2052,2226,2368,2147,1383,1732,1803,1950,1326,1223,2025,1696
98,881,1145,1233,651,678,1518,796,1125,722,1299,1690,1502,991,1526,2030,1624,811,411,851,777,1705,1854,1867,1847,1118,1830,1688,1990,1163,1035,2292,1720
99,697,1408,1645,887,976,1858,450,1094,635,905,1080,754,323,966,1515,1341,1259,780,262,226,816,885,974,1039,450,1318,1039,1811,562,382,1633,1164
100,436,1072,1168,421,344,1570,361,1004,387,401,475,300,939,1830,1027,543,700,101,969,798,164,575,446,628,299,733,791,1145,930,759,1443,663
101,527,792,1047,390,630,1517,502,975,524,422,444,407,726,1816,806,380,261,50,574,592,11,173,1195,1387,664,763,612,1180,783,567,1466,652
102,610,744,1176,569,504,1639,511,1254,556,762,745,597,747,2169,987,588,654,362,1179,940,1456,1854,1899,1725,951,852,573,1226,918,901,1452,778
103,19,73,365,14,29,778,20,535,5,84,45,2,88,1441,411,409,71,25,581,272,1114,1385,1016,1201,381,969,482,1185,55,135,1522,870
104,205,372,101,223,26,287,329,363,706,678,358,548,262,445,258,208,9,15,20,18,220,279,166,422,266,241,299,710,340,232,537,358
105,599,640,821,779,1226,1065,1235,1308,392,727,524,615,444,479,602,518,390,209,94,111,103,194,132,139,363,537,491,563,339,410,491,424
106,667,587,576,533,626,633,610,725,655,557,623,397,1052,948,755,457,17,12,822,930,6,9,16,6,644,456,464,510,898,852,354,475
107,1189,1626,1287,1054,1110,1395,1181,1268,1236,1378,1121,1016,1518,1939,1511,1241,527,435,1099,1323,615,599,1307,1161,1235,1078,1250,1202,1337,1567,1362,1162
108,581,993,976,603,594,1055,900,1164,1173,1027,774,768,1333,1832,1299,709,990,858,1758,1815,1842,1735,2144,1818,1453,1754,929,1111,1302,1320,1547,987
109,532,655,431,31,9,503,206,721,609,311,132,7,747,1150,1202,798,331,20,1026,1060,1326,1418,1046,1279,627,1132,971,1492,434,642,1914,1417
110,103,554,145,116,31,121,85,332,847,709,452,588,143,601,1367,225,40,39,432,275,637,864,375,695,180,806,524,841,126,321,1385,958
111,446,538,726,576,1062,1023,740,477,536,529,476,395,333,394,792,596,208,139,11,11,10,75,11,11,396,435,434,575,407,313,615,496
112,500,505,495,514,431,618,567,379,694,558,400,634,929,1056,690,500,294,140,750,697,192,316,265,158,644,580,447,654,1339,1095,552,373
113,236,781,645,472,543,946,541,714,587,610,513,633,955,1220,549,577,690,712,1225,1158,713,656,1057,1001,1050,799,680,669,1322,1165,633,393
114,717,347,356,147,150,525,328,334,189,278,165,200,402,1001,272,199,1,9,408,363,463,448,806,1093,334,1591,527,580,1004,876,355,363
115,121,559,220,145,152,150,155,106,171,130,155,149,162,217,694,626,13,25,13,18,289,12,276,581,158,510,466,496,153,232,404,170
116,184,403,506,264,156,305,498,435,610,732,599,611,340,378,390,344,8,10,12,22,18,13,17,32,322,368,291,418,265,305,543,219
117,155,182,77,175,686,580,121,123,134,91,222,185,165,104,172,184,11,334,18,8,12,16,8,9,80,84,117,115,121,225,125,81
118,142,91,80,58,344,373,80,166,76,150,73,131,852,752,74,71,336,198,502,489,162,579,427,410,79,197,19,103,382,419,136,109
119,8,18,39,17,15,20,9,14,9,11,5,17,10,33,5,15,12,14,321,273,4,103,239,473,38,359,0,0,50,31,16,0
120,637,747,450,726,623,635,756,540,612,617,534,549,423,574,591,582,29,4,38,42,646,659,45,48,358,838,532,709,546,613,756,651
121,906,1196,996,1215,872,1163,1309,1101,990,1143,984,1120,1059,1328,1364,1221,548,450,708,599,1038,1508,652,460,540,1078,1797,2048,795,971,1880,1925
122,48,321,18,153,37,210,201,335,990,1297,620,526,119,221,712,616,555,321,580,683,932,1626,713,526,52,173,892,1123,65,108,862,962
123,21,91,473,397,422,882,798,878,693,978,735,216,152,401,608,574,669,217,14,44,95,901,19,12,78,87,490,685,68,27,502,594
124,7,1,330,282,381,679,725,1121,267,436,137,12,954,838,165,15,1283,499,727,796,584,1379,578,417,205,27,239,488,320,351,245,517
125,558,380,166,132,115,97,81,470,64,200,114,159,317,360,87,97,2,13,201,357,3,29,571,495,225,607,130,328,174,138,284,228
126,689,1512,541,347,576,588,573,935,356,325,581,543,509,695,508,444,298,184,297,287,572,909,1123,950,558,975,567,589,568,511,826,533
127,15,765,177,109,86,130,147,405,25,75,138,69,0,249,510,502,137,78,175,212,1121,710,875,612,58,194,921,842,18,88,1209,1126
128,594,767,777,512,435,788,668,434,1113,1080,775,590,617,973,730,687,25,24,12,17,162,66,46,11,612,550,595,763,524,603,921,784
129,38,69,739,776,554,951,944,851,440,473,50,247,43,287,53,54,835,928,336,452,381,475,471,456,66,63,55,181,81,72,167,184
130,10,18,480,401,133,611,578,792,10,5,13,18,735,1137,16,16,736,566,677,722,423,568,381,450,213,400,13,2,433,201,4,3
131,63,392,0,7,0,0,0,57,11,10,66,14,28,127,7,7,1,32,280,121,68,132,301,368,10,12,25,19,42,78,11,11
132,799,890,884,621,623,690,591,814,869,915,736,778,702,795,727,893,0,15,1,1,490,405,13,14,809,843,900,855,785,856,855,791
133,571,485,656,342,479,652,667,704,728,599,570,537,451,783,1014,799,575,561,688,620,1349,1334,691,695,327,430,1316,1439,449,493,2063,1745
134,398,691,519,500,589,610,539,496,1669,1573,1430,1437,298,622,915,610,578,207,453,413,1084,1224,560,736,572,528,1345,1426,542,379,2372,1737
135,41,102,524,459,630,709,1148,1145,1041,749,882,723,46,489,348,30,1223,1055,372,464,1094,1270,562,875,405,58,494,704,1,31,1710,1262
136,259,382,435,324,321,411,261,365,347,395,406,295,291,940,279,327,409,4,190,432,254,344,9,43,446,353,406,341,645,608,519,490
137,837,1591,1085,782,843,1068,931,851,1167,1060,878,825,795,1640,983,967,428,397,287,386,474,507,699,662,1033,1323,1177,1189,1328,1344,1376,1278
138,1793,2509,1883,1620,1556,1855,1550,2063,1889,1786,1406,1456,1413,2638,1892,1642,937,671,653,894,1325,1394,1847,1852,1761,1880,1977,2164,1929,2096,2483,1975
139,1260,2020,1310,1140,1063,1444,1402,1735,1476,1293,1683,1395,926,2447,2231,2009,1457,1191,1252,1554,2649,2649,2590,2608,973,1386,2398,2706,1555,1339,2895,2231
140,970,1750,1383,1031,659,1142,939,1565,2367,2470,1864,1710,605,2265,2198,1905,1355,1054,401,683,1801,2010,1652,1884,673,1145,2176,2780,1454,1210,2916,2341
141,508,277,164,240,465,979,580,1030,975,859,537,298,38,1083,740,118,1778,1453,520,686,1753,1909,1769,2148,34,503,533,1292,34,10,1413,795
142,420,841,263,289,353,944,441,808,607,723,299,91,110,1394,564,227,342,18,368,333,484,723,291,866,272,294,225,1066,956,819,1103,469
143,405,503,344,347,352,406,193,489,428,550,461,263,270,828,288,514,3,0,193,244,220,595,417,1013,510,406,385,527,570,343,936,308
144,159,174,156,105,132,355,173,426,201,226,163,210,149,951,609,624,351,227,349,436,700,727,973,1719,128,213,186,493,313,183,787,329
145,321,356,465,405,222,394,425,421,538,437,547,666,402,542,295,697,7,13,14,9,10,609,132,976,437,375,439,640,482,539,748,1033
146,270,48,553,606,16,38,55,174,288,136,810,927,130,264,169,2,607,440,10,7,9,19,10,243,613,151,170,75,135,97,245,242
147,23,174,42,143,102,207,35,210,83,17,47,40,19,252,48,134,6,70,22,24,11,8,9,11,72,63,96,50,32,54,82,27
148,316,639,443,349,409,626,596,487,574,602,452,508,315,523,344,354,87,87,554,494,67,171,31,166,463,477,440,491,503,1120,700,524
149,698,1016,738,791,925,922,737,958,905,950,840,966,641,1120,857,794,469,320,627,824,540,526,477,571,746,989,789,909,852,1259,1137,1202
150,679,1133,687,833,711,998,891,1120,1053,1043,721,974,568,1335,1323,1680,585,434,685,901,1308,1125,1403,1487,588,934,1314,1181,985,1460,1180,1522
151,323,843,338,311,285,534,284,950,661,400,484,784,438,1189,896,815,570,98,722,802,1379,1516,1284,1635,439,391,925,1649,454,824,1716,2019
152,294,200,340,333,208,296,357,273,659,305,249,371,375,369,229,268,860,655,376,362,866,1081,864,1283,373,743,272,553,272,342,736,738
153,38,171,119,103,393,464,171,441,103,50,191,50,162,414,93,147,159,122,185,108,131,327,98,359,16,22,47,47,437,419,88,205
154,651,823,831,683,709,1160,740,1266,920,1021,859,816,687,911,798,589,62,186,681,673,47,96,69,15,919,856,898,1095,1637,1401,851,941
155,915,1073,1346,744,997,1524,1031,1614,1124,1303,1227,1135,965,1563,1506,604,1033,1146,1639,1568,1039,819,1286,883,885,1034,1242,1069,1751,1745,1373,1461
156,492,571,862,424,473,1222,682,1141,464,1070,1030,541,669,1088,1115,1497,1159,951,1572,1477,1781,1714,1967,1716,395,611,1611,1729,1290,1114,697,1251
157,615,141,498,144,9,771,162,892,154,627,761,259,409,1032,678,801,1224,720,1531,1113,1892,1473,1674,1395,717,520,1253,1421,867,773,1901,1982
158,5,214,10,9,12,5,450,361,4,109,68,10,6,834,3,7,1409,900,678,440,1023,932,1065,793,20,15,13,11,10,15,447,781
159,23,32,23,19,432,530,6,61,8,9,31,22,10,32,19,24,113,59,39,12,28,107,14,8,9,6,0,0,263,412,48,23
160,827,1012,843,750,983,1055,921,829,1039,970,1064,918,806,966,846,1039,23,25,572,568,54,44,13,9,855,812,959,1052,1612,1482,1061,941
161,99,60,79,38,61,107,36,55,57,75,121,112,160,160,148,421,958,684,1320,1327,906,1005,1052,844,10,12,13,11,503,17,12,12
162,81,160,68,54,108,123,29,174,155,96,32,261,43,515,233,227,248,312,378,291,677,626,775,734,138,45,1164,1011,318,12,13,53
163,33,43,404,320,14,11,16,6,4,14,212,241,52,17,17,6,392,227,386,72,661,596,809,702,14,330,10,133,16,12,436,208
164,324,346,252,174,192,328,535,268,492,354,544,245,291,224,331,388,13,9,10,14,2,13,8,9,60,135,12,13,60,10,26,15
165,19,13,15,7,16,11,12,17,13,9,7,2,10,17,10,11,531,472,505,423,502,440,287,272,11,8,18,15,15,20,8,13
166,21,116,100,123,25,196,84,188,45,102,189,35,78,221,115,46,10,11,307,308,10,8,13,8,80,349,317,299,170,304,486,604
167,42,113,98,99,56,43,44,110,63,32,19,18,15,11,28,73,31,16,17,120,13,30,35,44,8,15,8,8,7,7,9,9
168,10,8,10,7,8,13,14,7,12,17,12,12,15,10,13,15,0,49,75,41,399,363,37,73,13,10,72,6,10,8,14,10
169,371,262,526,612,215,303,482,665,361,291,259,184,246,827,379,289,36,38,8,3,1,3,1,2,125,113,78,312,147,54,8,197
170,19,82,378,471,76,274,649,712,745,756,826,1097,38,602,159,154,431,468,566,454,369,323,280,415,178,116,463,499,312,400,184,516
171,37,17,7,12,11,14,10,5,6,9,7,9,11,13,14,10,1,9,60,25,35,117,31,21,0,0,58,74,0,0,0,0
172,1074,1245,1162,897,972,815,844,838,1003,990,1038,891,838,1206,1735,1232,16,8,20,73,26,23,27,21,1045,1064,951,1152,1471,1343,1211,1125
173,912,918,734,582,475,852,780,774,763,618,764,532,490,1231,1469,1151,1363,1279,1181,1299,1013,1170,1251,1124,1442,918,839,1000,1541,1043,1381,888
174,9,14,22,8,19,10,15,10,6,6,19,28,32,167,6,8,496,488,544,609,1284,1223,1489,1490,12,620,38,347,29,9,512,433
175,242,357,405,467,155,316,841,828,571,547,304,409,324,458,60,282,20,20,0,9,8,2,47,98,402,553,492,489,343,452,771,378
176,26,81,72,16,615,571,131,189,703,789,670,747,39,100,86,42,252,95,235,320,242,430,245,145,75,13,50,47,42,41,108,88
177,228,147,175,136,153,255,167,119,454,636,225,377,115,133,247,261,18,10,533,473,12,28,33,31,47,42,13,55,557,720,17,9
178,687,783,708,476,441,779,443,657,672,793,596,599,434,631,848,774,741,519,676,713,224,280,227,330,428,569,394,530,1050,1177,479,359
179,39,710,109,10,27,45,46,45,99,18,15,36,364,124,181,60,542,414,882,512,546,683,497,577,106,651,83,23,173,340,81,30
180,295,363,697,357,291,347,319,316,338,443,343,323,303,392,372,361,32,16,14,8,464,896,253,442,368,462,332,414,383,398,1052,906
181,259,64,745,572,313,277,1273,706,181,541,544,249,218,314,178,174,842,641,370,301,374,315,367,419,382,514,306,540,343,275,1082,895
182,873,914,1169,731,1349,1743,1347,979,1060,1660,1446,1242,670,727,774,1003,653,458,132,164,222,144,279,290,735,759,712,784,764,737,1554,950
183,973,637,1093,357,1128,1590,1259,928,1026,1410,1335,1305,651,958,648,661,1173,726,839,879,749,803,719,663,487,636,554,760,1626,1339,1323,914
184,414,375,258,9,249,677,602,171,348,905,873,584,496,463,1017,913,1025,236,1595,1642,496,657,611,632,777,309,6,249,1030,737,751,510
185,456,241,155,163,138,197,315,197,57,76,45,87,55,50,35,23,141,10,922,808,7,58,171,339,27,16,614,477,66,15,39,24
186,0,2,405,322,0,15,179,40,15,31,15,21,18,35,5,8,364,279,268,595,583,608,422,182,19,14,34,33,14,22,810,733
187,513,622,996,1046,517,701,1068,737,540,704,767,984,594,648,590,557,489,19,24,7,13,21,12,16,613,629,819,840,653,635,1010,962
188,561,719,473,671,1323,1719,730,787,1193,1591,1208,1104,511,595,596,565,916,634,543,603,577,694,628,684,627,587,690,824,634,495,748,690
189,835,920,654,601,1263,1539,531,639,1141,1514,1112,977,642,618,583,602,890,524,482,573,548,529,638,562,434,518,462,576,1557,1127,650,646
190,245,599,238,66,661,905,27,212,558,1048,408,320,646,936,889,610,780,287,1404,1077,363,446,604,467,236,653,59,42,1134,546,215,270
191,3,3,10,30,9,13,47,114,11,344,16,12,22,356,103,15,266,26,835,606,13,17,487,394,16,5,100,656,262,14,9,14
192,313,255,687,660,325,480,788,484,419,478,533,465,394,584,382,371,14,22,3,26,333,509,60,46,480,476,583,402,456,548,1276,1001
193,811,940,1964,1753,681,1004,1395,1130,739,1181,1311,1228,751,1219,986,865,626,370,469,459,503,589,542,484,723,948,1241,974,999,1068,1845,1539
194,1629,1023,2190,2175,1853,2232,1789,1392,2069,2501,1990,2002,937,1783,1267,1055,1184,840,998,971,1028,1162,1238,989,1078,1346,1615,1398,1647,1440,2332,1775
195,830,1073,1400,1393,1113,1386,982,911,1254,1635,1277,1131,488,1199,758,748,1525,1086,1349,1551,1488,1734,1705,1191,20,534,610,640,1714,1704,1335,1323
196,394,906,1050,996,670,1108,612,647,970,1288,1079,953,243,2010,692,471,737,97,1672,1811,561,984,1028,422,503,1110,772,285,1300,1655,1070,1026
197,423,614,481,523,422,463,719,627,432,485,566,473,474,1343,609,375,362,25,1165,1482,368,841,1358,597,578,531,671,1407,416,769,657,575
198,184,141,600,661,227,287,187,286,294,290,311,225,226,925,232,174,557,617,495,742,858,958,794,544,328,305,454,831,275,301,1221,1003
199,272,291,1087,1281,325,427,296,253,313,374,537,326,181,727,261,326,937,869,257,172,271,413,326,222,249,258,269,512,346,273,849,804
200,403,914,265,569,610,684,321,210,651,657,604,797,297,290,415,505,642,639,322,241,367,210,276,312,234,282,131,297,380,148,401,141
201,9,11,28,9,19,11,13,22,14,0,2,2,10,130,259,240,290,278,227,268,276,145,150,336,16,15,7,20,564,544,24,8
202,36,13,12,14,13,7,36,286,8,31,13,45,41,21,25,113,13,15,249,417,20,30,27,21,431,282,64,288,9,24,49,15
203,252,372,578,206,191,324,906,338,353,508,281,268,404,306,377,318,50,27,39,10,17,14,696,687,354,473,232,380,253,215,260,250
204,6,173,629,555,159,373,801,469,321,236,165,342,517,370,249,89,500,312,300,527,779,765,440,448,263,390,239,331,99,356,834,983
205,724,272,443,166,244,303,268,78,222,221,141,110,153,147,179,137,1099,1026,297,498,805,802,538,723,60,12,26,8,5,30,38,196
206,310,425,374,224,647,494,379,272,468,440,1057,458,481,547,250,354,327,45,55,53,41,40,11,46,82,194,183,139,104,107,126,244
207,7,11,16,12,17,13,15,30,15,12,79,5,24,128,324,89,176,127,179,116,128,149,245,264,12,11,33,5,524,558,3,12
208,196,350,182,157,240,165,619,251,153,295,301,459,218,188,224,93,13,15,517,401,10,5,11,10,190,426,186,195,178,99,173,147
209,417,656,628,527,360,485,912,575,542,685,594,671,372,714,650,471,147,152,241,187,97,243,292,291,583,832,282,532,272,406,589,511
210,388,669,661,352,100,652,918,730,825,668,799,512,538,1074,678,446,542,310,515,569,1231,1318,572,556,411,462,134,531,106,265,1261,1042
211,794,1046,944,930,237,172,167,157,38,24,396,364,253,197,159,14,1309,836,490,501,1120,1279,443,661,164,253,238,262,196,262,1222,911
212,425,483,485,359,735,716,356,429,770,722,587,538,427,979,560,409,867,312,251,225,696,1027,243,388,390,317,474,291,490,323,383,423
213,103,144,109,236,124,194,122,363,208,166,117,143,191,242,653,228,406,440,356,303,245,380,233,284,161,122,271,494,437,556,145,203
214,166,214,239,151,178,296,140,311,426,182,255,172,265,269,309,171,144,192,781,265,150,189,71,99,23,38,23,8,35,10,38,42
215,354,520,726,413,298,900,539,580,760,613,719,301,618,954,787,503,21,20,3,0,0,1,374,475,414,598,533,614,434,383,624,460
216,215,394,308,448,321,277,326,266,552,562,501,734,427,634,478,524,417,373,363,377,1374,1378,1102,1345,71,0,0,47,0,0,835,729
217,1253,1201,738,818,339,347,484,456,193,171,972,320,614,799,148,295,1029,907,31,27,656,760,508,868,292,386,306,275,284,317,1244,982
218,557,670,221,194,653,742,148,662,738,735,362,65,137,411,267,230,981,651,345,103,545,701,457,804,200,314,438,422,289,377,878,696
219,92,154,97,47,84,117,434,145,83,84,73,110,141,146,564,215,685,185,353,304,286,300,342,509,205,71,142,209,605,810,157,122
220,567,625,526,551,430,712,851,539,640,613,560,752,534,841,1315,679,42,102,615,125,27,97,85,13,1483,1481,767,786,1017,1052,776,741
221,1375,1612,1327,1087,1214,1654,1438,1290,1102,1391,1150,1297,1128,1885,1660,1041,681,551,1164,753,594,627,665,843,1945,2020,1517,1671,1446,1605,1578,1552
222,418,732,479,281,381,756,517,554,53,354,989,580,651,648,581,1,861,706,1149,892,1570,1801,1977,1997,1080,1399,554,1109,872,937,1642,1565
223,842,1268,708,610,457,873,465,494,661,624,1138,620,457,1147,557,540,1605,1432,584,751,1166,1507,1580,1460,301,561,573,401,508,392,1100,1122
224,50,47,45,46,34,178,39,4,32,9,1,1,0,5,86,214,416,50,23,43,99,300,298,197,10,4,9,51,13,6,177,240
225,19,24,14,24,30,10,25,15,57,62,52,4,46,82,109,46,127,1,306,713,4,1,22,104,26,24,2,21,451,564,0,2
226,768,846,674,782,764,869,901,1025,1068,1140,1016,937,928,1067,994,893,7,17,25,38,29,25,28,26,1694,1894,1138,1219,1177,1353,1252,1144
227,1020,1442,1284,1225,1184,1468,1322,1373,1377,1391,1266,1798,1228,1645,1222,1257,1094,984,1014,864,1000,937,900,821,1989,2512,1763,1687,1590,1795,1551,1441
228,112,560,414,463,133,760,461,759,592,727,1382,1247,1110,1863,606,321,952,677,747,1050,1669,1961,2108,2258,1120,1661,821,936,666,918,1730,1653
229,282,609,578,536,165,146,194,792,247,207,591,621,479,1155,9,39,1549,1145,302,723,1461,1665,1699,1907,411,1021,817,886,124,271,1316,1200
230,301,273,311,197,209,783,370,223,184,124,242,92,100,102,268,760,1153,664,11,182,951,1379,1162,1693,349,394,326,393,295,295,306,267
231,39,10,97,8,73,483,70,66,26,20,8,7,8,16,28,46,15,26,372,35,12,57,47,326,272,243,74,12,763,788,0,43
232,693,787,650,745,739,915,770,827,674,490,703,490,699,846,565,454,373,290,488,260,297,466,403,410,1521,973,930,1075,1033,1099,1079,1087
233,18,7,25,3,16,23,7,15,91,153,609,351,175,197,130,220,743,790,810,885,720,698,728,911,16,9,9,26,7,11,9,86
234,26,11,15,10,24,6,12,137,47,50,38,54,17,57,47,57,22,0,4,43,201,234,1231,1163,15,23,53,214,0,0,285,246
235,84,58,58,148,117,151,333,94,406,35,10,2,2,3,58,136,562,545,16,9,15,9,230,122,88,17,97,108,30,99,129,165
236,379,366,394,367,137,214,166,281,718,533,559,581,635,512,450,812,17,86,170,192,0,95,29,44,182,333,210,257,145,192,267,147
237,798,1028,1120,917,641,1000,812,865,1023,877,940,1066,957,1288,959,964,168,117,260,315,139,186,400,288,950,927,693,871,1410,1301,1031,790
238,234,554,567,439,155,460,379,549,115,30,173,545,13,408,219,9,1170,777,1014,1191,978,1028,955,1236,1043,1400,254,510,1289,833,717,527
239,8,61,161,7,12,11,43,13,116,178,234,141,152,591,44,240,872,670,970,1407,916,1222,1099,1264,182,44,14,16,34,11,142,12
240,329,319,359,365,262,237,250,284,32,7,11,8,11,77,257,28,3,8,6,0,554,240,11,682,238,460,291,255,239,327,866,747
241,228,173,406,195,461,563,377,78,773,1196,541,646,627,700,636,949,455,70,53,116,16,49,16,13,94,13,67,47,54,60,51,13
242,750,1445,1131,1222,1085,1084,1159,884,1690,1891,1282,1335,1834,1952,1906,1909,16,15,202,18,7,19,14,8,517,699,609,976,571,537,814,664
243,1749,2191,2331,2098,2070,2372,2315,1837,1597,1975,1287,1571,1666,1779,1723,1741,531,521,540,470,457,557,554,474,1448,2008,1774,2072,2023,2105,2188,1606
244,1010,1668,1628,1500,1284,1775,1544,1223,1075,1340,1783,1440,1674,1852,1237,1205,2066,1830,1975,1997,1840,1917,1997,1935,1808,2591,910,1321,1998,1981,1313,1063
245,612,1337,1418,1276,731,1399,1263,1652,557,747,1306,908,1056,1680,850,814,1329,1230,1386,1235,1014,1432,1606,1756,1585,2380,1103,1168,1617,1679,938,746
246,84,610,482,321,55,751,954,975,8,400,815,590,693,1266,1301,764,964,422,706,731,1324,1719,1662,1911,702,1352,255,494,733,941,1198,663
247,244,650,30,25,385,394,21,33,1429,1296,767,736,703,666,888,764,1296,425,585,851,581,858,786,924,15,233,17,23,27,17,81,15
248,1436,2258,1321,1230,1688,1997,1403,1378,2637,2703,1480,1779,1935,1510,1990,2020,64,9,10,18,13,24,24,20,1240,1661,1465,1574,1541,1221,1494,1378
249,1640,2593,1656,1842,2238,2588,1905,2206,1986,1829,2139,1805,2091,1439,1510,1221,1258,1386,1600,1411,1477,1313,1591,1330,1727,2200,1983,2185,2139,1848,2148,1963
250,589,1323,815,792,1138,1529,636,1474,1360,856,1158,992,1405,1583,452,222,1931,1617,2242,2027,1867,1839,2127,1874,1630,1989,950,1048,2112,1795,938,847
251,338,911,404,342,483,997,402,1196,1269,1004,1022,914,1226,1746,928,304,712,324,1141,893,673,926,1742,1422,1029,1583,794,1885,1540,1158,446,426
252,249,225,188,268,214,403,383,689,581,171,371,104,202,1123,281,636,668,543,465,595,1112,1583,1461,1023,202,859,195,1353,1222,533,1388,1107
253,471,662,276,440,7,56,32,140,1107,892,355,471,373,475,473,376,611,613,932,1016,396,639,926,442,16,155,21,928,546,82,808,749
254,504,770,629,483,917,1383,574,630,1154,922,507,935,420,750,606,744,121,18,345,405,15,283,400,95,545,724,590,871,761,456,948,748
255,41,445,289,276,467,1056,574,593,60,34,617,230,221,506,13,35,420,534,469,487,376,533,524,470,6,311,5,419,358,402,560,643
256,13,10,20,43,10,68,6,230,29,24,8,9,11,268,12,81,107,15,318,199,246,357,237,256,502,507,388,295,183,73,31,4
257,457,581,338,289,430,536,648,594,14,11,15,11,10,5,7,726,0,1,35,0,2,82,446,455,225,395,429,452,337,352,509,407
258,16,16,180,258,76,29,106,67,266,465,219,510,217,476,362,483,520,553,596,445,1096,429,776,715,36,36,38,41,38,27,554,438
259,375,780,480,84,7,64,52,58,504,548,32,20,50,43,51,9,53,80,460,482,85,52,104,93,6,0,0,0,1,0,72,64
260,409,613,614,334,992,1070,395,437,861,1024,851,865,710,649,491,288,51,16,20,6,34,8,49,10,508,674,481,530,615,416,609,682
261,179,40,330,33,413,788,38,480,532,624,1065,472,463,1320,253,159,467,515,413,428,374,411,608,493,212,64,30,15,517,345,8,10
262,77,22,112,156,146,402,327,393,6,23,330,24,15,248,31,18,17,8,135,177,116,226,302,205,979,25,405,583,12,56,138,152
263,624,805,672,559,481,588,542,681,74,32,99,13,101,181,119,379,100,41,238,201,162,181,318,209,617,704,672,644,478,532,655,740
264,105,37,318,364,47,17,17,15,484,436,511,540,422,506,508,359,629,721,583,634,1191,1109,1025,936,145,118,221,173,212,322,392,536
265,708,780,83,89,46,78,21,63,678,604,154,341,206,253,139,148,31,373,422,609,27,27,18,10,19,13,79,73,76,61,109,141
266,7,45,8,16,311,196,45,133,67,138,208,94,244,504,140,53,9,49,186,478,17,6,10,26,46,85,88,37,102,22,46,37
267,19,10,7,5,11,20,8,12,11,22,12,26,24,9,18,47,11,13,67,8,51,19,12,19,194,105,10,21,536,571,22,13
268,453,630,525,407,627,628,576,421,210,256,116,259,107,243,722,1019,18,7,9,14,13,12,14,28,621,635,1082,978,457,568,680,723
269,16,18,11,12,11,18,24,43,447,461,594,433,509,565,685,1124,716,457,700,644,575,476,548,650,177,279,596,609,42,82,106,232
270,126,97,662,682,65,26,43,89,203,349,312,264,257,251,317,377,486,393,6,77,766,789,649,684,110,76,301,394,119,76,696,848
271,681,833,215,148,218,132,81,69,158,94,55,422,208,3,13,5,655,599,762,973,640,658,346,587,102,54,133,176,113,92,257,264
272,123,97,171,149,63,305,123,98,272,412,218,243,366,820,324,237,179,55,188,577,86,172,66,137,186,380,190,214,163,161,212,130
273,330,427,451,413,380,534,605,403,136,326,76,129,343,777,708,766,15,85,8,20,3,12,14,20,1071,551,306,301,505,589,326,311
274,627,622,548,545,617,556,641,512,212,452,610,387,419,1288,871,1354,413,330,286,392,264,418,432,278,1239,831,1325,1288,1262,1533,912,679
275,424,462,261,408,378,563,336,399,781,791,861,696,680,1808,1118,1634,625,408,661,635,426,524,593,542,878,717,1030,1195,1097,1255,609,589
276,390,391,905,1163,358,394,331,454,509,633,663,828,476,1449,699,1398,512,342,423,381,1153,1201,1030,1331,691,384,704,954,800,905,1413,1421
277,645,989,48,129,23,10,22,405,246,299,172,4,36,363,5,1,495,411,832,1100,627,650,440,688,15,9,12,81,26,26,539,569
278,279,680,390,376,742,802,824,478,1123,1629,647,681,700,871,816,639,383,12,688,775,381,526,312,509,800,596,517,260,230,227,186,385
279,294,899,666,521,1035,1028,1171,855,1140,1626,635,847,602,951,1327,1661,334,304,382,352,327,345,489,395,923,728,481,326,841,1118,575,560
280,806,1122,947,878,1321,1483,1562,1418,1507,2097,1138,1191,1095,1605,1658,1958,768,600,702,666,650,873,1043,869,1550,1436,2013,1886,1433,1908,1424,1225
281,351,798,802,563,949,978,1404,1218,1360,2042,1197,1286,1038,1721,1612,1653,1240,897,1170,966,1158,1375,1330,1063,899,1033,1598,1817,1183,1462,809,1040
282,10,6,998,726,14,9,303,586,83,591,643,477,389,716,330,281,534,491,579,210,1578,1745,1733,1608,10,11,302,468,20,452,1391,1497
283,456,631,242,204,45,79,72,718,555,1067,14,26,12,599,14,34,343,48,858,456,926,1160,1207,1068,104,545,91,57,73,84,967,1104
284,541,630,631,679,698,789,420,544,986,1520,404,364,260,1138,824,568,124,11,258,38,353,403,467,361,1265,769,646,840,668,530,602,700
285,89,219,191,119,214,313,306,489,753,1343,307,642,217,1177,590,1818,427,462,516,413,375,440,533,373,410,330,353,254,763,577,66,389
286,1160,1266,999,926,1111,1447,1333,1542,1487,2013,1059,925,1343,1559,1252,2084,332,37,174,165,274,535,291,244,1319,1324,2089,2141,2167,1546,1485,1349
287,182,341,236,318,371,646,513,1103,962,1492,654,1004,1243,1292,762,1527,1039,916,1035,983,979,1395,941,835,558,698,1291,1540,1418,629,863,657
288,11,9,214,105,21,19,90,965,85,24,14,73,127,1129,41,86,889,601,371,321,1120,1816,1312,1425,13,17,12,562,314,13,797,328
289,625,723,259,145,122,231,621,439,122,171,6,14,16,580,4,12,680,161,289,245,783,1107,307,607,462,653,268,365,113,278,614,349
290,697,688,719,551,982,1318,692,591,1219,1548,703,991,799,1240,915,1096,429,380,436,439,631,695,393,457,545,668,508,754,676,637,865,810
291,1343,1624,1532,1200,1739,2019,1472,1468,1854,1955,1194,1674,1007,1783,1372,1540,412,322,531,364,245,335,436,420,1110,1398,1440,1462,1677,1476,1991,1782
292,1153,1638,1753,1081,1747,2255,1549,1623,2237,2190,1498,1563,958,2293,1857,1250,1322,1363,1440,1141,1331,1309,1357,1136,1014,1629,2511,2533,2502,2448,2104,1661
293,6,19,139,159,5,200,11,448,397,256,871,499,127,538,187,20,1694,1590,1657,1262,1244,1570,1409,1463,11,18,452,536,820,545,22,12
294,28,49,9,9,16,22,410,8,22,41,23,0,15,25,63,80,192,232,319,0,2,261,1334,1605,6,246,6,6,24,5,122,159
295,534,629,328,328,395,395,393,362,328,281,185,225,144,52,686,172,103,28,456,459,127,89,66,212,876,356,310,322,345,335,398,726
296,533,710,663,585,1186,729,628,649,1363,774,653,501,692,584,772,663,453,498,414,379,332,417,458,444,588,545,656,787,542,614,671,641
297,1272,1247,1469,1267,1877,1516,1299,1621,2154,2027,1438,1384,1409,1766,1800,1680,550,602,534,782,507,538,452,492,1107,1259,1232,1686,1499,1536,1762,1586
298,1520,1757,1556,1101,2161,1952,1481,2084,2607,2169,2036,1977,2019,2353,2024,2007,1235,1394,1281,1511,1407,1443,1256,1150,1165,1457,2510,3068,2098,2112,2182,1698
299,537,842,1864,977,860,1043,471,1379,1175,461,1530,447,747,1672,690,327,1514,1368,1656,1838,1700,1715,1836,1653,26,830,1260,2036,1273,1465,1148,1060
300,298,329,469,11,12,11,10,307,130,31,443,47,46,529,374,66,992,864,974,1371,1523,1214,2309,2057,132,5,81,691,17,252,743,647
301,318,397,136,243,534,683,243,360,18,12,56,20,3,188,143,358,911,506,767,745,416,1006,820,612,160,300,246,375,252,283,1031,965
302,673,736,821,609,928,1370,675,744,1478,1521,819,655,664,1034,918,844,550,334,613,675,552,864,654,579,682,763,765,700,722,781,970,877
303,1185,1469,1580,1390,1499,2255,1439,1600,1843,2103,1346,1398,1258,1562,1540,1323,693,579,396,485,498,500,794,578,1112,1536,1341,1515,1615,1608,1711,1573
304,32,284,444,657,227,886,419,1410,797,649,1143,1189,1087,800,280,7,1483,1192,1365,1234,1210,1324,1469,1191,95,387,1184,1325,1297,1359,420,529
305,129,206,677,241,113,197,300,312,10,11,77,71,49,197,338,12,545,167,384,257,335,698,605,421,177,201,185,252,222,196,225,233
306,296,312,10,11,14,8,22,3,14,17,25,14,7,3,270,94,170,54,182,40,134,722,139,93,20,9,10,7,13,14,15,9
307,660,777,586,579,725,829,563,574,528,506,575,445,655,520,595,731,62,265,831,772,131,142,212,200,583,709,559,693,648,503,1122,1037
308,442,609,396,311,846,949,222,318,1783,1894,691,313,665,481,644,667,655,615,771,647,642,675,736,603,139,532,281,402,329,102,803,843
309,773,971,760,615,1074,1331,560,1583,1512,1628,884,969,1279,610,569,312,440,279,656,453,455,479,495,521,136,908,600,1028,1131,794,1401,1361
310,7,274,643,520,304,547,486,926,1033,1008,388,359,734,521,12,12,1022,812,1297,1163,904,1118,889,1037,8,759,632,1182,1283,797,472,506
311,73,40,32,8,18,25,22,21,63,29,51,13,63,57,68,66,160,183,369,343,641,282,175,409,201,63,89,90,98,18,33,155
312,179,84,65,75,21,8,122,7,37,39,15,19,22,9,185,618,277,255,171,160,88,162,649,231,4,79,131,148,82,15,187,280
313,829,871,531,543,868,879,483,442,794,623,395,684,785,711,782,715,668,303,861,871,194,308,254,327,532,643,607,705,461,494,1277,1207
314,1403,1729,1406,1201,1933,2192,1185,1376,1767,2144,1082,1039,1091,1903,1313,1561,677,554,568,652,510,573,570,656,1298,1527,1409,1563,1231,1208,2423,2122
315,666,980,748,1106,1042,1324,1067,1339,1070,1217,1627,1168,1090,1798,620,546,1461,1368,1513,1691,1521,1581,1342,1593,475,1082,694,958,712,495,1871,1602
316,241,296,726,309,219,198,201,301,166,225,231,212,170,915,228,66,1057,593,793,1176,914,863,712,1047,650,344,886,791,282,345,327,275
317,588,604,1350,584,731,870,590,629,659,693,549,719,462,1560,1282,665,248,285,181,208,315,523,159,300,1108,952,1351,1567,856,888,991,864
318,584,552,866,388,293,375,361,330,463,397,320,450,197,1167,790,1242,898,933,760,736,792,1047,1715,1518,649,631,805,1233,331,411,566,405
319,13,384,24,0,565,591,9,0,214,112,194,137,169,148,127,145,1095,822,1345,1238,312,585,1141,1207,17,24,13,89,50,8,887,717
320,601,1077,1007,682,1500,1664,768,1141,1502,1550,648,553,1155,857,543,380,143,22,25,8,41,23,26,100,861,883,955,908,884,685,1752,1645
321,15,14,44,22,9,15,11,22,22,16,244,151,33,255,15,148,904,726,661,807,651,824,798,1032,10,15,7,13,22,389,12,4
322,405,444,492,489,330,435,456,502,502,479,719,457,362,676,466,519,14,1,4,7,60,129,6,5,530,567,1445,1398,485,434,579,431
323,277,531,551,430,309,365,474,495,249,468,390,12,289,507,744,1214,422,424,353,334,369,865,582,447,511,633,1307,1456,717,340,745,310
324,49,748,3,55,54,33,38,20,9,13,17,8,10,137,45,524,978,1022,236,301,290,913,1488,1282,12,85,503,604,31,10,18,11
325,0,404,104,21,439,293,183,414,78,102,792,63,127,85,71,198,747,663,258,311,64,208,381,562,77,129,109,293,194,109,1065,1083
326,12,13,21,3,228,370,386,255,190,103,38,4,10,242,10,39,468,352,188,183,211,287,302,393,19,479,12,13,12,10,537,625
327,66,140,46,33,8,33,11,5,256,329,309,1024,225,151,264,205,14,18,10,16,111,5,7,10,6,33,60,156,54,37,17,15
328,329,271,235,344,288,450,265,367,257,261,245,995,211,288,558,260,12,47,38,18,14,13,41,10,343,690,1430,1508,333,349,338,371
329,912,918,751,601,600,776,625,684,932,915,795,1468,702,859,1502,1085,239,139,297,343,357,336,369,435,704,1123,1849,1882,817,739,1026,749
330,193,1251,240,83,109,59,246,90,452,207,289,700,54,556,899,162,954,1087,664,513,631,775,1451,1437,72,552,1020,1456,320,259,437,317
331,51,775,18,3,82,190,211,583,135,13,135,476,382,457,722,17,426,515,1195,926,45,199,577,647,54,488,253,900,404,53,1360,1099
332,18,9,3,9,5,9,11,12,4,0,70,2,72,64,0,0,120,120,846,566,127,121,349,497,4,11,15,7,11,10,9,12
333,712,788,1289,931,807,738,532,686,892,911,701,1059,829,1273,856,781,10,7,9,12,6,16,13,13,703,804,707,807,697,774,784,746
334,1000,1181,1360,1097,809,1060,735,1003,982,1168,834,1282,888,1196,1630,1276,1116,1101,587,736,1079,608,627,754,651,754,2115,2309,624,655,1175,1050
335,1316,1761,1268,667,466,721,410,727,897,1015,638,1128,685,1115,1741,1435,826,947,993,877,940,1113,1187,1229,353,835,1953,2184,463,563,1081,1042
336,1385,1963,1602,953,424,859,563,1352,1265,1161,907,1270,1083,1524,1770,1414,751,787,718,626,322,810,2077,2158,463,982,2133,2255,495,763,1498,1435
337,3,90,4,6,143,179,33,9,13,11,16,12,17,15,20,13,1140,991,1845,1810,452,795,2153,2324,198,11,16,155,14,198,905,673
338,24,15,54,60,16,11,17,7,79,30,35,42,35,57,132,30,5,12,38,3,29,232,259,424,23,13,27,29,1,0,85,104
339,9,11,279,263,9,92,53,119,9,7,7,13,7,15,7,16,18,12,14,8,8,10,9,8,16,13,18,13,9,13,12,14
340,15,10,5,11,5,12,8,15,49,30,22,37,37,68,314,181,84,89,6,123,7,22,68,46,27,23,16,37,31,61,50,45
341,4,3,7,9,37,40,7,5,16,11,8,9,12,12,4,9,2,0,66,64,1,0,3,0,15,16,9,11,9,10,9,9
342,137,112,157,87,145,14,239,153,100,203,87,91,187,243,13,19,366,369,7,9,15,16,7,11,28,71,254,146,264,270,116,186
343,123,89,51,114,471,360,27,107,111,122,184,493,19,185,98,95,147,172,142,173,150,162,134,150,56,37,122,56,50,77,145,209
344,11,10,11,12,13,10,8,10,10,21,16,8,17,20,23,7,146,79,127,125,132,109,168,107,16,10,10,12,12,9,14,22
345,605,374,446,207,456,278,330,314,428,417,570,344,393,423,538,389,6,8,7,6,4,6,25,41,401,496,382,563,397,400,561,432
346,297,356,415,254,182,270,356,305,592,459,354,411,490,528,503,408,385,466,264,302,256,307,246,211,525,499,509,543,454,359,599,391
347,9,7,19,10,10,8,10,12,10,7,9,6,14,23,9,10,385,388,252,211,288,397,489,239,25,38,14,35,38,29,26,15
348,33,16,15,16,9,15,26,16,222,248,601,245,239,355,172,152,123,274,58,72,7,5,4,9,384,357,166,374,299,1007,235,358
349,232,378,470,325,806,939,362,441,663,543,323,438,87,117,101,95,11,17,7,11,19,15,15,18,91,190,217,389,309,688,507,409
350,485,342,416,506,278,270,284,341,563,572,420,364,400,348,479,547,236,259,430,281,235,277,414,233,369,653,626,410,412,349,624,575
351,23,73,31,10,31,29,51,40,11,17,33,9,25,10,13,143,279,194,197,257,160,260,203,253,34,24,538,19,8,11,36,25
352,484,419,409,452,344,441,392,548,253,299,305,407,726,525,506,313,13,32,18,25,31,10,43,11,273,784,474,346,311,285,422,404
353,2,7,9,4,7,2,411,40,20,12,17,17,16,15,11,9,502,491,549,536,459,455,643,521,7,10,23,25,124,234,5,11
354,108,101,73,82,72,150,36,26,157,134,198,541,168,248,211,77,12,14,12,36,20,16,9,22,327,308,213,425,259,168,358,147
355,41,6,140,83,60,32,67,74,582,524,241,311,162,258,261,282,98,57,132,1,47,79,37,5,298,208,214,280,195,165,319,329
356,200,248,61,122,39,73,45,81,13,27,12,12,21,88,7,11,57,68,12,19,26,35,91,49,11,15,14,15,5,11,9,9
357,79,149,81,35,98,189,55,164,94,179,208,184,426,198,250,227,52,69,82,71,78,57,120,72,75,256,269,300,73,148,242,273
358,8,25,16,8,8,35,39,95,11,9,23,24,12,27,10,12,73,193,121,125,110,84,532,140,155,12,7,10,58,10,14,7
359,12,15,15,14,6,20,11,13,219,214,270,505,114,213,240,159,35,7,25,32,23,69,155,25,308,387,213,138,133,308,315,287
360,409,671,636,519,576,997,520,790,292,398,281,743,95,450,54,215,4,2,7,8,40,36,7,3,2,335,261,160,1,184,551,615
361,310,112,68,44,54,52,73,47,75,77,82,60,51,171,84,115,549,479,538,724,997,1092,733,705,80,41,145,226,46,105,185,126
362,2,12,43,49,0,2,3,8,32,32,12,20,23,37,51,70,6,13,60,81,51,27,25,97,9,22,10,26,20,15,16,9
363,30,9,54,40,10,6,35,8,412,217,430,439,442,569,495,350,7,15,12,10,9,8,7,12,457,716,420,524,546,504,548,562
364,11,11,11,13,10,16,10,12,11,67,419,142,305,84,68,90,12,36,9,9,13,11,180,9,73,88,19,17,47,45,24,88
365,29,10,8,23,8,18,20,19,194,158,264,317,70,243,248,202,14,247,19,86,3,13,7,11,188,198,247,316,200,151,255,159
366,431,472,696,871,1001,939,419,450,692,673,654,659,417,876,793,434,0,26,25,0,387,350,4,0,362,631,523,715,533,291,879,720
367,821,367,291,553,565,665,250,319,552,569,64,42,37,289,160,783,605,651,558,583,1152,1102,434,632,94,183,417,611,8,49,365,65
368,330,74,126,213,234,334,90,363,13,84,7,51,46,55,31,90,279,242,203,221,862,634,245,589,96,307,96,91,16,73,152,69
369,7,10,16,9,11,6,129,9,9,12,7,13,14,274,8,14,51,38,94,90,414,293,751,314,10,10,14,8,369,393,62,20
370,12,18,12,22,6,6,14,14,451,524,690,997,443,520,512,616,13,16,17,8,12,6,20,12,487,572,529,592,512,492,623,399
371,12,140,289,82,196,105,176,151,171,195,139,432,190,270,146,277,12,6,36,163,23,13,20,16,146,214,191,228,254,254,193,307
372,263,303,394,824,846,750,232,268,471,864,12,152,18,7,82,66,31,13,16,23,893,776,7,15,91,127,191,266,141,38,88,162
373,31,84,33,132,11,139,72,406,432,884,156,121,139,352,183,649,432,531,412,602,1082,1358,466,717,236,409,419,289,212,170,225,122
374,115,201,175,164,147,260,222,816,368,581,6,2,48,490,45,322,90,64,129,70,469,734,184,246,526,634,125,132,107,102,744,479
375,8,18,13,15,9,15,13,7,108,167,251,423,208,194,54,56,438,310,327,346,665,959,866,450,14,6,6,1,3,11,51,27
376,554,322,852,363,313,306,273,326,864,939,881,1528,900,1192,1012,769,21,274,19,188,6,14,2,7,797,793,888,912,897,824,1170,961
377,234,305,1262,763,332,782,366,412,301,321,392,885,333,623,1015,317,394,300,397,335,632,277,317,427,358,496,500,1057,557,411,752,612
378,241,381,663,214,665,1220,20,5,328,68,6,0,1,2,1,162,136,223,363,274,1305,1077,439,774,9,44,98,87,76,85,93,83
379,367,322,413,309,287,245,396,680,793,372,402,298,193,390,425,293,7,8,50,21,1028,874,41,580,641,634,340,409,269,341,232,431
380,11,38,129,37,34,117,707,471,10,13,13,16,179,29,11,10,358,331,340,267,316,333,769,409,9,19,15,20,285,224,471,7
381,190,185,274,190,261,293,307,237,161,349,545,975,189,242,226,334,770,104,397,102,107,120,408,141,148,204,62,118,535,690,410,337
382,199,346,754,670,216,493,359,521,209,423,605,757,143,573,1131,188,308,271,291,401,402,457,470,493,8,200,15,242,617,576,281,268
383,5,256,184,288,437,575,125,65,168,328,284,253,140,475,903,373,410,404,438,488,457,502,378,507,24,143,623,536,119,184,175,113
384,160,200,1,2,20,27,11,3,647,458,389,281,300,369,319,258,183,81,242,133,765,923,267,227,735,1031,493,459,445,469,513,476
385,751,668,522,407,301,532,790,494,932,676,655,621,498,1329,800,521,13,12,18,11,5,13,137,21,919,938,348,558,562,354,599,681
386,184,15,9,15,6,6,485,192,7,8,46,110,46,224,3,2,935,323,893,313,186,349,443,442,16,12,7,12,149,133,7,20
387,715,711,879,578,622,706,575,656,838,951,767,1239,657,818,854,639,432,511,139,29,26,21,11,8,408,666,647,670,650,734,810,621
388,366,573,555,684,407,545,258,633,870,1086,715,1055,540,1107,1904,698,526,568,593,609,618,701,499,598,326,687,928,1465,882,889,978,695
389,2,30,37,16,103,131,23,84,341,81,1,0,0,0,24,3,321,347,438,446,394,629,277,1207,62,35,23,36,11,44,27,10
390,306,479,2,2,21,16,7,30,213,139,127,80,140,232,169,203,9,10,20,8,24,1499,13,8,517,222,140,160,92,167,209,152
391,56,191,10,106,84,146,283,114,246,225,225,183,891,417,226,247,17,18,14,20,17,203,24,20,191,251,262,189,208,181,371,223
392,16,48,564,45,8,137,16,200,34,9,347,377,285,91,50,75,243,48,384,414,70,27,118,143,5,2,5,4,330,530,510,293
393,246,190,255,566,92,271,202,241,216,194,139,253,380,154,583,200,155,449,47,265,93,96,185,184,542,602,570,619,519,437,519,521
394,33,303,263,515,197,408,319,357,8,8,13,16,13,12,9,638,320,201,288,174,256,216,239,573,30,8,23,20,12,6,7,7
395,308,298,355,288,561,780,346,307,685,864,100,6,98,11,66,66,31,147,214,119,637,299,177,552,588,1038,451,468,461,389,655,473
396,512,607,128,93,114,111,413,82,257,457,39,24,71,550,9,30,316,269,248,219,309,585,787,370,402,200,13,32,40,7,36,12
397,279,383,335,333,232,153,240,226,576,445,875,793,748,505,428,306,377,142,409,82,99,116,81,106,424,645,481,684,393,324,740,490
398,429,514,1190,501,275,516,319,623,385,363,698,657,716,438,264,87,376,209,290,328,163,305,283,177,401,501,460,498,1235,1305,1446,1183
399,378,601,1469,991,214,566,366,726,439,511,730,843,869,748,804,684,541,417,500,415,341,476,575,655,19,0,702,534,737,786,894,1061
400,20,18,291,34,121,137,64,148,45,30,35,22,29,11,24,7,671,502,834,572,353,772,768,1162,468,444,522,498,456,468,654,824
401,239,351,245,149,929,901,304,276,605,484,13,11,8,11,16,23,2,6,2,29,16,571,361,68,778,14,33,30,37,18,17,9
402,520,535,260,232,188,282,277,260,39,84,160,109,564,476,69,48,599,276,215,191,171,448,808,201,256,342,272,364,297,480,216,418
403,623,960,1023,409,193,731,252,607,190,746,1370,1309,1346,1108,678,334,297,529,334,851,197,241,187,246,294,342,347,612,467,471,601,555
404,25,329,615,469,49,108,19,154,26,117,1127,997,719,305,462,64,599,727,589,986,433,416,467,584,305,458,387,447,1000,989,958,1007
405,173,358,453,347,201,318,274,794,296,82,1296,1339,1026,489,836,630,18,10,148,403,59,53,135,950,558,922,1264,1450,1324,1369,1334,1267
406,530,837,943,764,854,1106,968,1355,267,473,1520,1601,1380,765,1095,808,344,281,226,301,583,198,356,944,9,1049,644,1167,961,843,1191,1003
407,74,103,52,58,82,186,142,284,361,327,358,397,142,364,85,61,826,698,696,933,1134,1106,1371,1405,373,447,5,217,202,11,397,274
408,456,1285,483,430,608,386,577,378,441,623,607,533,836,769,548,524,267,141,156,110,136,103,279,360,250,444,381,488,324,371,551,242
409,515,1101,1065,1075,330,548,674,516,439,689,1911,1555,948,1339,1175,608,480,392,751,544,457,467,419,426,613,1012,953,1115,699,730,1244,637
410,450,1333,1211,1170,262,728,884,864,90,315,1483,1071,583,791,818,1074,549,588,633,523,389,648,378,878,187,278,138,450,1057,1270,1496,945
411,12,350,439,112,15,9,46,886,582,483,1283,638,480,606,650,746,744,899,660,579,617,803,587,1156,381,470,1040,1549,1094,1085,1306,653
412,3,94,11,6,700,738,449,720,45,9,926,207,25,478,98,411,8,4,41,28,464,778,64,416,690,154,7,407,5,9,348,3
413,164,212,252,124,158,249,222,291,483,675,230,367,712,696,250,176,528,66,32,9,267,715,348,224,640,42,32,94,59,54,73,89
414,1543,1552,1018,640,728,688,610,588,766,799,659,602,868,963,614,431,136,150,164,194,186,205,238,95,698,225,150,366,152,285,436,375
415,997,1284,576,1135,267,266,380,477,273,284,1194,1246,341,610,788,827,731,778,700,502,654,605,570,701,242,164,41,104,50,148,189,130
416,207,443,19,369,18,14,20,240,8,18,18,19,17,24,9,12,437,408,598,317,429,416,359,976,30,38,22,88,577,564,52,31
417,15,31,16,6,12,17,4,24,119,110,153,173,123,169,174,208,0,0,0,0,59,269,31,24,26,296,370,944,375,267,167,115
418,13,9,7,8,49,25,17,16,356,461,253,191,304,550,213,176,596,135,23,33,40,41,461,46,515,255,263,257,286,307,227,288
419,401,627,541,309,752,778,578,436,1344,1350,272,219,894,934,362,227,12,115,28,410,11,15,10,2,98,215,208,20,364,289,260,430
420,1113,1565,454,398,269,742,471,388,895,1091,627,636,748,886,782,247,360,304,398,840,291,459,406,428,291,364,410,356,458,284,482,396
421,1057,1506,673,351,314,589,674,906,896,19,11,1171,978,1036,1189,7,611,588,639,578,631,675,646,769,85,224,190,282,318,120,447,410
422,10,20,20,13,72,52,53,58,598,70,85,802,503,63,827,91,655,502,677,605,872,696,906,897,141,108,196,177,715,606,339,217
423,7,31,13,8,25,19,23,5,10,46,64,19,119,99,233,40,38,8,30,41,45,34,73,49,805,550,705,709,27,75,244,75
424,91,173,97,72,177,549,215,129,111,120,117,51,339,432,79,69,321,412,608,398,229,308,338,331,788,630,590,700,300,225,165,227
425,222,274,260,393,813,1480,225,169,818,830,273,123,400,872,198,103,33,630,367,775,39,115,62,100,487,591,366,608,171,110,242,68
426,752,827,753,463,124,730,70,119,763,641,192,87,183,1011,611,631,316,682,492,1051,314,306,311,354,34,225,6,209,13,18,22,15
427,194,409,119,82,41,171,36,219,587,352,984,721,431,672,387,384,313,398,418,690,374,400,452,732,465,281,395,240,219,238,198,169
428,281,423,247,169,174,202,505,287,607,266,1026,651,361,927,461,250,350,251,311,276,365,868,521,292,4,318,0,48,1118,1033,267,484
429,9,13,9,8,7,9,12,4,538,244,265,289,201,319,406,421,1176,466,453,360,406,1104,893,477,984,602,935,1129,591,579,424,572
430,570,644,846,460,547,796,596,747,291,109,348,344,229,632,286,104,303,143,149,200,350,173,210,232,548,240,831,1303,364,357,158,424
431,258,315,246,329,608,998,105,270,832,875,198,261,736,1229,220,186,342,181,405,343,440,419,274,373,352,85,546,958,37,19,220,338
432,474,540,338,229,5,3,27,5,26,168,161,262,246,400,601,679,332,293,422,379,464,470,431,768,66,129,112,14,138,40,253,133
433,62,208,2,0,0,1,0,0,316,351,674,730,341,287,529,316,283,316,337,328,639,511,425,493,351,375,428,451,305,327,414,361
434,7,14,12,23,7,15,114,8,24,42,20,11,7,24,36,24,607,230,173,40,103,119,174,136,565,182,31,0,382,419,713,727
435,159,264,224,185,127,190,156,229,416,362,301,426,425,410,405,544,32,271,43,426,16,18,37,24,1500,562,1278,1340,963,1088,1561,1002
436,445,785,601,651,828,702,721,831,980,244,223,332,257,516,135,1429,376,325,344,559,307,266,417,249,583,133,685,940,441,636,760,785
437,246,179,429,184,700,645,318,410,1932,1080,407,584,925,1434,425,1118,26,8,26,37,6,30,24,561,320,523,682,996,437,711,710,665
438,588,651,1319,1083,736,513,99,673,827,163,120,128,90,701,424,1255,552,544,620,585,659,664,537,777,29,74,112,197,79,34,134,114
439,99,9,22,22,95,5,42,9,555,13,837,819,65,339,43,442,14,14,9,17,88,1235,875,51,54,336,44,15,8,12,14,10
440,10,12,7,20,18,15,27,8,559,679,948,660,629,767,918,773,216,403,727,309,192,754,216,288,879,1110,820,1004,1070,904,1384,1265
441,967,1055,1092,985,931,1203,1037,1240,980,889,1075,992,948,1140,1244,1000,269,258,255,69,229,55,119,63,1157,1215,2715,3008,1707,1539,1707,1751
442,1230,1343,1309,1156,1161,1293,1340,1572,1491,1682,1478,1022,843,1614,1403,824,755,740,878,754,638,852,825,997,1175,1250,2480,2904,1692,1435,1919,2104
443,249,512,396,329,1033,1430,687,1333,446,628,213,6,850,1795,198,12,1251,923,1225,1182,930,1221,1216,1622,9,75,1044,1680,510,192,923,1137
444,351,473,166,51,153,175,266,114,78,85,308,271,132,922,784,826,470,38,328,433,595,392,269,826,14,7,288,888,153,15,157,420
445,19,48,212,89,13,64,23,30,29,86,529,546,156,422,146,90,363,120,177,6,116,377,180,240,732,379,232,429,76,68,243,74
446,27,50,9,199,53,40,11,47,266,288,204,256,244,244,218,267,101,257,202,552,98,145,193,132,204,365,283,236,680,862,900,959
447,75,208,294,203,226,304,177,457,747,921,774,574,606,908,578,866,23,37,16,11,23,11,23,12,1020,1165,1395,1576,1122,1325,1755,1616
448,514,894,913,619,812,1310,823,1374,987,1498,757,641,538,981,452,661,225,201,247,156,337,293,269,734,663,988,1198,1487,1044,1022,1730,1480
449,9,13,7,10,510,510,11,437,310,1457,212,215,139,647,256,188,843,452,820,890,744,767,744,1159,531,296,104,181,126,105,216,214
450,730,972,265,217,213,221,199,220,96,603,66,35,89,227,367,276,273,48,9,14,46,610,211,16,150,81,96,132,17,58,71,94
451,12,10,12,20,9,16,5,13,652,828,1285,1688,605,770,635,731,27,375,552,42,11,9,9,7,805,766,886,765,696,829,1117,679
452,682,875,810,778,728,729,861,1084,744,612,1256,1318,613,770,687,411,216,288,229,277,247,230,302,142,468,720,519,601,1581,1672,1683,1522
453,293,778,323,317,374,389,396,1246,541,672,1385,1431,479,939,568,554,647,490,655,627,627,663,739,1270,386,355,1389,1559,1140,1368,1757,1411
454,211,346,203,194,645,1080,100,862,696,574,1065,1058,175,782,314,109,377,16,457,87,467,575,366,1383,54,53,1122,1453,925,1054,1554,1140
455,27,27,7,35,100,342,247,595,10,200,107,9,220,750,13,21,389,329,576,285,844,562,394,1351,28,223,82,619,9,240,749,536
456,124,234,47,8,12,20,13,8,569,539,397,616,473,332,887,990,220,36,11,38,76,474,41,683,626,762,665,712,820,662,875,717
457,526,837,578,479,611,635,562,612,645,612,1601,1625,336,931,1267,1219,35,88,101,795,29,69,35,33,830,1672,1231,1207,1092,981,1027,928
458,681,1161,605,737,664,818,765,1187,1155,1200,2174,2213,787,1605,1810,1607,659,575,828,819,558,619,760,628,505,1475,1040,1199,1571,1759,1780,1802
459,175,978,292,604,638,728,822,1510,435,1232,864,1452,6,1092,742,499,769,438,905,809,574,780,840,1519,12,279,305,659,102,354,834,1245
460,28,12,17,14,396,474,15,117,76,994,114,84,105,119,130,75,484,211,691,545,368,763,469,1293,55,29,12,21,9,4,13,84
461,9,9,89,128,9,15,11,7,4,18,29,22,15,29,12,35,99,88,45,48,95,539,105,149,604,342,418,374,263,310,528,175
462,873,949,526,780,483,403,548,660,403,323,272,494,316,474,1208,1346,29,10,7,10,35,34,6,14,1357,974,1161,1040,732,1008,1145,961
463,970,1293,1052,902,953,1025,1008,990,1078,980,1901,2000,750,1343,1902,2060,609,605,746,1051,552,504,682,622,1566,1617,1526,1817,1555,1661,1864,1742
464,1757,1986,1986,1827,1669,1814,1864,2217,1511,1373,2157,2566,1228,2013,2602,2369,802,674,881,1157,639,896,840,1304,1108,1546,1830,2377,1469,2264,2525,2519
465,1337,1677,1671,1409,1322,1521,1692,2070,1120,720,1274,1542,19,1140,1435,870,1840,1485,1719,1744,1424,1700,1798,2108,211,529,1785,2265,375,1138,1554,1547
466,296,558,457,220,1116,1393,1079,1197,420,387,754,1016,20,1011,915,261,1582,794,1383,1470,1250,1472,1662,1845,374,759,1228,1793,117,542,1049,1147
467,7,12,159,418,345,624,396,580,357,406,237,202,219,762,231,156,1025,765,407,309,689,1658,509,764,240,353,323,1359,262,243,445,351
468,668,871,970,537,241,559,230,543,313,492,305,174,239,992,1015,967,234,2,504,408,9,900,2,158,544,800,829,1789,661,645,928,943
469,876,1168,1306,831,726,922,739,1195,799,577,1729,1259,827,1421,1736,996,323,281,631,412,424,389,333,537,319,786,840,1821,1454,1557,1243,936
470,849,1380,1426,797,690,1159,842,1453,1007,707,1850,1210,722,1502,1684,902,843,805,921,925,695,956,843,1082,21,6,16,889,458,555,1375,1177
471,22,47,25,17,40,35,9,65,26,226,497,9,6,196,234,29,1081,721,1169,964,450,1004,901,1292,487,751,774,1285,281,268,409,285
472,232,332,427,350,657,829,237,382,373,549,632,275,294,599,340,426,229,0,39,36,69,211,6,6,558,546,418,940,22,3,66,256
473,111,86,543,656,0,6,14,13,232,1153,357,1468,1154,1428,357,257,261,430,627,362,271,250,322,274,54,223,102,620,6,12,21,29
474,842,1000,594,416,166,350,269,210,24,334,131,840,477,827,614,767,161,155,372,688,70,25,110,35,788,719,663,1128,771,667,734,824
475,855,1021,672,706,404,708,749,1207,0,68,476,1223,47,628,256,435,290,227,241,415,239,232,483,933,0,0,0,0,0,0,0,0
476,0,0,0,0,0,0,0,0,0,0,0,0,0,0,0,0,464,604,565,573,411,596,673,1140,0,0,0,0,0,0,0,0
477,0,0,0,0,0,0,0,0,0,0,0,0,0,0,0,0,0,0,0,0,0,0,0,0,0,0,0,0,0,0,0,0
478,0,0,0,0,0,0,0,0,0,0,0,0,0,0,0,0,0,0,0,0,0,0,0,0,0,0,0,0,0,0,0,0
479,0,0,0,0,0,0,0,0,Null,Null,Null,Null,Null,Null,Null,Null,0,0,0,0,0,0,0,0,Null,Null,Null,Null,Null,Null,Null,Null
480,Null,Null,Null,Null,Null,Null,Null,Null,Null,Null,Null,Null,Null,Null,Null,Null,0,0,0,0,0,0,0,0,Null,Null,Null,Null,Null,Null,Null,Null