commitcycle,ceph01_ceph-osd.0.asok.txt,ceph01_ceph-osd.1.asok.txt,ceph01_ceph-osd.2.asok.txt,ceph01_ceph-osd.3.asok.txt,ceph01_ceph-osd.4.asok.txt,ceph01_ceph-osd.5.asok.txt,ceph01_ceph-osd.6.asok.txt,ceph01_ceph-osd.7.asok.txt,ceph02_ceph-osd.10.asok.txt,ceph02_ceph-osd.11.asok.txt,ceph02_ceph-osd.12.asok.txt,ceph02_ceph-osd.13.asok.txt,ceph02_ceph-osd.14.asok.txt,ceph02_ceph-osd.15.asok.txt,ceph02_ceph-osd.8.asok.txt,ceph02_ceph-osd.9.asok.txt,ceph03_ceph-osd.16.asok.txt,ceph03_ceph-osd.17.asok.txt,ceph03_ceph-osd.18.asok.txt,ceph03_ceph-osd.19.asok.txt,ceph03_ceph-osd.20.asok.txt,ceph03_ceph-osd.21.asok.txt,ceph03_ceph-osd.22.asok.txt,ceph03_ceph-osd.23.asok.txt,ceph04_ceph-osd.24.asok.txt,ceph04_ceph-osd.25.asok.txt,ceph04_ceph-osd.26.asok.txt,ceph04_ceph-osd.27.asok.txt,ceph04_ceph-osd.28.asok.txt,ceph04_ceph-osd.29.asok.txt,ceph04_ceph-osd.30.asok.txt,ceph04_ceph-osd.31.asok.txt
0,5,4,3,5,5,4,5,4,5,4,4,4,4,3,4,5,3,3,3,3,4,3,3,3,4,3,4,2,4,4,2,3
1,5,4,3,5,5,4,5,4,5,4,5,5,5,4,4,5,4,4,3,3,4,3,3,3,4,3,4,2,4,4,2,3
2,5,4,3,5,5,4,5,4,5,4,5,5,5,4,4,5,4,4,4,4,5,4,4,4,4,4,4,2,4,4,2,3
3,5,4,3,5,5,4,5,4,5,4,5,5,5,4,4,5,4,4,4,4,5,4,4,4,5,4,5,3,5,5,3,4
4,6,5,4,6,5,4,5,4,5,4,5,5,5,4,4,5,4,4,4,4,5,4,4,4,5,4,5,3,5,5,3,4
5,6,5,4,6,6,5,6,5,5,4,5,5,5,4,5,6,4,4,4,4,5,4,4,4,5,4,5,3,5,5,3,4
6,6,5,4,6,6,5,6,5,6,5,6,6,6,5,5,6,5,5,4,4,5,4,4,4,5,4,5,3,5,5,3,4
7,6,5,4,6,6,5,6,5,6,5,6,6,6,5,5,6,5,5,5,5,6,5,5,5,5,4,5,3,5,5,3,4
8,6,5,4,6,6,5,6,5,6,5,6,6,6,5,5,6,5,5,5,5,6,5,5,5,6,5,6,4,6,6,3,4
9,7,6,5,7,6,5,6,5,6,5,6,6,6,5,5,6,5,5,5,5,6,5,5,5,6,5,6,4,6,6,4,5
10,7,6,5,7,7,6,6,5,6,5,6,6,6,5,6,7,5,5,5,5,6,5,5,5,6,5,6,4,6,6,4,5
11,7,6,5,7,7,6,7,6,7,6,7,7,6,5,6,7,5,5,5,5,6,5,5,5,6,5,6,4,6,6,4,5
12,7,6,5,7,7,6,7,6,7,6,7,7,7,6,6,7,6,6,6,6,6,5,5,5,6,5,6,4,6,6,4,5
13,7,6,5,7,7,6,7,6,7,6,7,7,7,6,6,7,6,6,6,6,7,6,6,6,6,5,6,4,7,6,4,5
14,7,6,6,7,7,6,7,6,7,6,7,7,7,6,6,7,6,6,6,6,7,6,6,6,7,6,7,5,7,7,5,6
15,8,7,6,8,7,6,7,6,7,6,7,7,7,6,6,7,6,6,6,6,7,6,6,6,7,6,7,5,7,7,5,6
16,8,7,6,8,8,7,7,7,7,6,8,7,7,6,7,8,6,6,6,6,7,6,6,6,7,6,7,5,7,7,5,6
17,8,7,6,8,8,7,8,7,8,7,8,8,7,6,7,8,6,6,6,6,7,6,6,6,7,6,7,5,7,7,5,6
18,8,7,6,8,8,7,8,7,8,7,8,8,8,7,7,8,7,7,7,7,7,6,6,6,7,6,7,5,7,7,5,6
19,8,7,6,8,8,7,8,7,8,7,8,8,8,7,7,8,7,7,7,7,8,7,7,7,7,6,7,5,8,8,5,6
20,8,7,7,9,8,7,8,7,8,7,8,8,8,7,7,8,7,7,7,7,8,7,7,7,8,7,8,6,8,8,6,7
21,9,8,7,9,8,7,8,7,8,7,8,8,8,7,7,8,7,7,7,7,8,7,7,7,8,7,8,6,8,8,6,7
22,9,8,7,9,9,8,9,8,8,7,9,9,8,7,8,9,7,7,7,7,8,7,7,7,8,7,8,6,8,8,6,7
23,9,8,7,9,9,8,9,8,9,8,9,9,8,7,8,9,7,7,7,7,8,7,7,7,8,7,8,6,8,8,6,7
24,9,8,7,9,9,8,9,8,9,8,9,9,9,8,8,9,8,8,8,8,8,7,7,7,8,7,8,6,9,9,6,7
25,9,8,8,9,9,8,9,8,9,8,9,9,9,8,8,9,8,8,8,8,9,8,8,8,8,7,8,6,9,9,6,7
26,9,8,8,10,9,8,9,8,9,8,9,9,9,8,8,9,8,8,8,8,9,8,8,8,9,8,9,7,9,9,7,8
27,10,9,8,10,9,8,9,8,9,8,10,9,9,8,9,10,8,8,8,8,9,8,8,8,9,8,9,7,9,9,7,8
28,10,9,8,10,10,9,10,9,9,8,10,10,9,8,9,10,8,8,8,8,9,8,8,8,9,8,9,7,9,9,7,8
29,10,9,8,10,10,9,10,9,10,9,10,10,9,8,9,10,8,8,8,8,9,8,8,8,9,8,9,7,9,9,7,8
30,10,9,8,10,10,9,10,9,10,9,10,10,10,9,9,10,9,9,9,9,9,8,8,8,9,8,9,7,10,10,7,8
31,10,9,9,11,10,9,10,9,10,9,10,10,10,9,9,10,9,9,9,9,10,9,9,9,9,8,9,7,10,10,7,8
32,10,9,9,11,10,9,10,9,10,9,10,10,10,9,9,10,9,9,9,9,10,9,9,9,10,9,10,8,10,10,8,9
33,11,10,9,11,10,9,10,9,10,9,11,11,10,9,10,11,9,9,9,9,10,9,9,9,10,9,10,8,10,10,8,9
34,11,10,9,11,11,10,11,10,11,9,11,11,10,9,10,11,9,9,9,9,10,9,9,9,10,9,10,8,10,10,8,9
35,11,10,9,11,11,10,11,10,11,10,11,11,10,9,10,11,9,9,9,9,10,9,9,9,10,9,10,8,10,10,8,9
36,11,10,9,11,11,10,11,10,11,10,11,11,11,10,10,11,10,10,10,10,10,9,9,9,10,9,10,8,11,11,8,9
37,11,10,10,12,11,10,11,10,11,10,11,11,11,10,10,11,10,10,10,10,11,10,10,10,10,9,10,8,11,11,8,9
38,11,10,10,12,11,10,11,10,11,10,12,11,11,10,10,11,10,10,10,10,11,10,10,10,11,10,11,9,11,11,9,10
39,12,11,10,12,11,10,11,10,11,10,12,12,11,10,11,12,10,10,10,10,11,10,10,10,11,10,11,9,11,11,9,10
40,12,11,10,12,12,11,12,11,11,10,12,12,11,10,11,12,10,10,10,10,11,10,10,10,11,10,11,9,11,11,9,10
41,12,11,10,12,12,11,12,11,12,11,12,12,11,10,11,12,11,11,10,10,11,10,10,10,11,10,11,9,11,11,9,10
42,12,11,11,13,12,11,12,11,12,11,12,12,12,11,11,12,11,11,11,11,11,10,10,10,11,10,11,9,12,12,9,10
43,12,11,11,13,12,11,12,11,12,11,12,12,12,11,11,12,11,11,11,11,12,11,11,11,12,11,12,9,12,12,9,10
44,12,11,11,13,12,11,12,11,12,11,13,13,12,11,11,12,11,11,11,11,12,11,11,11,12,11,12,10,12,12,10,11
45,13,12,11,13,12,11,12,11,12,11,13,13,12,11,12,13,11,11,11,11,12,11,11,11,12,11,12,10,12,12,10,11
46,13,12,11,13,13,12,13,12,12,11,13,13,12,11,12,13,11,11,11,11,12,11,11,11,12,11,12,10,12,12,10,11
47,13,12,12,13,13,12,13,12,13,12,13,13,12,11,12,13,12,12,11,11,12,11,11,11,12,11,12,10,12,12,10,11
48,13,12,12,14,13,12,13,12,13,12,13,13,13,12,12,13,12,12,12,12,12,11,11,11,12,11,12,10,13,13,10,11
49,13,12,12,14,13,12,13,12,13,12,14,13,13,12,12,13,12,12,12,12,13,12,12,12,13,12,12,10,13,13,10,11
50,14,13,12,14,13,12,13,12,13,12,14,14,13,12,12,13,12,12,12,12,13,12,12,12,13,12,13,11,13,13,11,12
51,14,13,12,14,13,12,13,12,13,12,14,14,13,12,13,14,12,12,12,12,13,12,12,12,13,12,13,11,13,13,11,12
52,14,13,12,14,14,13,14,13,14,13,14,14,13,12,13,14,12,12,12,12,13,12,12,12,13,12,13,11,13,13,11,12
53,14,13,13,15,14,13,14,13,14,13,14,14,13,12,13,14,13,13,12,12,13,12,12,12,13,12,13,11,13,13,11,12
54,14,13,13,15,14,13,14,13,14,13,14,14,14,13,13,14,13,13,13,13,13,12,13,13,14,13,13,11,14,14,11,12
55,14,13,13,15,14,13,14,13,14,13,15,15,14,13,13,14,13,13,13,13,14,13,13,13,14,13,14,11,14,14,11,12
56,15,14,13,15,14,13,14,13,14,13,15,15,14,13,13,14,13,13,13,13,14,13,13,13,14,13,14,12,14,14,12,13
57,15,14,13,15,14,13,14,13,14,13,15,15,14,13,14,15,13,13,13,13,14,13,13,13,14,13,14,12,14,14,12,13
58,15,14,14,15,15,14,15,14,15,14,15,15,14,13,14,15,13,13,13,13,14,13,13,13,14,13,14,12,14,14,12,13
59,15,14,14,16,15,14,15,14,15,14,15,15,14,13,14,15,14,14,13,13,14,13,13,13,15,13,14,12,14,14,12,13
60,15,14,14,16,15,14,15,14,15,14,16,15,15,14,14,15,14,14,14,14,14,13,13,14,15,14,14,12,15,15,12,13
61,16,14,14,16,15,14,15,14,15,14,16,16,15,14,14,15,14,14,14,14,15,14,14,14,15,14,15,13,15,15,12,13
62,16,15,14,16,15,14,15,14,15,14,16,16,15,14,14,15,14,14,14,14,15,14,14,14,15,14,15,13,15,15,13,14
63,16,15,14,16,15,14,15,15,15,14,16,16,15,14,15,16,14,14,14,14,15,14,14,14,15,14,15,13,15,15,13,14
64,16,15,15,17,16,15,16,15,16,15,16,16,15,14,15,16,14,14,14,14,15,14,14,14,15,14,15,13,15,15,13,14
65,16,15,15,17,16,15,16,15,16,15,16,16,16,15,15,16,15,15,14,14,15,14,14,14,16,15,15,13,15,15,13,14
66,16,15,15,17,16,15,16,15,16,15,17,17,16,15,15,16,15,15,15,15,16,15,15,15,16,15,15,13,16,16,13,14
67,17,16,15,17,16,15,16,15,16,15,17,17,16,15,15,16,15,15,15,15,16,15,15,15,16,15,16,14,16,16,13,14
68,17,16,15,17,16,15,16,15,16,15,17,17,16,15,15,16,15,15,15,15,16,15,15,15,16,15,16,14,16,16,14,15
69,17,16,15,17,16,15,16,15,16,15,17,17,16,15,16,17,15,15,15,15,16,15,15,15,16,15,16,14,16,16,14,15
70,17,16,16,18,17,16,17,16,16,15,17,17,16,15,16,17,15,15,15,15,16,15,15,15,17,15,16,14,16,16,14,15
71,17,16,16,18,17,16,17,16,17,16,18,17,16,15,16,17,16,16,16,16,16,15,15,15,17,16,16,14,16,17,14,15
72,18,16,16,18,17,16,17,16,17,16,18,18,17,16,16,17,16,16,16,16,16,15,16,16,17,16,16,14,17,17,14,15
73,18,17,16,18,17,16,17,16,17,16,18,18,17,16,16,17,16,16,16,16,17,16,16,16,17,16,16,14,17,17,14,15
74,18,17,16,18,17,16,17,16,17,16,18,18,17,16,16,17,16,16,16,16,17,16,16,16,17,16,17,15,17,17,15,16
75,18,17,16,18,17,16,17,16,17,16,18,18,17,16,17,18,16,16,16,16,17,16,16,16,17,16,17,15,17,17,15,16
76,18,17,17,19,18,17,18,17,17,16,18,18,17,16,17,18,16,16,16,16,17,16,16,16,18,17,17,15,17,17,15,16
77,18,17,17,19,18,17,18,17,18,17,19,19,18,17,17,18,17,17,17,17,17,16,16,16,18,17,17,15,18,18,15,16
78,19,18,17,19,18,17,18,17,18,17,19,19,18,17,17,18,17,17,17,17,18,17,17,17,18,17,17,15,18,18,15,16
79,19,18,17,19,18,17,18,17,18,17,19,19,18,17,17,18,17,17,17,17,18,17,17,17,18,17,17,15,18,18,15,16
80,19,18,17,19,18,17,18,17,18,17,19,19,18,17,17,18,17,17,17,17,18,17,17,17,18,17,18,16,18,18,16,17
81,19,18,17,19,18,17,18,17,18,17,19,19,18,17,18,19,17,17,17,17,18,17,17,17,19,17,18,16,18,18,16,17
82,19,18,18,20,19,18,19,18,19,17,20,19,18,17,18,19,17,17,17,17,18,17,17,17,19,18,18,16,18,18,16,17
83,20,18,18,20,19,18,19,18,19,18,20,20,19,18,18,19,18,18,18,18,18,17,17,17,19,18,18,16,19,19,16,17
84,20,19,18,20,19,18,19,18,19,18,20,20,19,18,18,19,18,18,18,18,18,17,18,18,19,18,18,16,19,19,16,17
85,20,19,18,20,19,18,19,18,19,18,20,20,19,18,18,19,18,18,18,18,19,18,18,18,19,18,18,16,19,19,16,17
86,20,19,18,20,19,18,19,18,19,18,20,20,19,18,18,19,18,18,18,18,19,18,18,18,19,18,19,17,19,19,17,18
87,20,19,18,20,19,18,19,18,19,18,20,20,19,18,19,20,18,18,18,18,19,18,18,18,20,19,19,17,19,19,17,18
88,21,19,19,21,20,19,20,19,20,19,21,21,19,18,19,20,19,19,18,18,19,18,18,18,20,19,19,17,19,19,17,18
89,21,20,19,21,20,19,20,19,20,19,21,21,20,19,19,20,19,19,19,19,19,18,18,18,20,19,19,17,20,20,17,18
90,21,20,19,21,20,19,20,19,20,19,21,21,20,19,19,20,19,19,19,19,19,18,19,19,20,19,19,17,20,20,17,18
91,21,20,19,21,20,19,20,19,20,19,21,21,20,19,19,20,19,19,19,19,20,19,19,19,20,19,19,17,20,20,17,18
92,21,20,19,21,20,19,20,19,20,19,21,21,20,19,19,20,19,19,19,19,20,19,19,19,21,20,20,18,20,20,17,18
93,21,20,19,21,20,19,20,19,20,19,22,21,20,19,20,21,19,19,19,19,20,19,19,19,21,20,20,18,20,20,18,19
94,22,21,20,22,21,20,21,20,21,20,22,22,20,19,20,21,20,20,19,19,20,19,19,19,21,20,20,18,20,20,18,19
95,22,21,20,22,21,20,21,20,21,20,22,22,21,20,20,21,20,20,20,20,20,19,19,19,21,20,20,18,21,21,18,19
96,22,21,20,22,21,20,21,20,21,20,22,22,21,20,20,21,20,20,20,20,20,19,20,20,21,20,20,18,21,21,18,19
97,22,21,20,22,21,20,21,20,21,20,22,22,21,20,20,21,20,20,20,20,21,20,20,20,21,20,20,18,21,21,18,19
98,22,21,20,22,21,20,21,20,21,20,22,22,21,20,20,21,20,20,20,20,21,20,20,20,22,21,21,19,21,21,19,20
99,23,21,20,22,21,20,21,20,22,21,23,23,21,20,21,22,20,20,20,20,21,20,20,20,22,21,21,19,21,21,19,20
100,23,22,21,23,22,21,22,21,22,21,23,23,21,20,21,22,21,21,20,20,21,20,20,20,22,21,21,19,21,21,19,20
101,23,22,21,23,22,21,22,21,22,21,23,23,22,21,21,22,21,21,21,21,21,20,20,20,22,21,21,19,22,22,19,20
102,23,22,21,23,22,21,22,21,22,21,23,23,22,21,21,22,21,21,21,21,21,20,21,21,22,21,21,19,22,22,19,20
103,23,22,21,23,22,21,22,21,22,21,23,23,22,21,21,22,21,21,21,21,22,21,21,21,23,21,21,19,22,22,19,20
104,24,22,21,23,22,21,22,21,22,21,23,23,22,21,21,22,21,21,21,21,22,21,21,21,23,22,22,20,22,22,20,21
105,24,23,21,23,22,21,22,21,23,22,24,24,22,21,22,23,21,21,21,21,22,21,21,21,23,22,22,20,22,22,20,21
106,24,23,22,24,23,22,23,22,23,22,24,24,22,21,22,23,22,22,21,21,22,21,21,21,23,22,22,20,22,22,20,21
107,24,23,22,24,23,22,23,22,23,22,24,24,23,22,22,23,22,22,22,22,22,21,21,21,23,22,22,20,23,23,20,21
108,24,23,22,24,23,22,23,22,23,22,24,24,23,22,22,23,22,22,22,22,22,21,21,21,23,22,22,20,23,23,20,21
109,25,23,22,24,23,22,23,22,23,22,24,24,23,22,22,23,22,22,22,22,22,21,22,22,24,23,22,20,23,23,20,21
110,25,24,22,24,23,22,23,22,23,22,24,24,23,22,23,24,22,22,22,22,23,22,22,22,24,23,23,21,23,23,21,22
111,25,24,22,24,23,22,23,22,24,23,25,25,23,22,23,24,22,22,22,22,23,22,22,22,24,23,23,21,23,23,21,22
112,25,24,23,25,24,23,24,23,24,23,25,25,23,22,23,24,23,23,22,22,23,22,22,22,24,23,23,21,23,23,21,22
113,25,24,23,25,24,23,24,23,24,23,25,25,24,23,23,24,23,23,22,22,23,22,22,22,24,23,23,21,24,24,21,22
114,25,24,23,25,24,23,24,23,24,23,25,25,24,23,23,24,23,23,23,23,23,22,22,22,25,24,23,21,24,24,21,22
115,26,24,23,25,24,23,24,23,24,23,25,25,24,23,23,24,23,23,23,23,24,23,23,23,25,24,23,21,24,24,21,22
116,26,25,23,25,24,23,24,23,24,23,25,25,24,23,23,24,23,23,23,23,24,23,23,23,25,24,24,22,24,24,22,23
117,26,25,23,25,24,23,24,23,25,24,26,26,24,23,24,25,23,23,23,23,24,23,23,23,25,24,24,22,24,24,22,23
118,26,25,24,26,25,24,25,24,25,24,26,26,24,23,24,25,24,24,23,23,24,23,23,23,25,24,24,22,24,24,22,23
119,26,25,24,26,25,24,25,24,25,24,26,26,25,24,24,25,24,24,23,23,24,23,23,23,25,24,24,22,25,25,22,23
120,27,25,24,26,25,24,25,24,25,24,26,26,25,24,24,25,24,24,24,24,24,23,23,24,26,25,24,22,25,25,22,23
121,27,26,24,26,25,24,25,24,25,24,26,26,25,24,24,25,24,24,24,24,24,24,24,24,26,25,24,22,25,25,22,23
122,27,26,24,26,25,24,25,24,25,24,26,26,25,24,24,26,24,24,24,24,25,24,24,24,26,25,25,23,25,25,23,24
123,27,26,24,26,25,24,25,24,26,25,27,27,25,24,25,26,24,24,24,24,25,24,24,24,26,25,25,23,25,25,23,24
124,27,26,25,27,25,25,26,25,26,25,27,27,25,24,25,26,25,25,24,24,25,24,24,24,26,25,25,23,25,25,23,24
125,27,26,25,27,26,25,26,25,26,25,27,27,26,25,25,26,25,25,24,24,25,24,24,24,27,25,25,23,25,25,23,24
126,28,26,25,27,26,25,26,25,26,25,27,27,26,25,25,26,25,25,25,25,25,24,24,24,27,26,25,23,26,26,23,24
127,28,27,25,27,26,25,26,25,26,25,27,27,26,25,25,26,25,25,25,25,26,25,25,25,27,26,25,23,26,26,23,24
128,28,27,25,27,26,25,26,25,26,25,27,27,26,25,26,27,25,25,25,25,26,25,25,25,27,26,26,24,26,26,24,25
129,28,27,25,27,26,25,26,25,27,26,28,28,26,25,26,27,25,25,25,25,26,25,25,25,27,26,26,24,26,26,24,25
130,28,27,26,28,27,26,27,26,27,26,28,28,26,25,26,27,26,26,25,25,26,25,25,25,27,26,26,24,26,26,24,25
131,29,27,26,28,27,26,27,26,27,26,28,28,27,26,26,27,26,26,25,26,26,25,25,25,28,27,26,24,27,27,24,25
132,29,28,26,28,27,26,27,26,27,26,28,28,27,26,26,27,26,26,26,26,26,25,25,25,28,27,26,24,27,27,24,25
133,29,28,26,28,27,26,27,26,27,26,28,28,27,26,26,27,26,26,26,26,26,25,26,26,28,27,26,24,27,27,24,25
134,29,28,26,28,27,26,27,26,27,26,28,28,27,26,27,28,26,26,26,26,27,26,26,26,28,27,27,25,27,27,25,26
135,29,28,26,28,27,26,27,26,28,27,29,29,27,26,27,28,26,26,26,26,27,26,26,26,28,27,27,25,27,27,25,26
136,30,28,27,29,28,27,28,27,28,27,29,29,28,26,27,28,27,27,26,26,27,26,26,26,29,28,27,25,27,27,25,26
137,30,29,27,29,28,27,28,27,28,27,29,29,28,27,27,28,27,27,27,27,27,26,26,26,29,28,27,25,28,28,25,26
138,30,29,27,29,28,27,28,27,28,27,29,29,28,27,27,28,27,27,27,27,27,26,26,26,29,28,27,25,28,28,25,26
139,30,29,27,29,28,27,28,27,28,27,29,29,28,27,27,28,27,27,27,27,27,26,27,27,29,28,27,25,28,28,25,26
140,30,29,27,29,28,27,28,27,28,27,29,29,28,27,28,29,27,27,27,27,28,27,27,27,29,28,28,26,28,28,26,27
141,30,29,27,30,28,27,28,27,29,28,30,30,28,27,28,29,28,27,27,27,28,27,27,27,30,28,28,26,28,28,26,27
142,31,29,28,30,29,28,29,28,29,28,30,30,29,28,28,29,28,28,27,27,28,27,27,27,30,29,28,26,28,28,26,27
143,31,30,28,30,29,28,29,28,29,28,30,30,29,28,28,29,28,28,28,28,28,27,27,27,30,29,28,26,29,29,26,27
144,31,30,28,30,29,28,29,28,29,28,30,30,29,28,28,29,28,28,28,28,28,27,27,27,30,29,28,26,29,29,26,27
145,31,30,28,30,29,28,29,28,29,28,30,30,29,28,29,30,28,28,28,28,29,28,28,28,30,29,28,26,29,29,26,27
146,31,30,28,30,29,28,29,28,29,28,30,30,29,28,29,30,28,28,28,28,29,28,28,28,30,29,29,27,29,29,27,28
147,32,30,29,31,29,28,29,28,30,29,31,31,30,28,29,30,29,29,28,28,29,28,28,28,31,30,29,27,29,29,27,28
148,32,31,29,31,30,29,30,29,30,29,31,31,30,29,29,30,29,29,28,28,29,28,28,28,31,30,29,27,29,29,27,28
149,32,31,29,31,30,29,30,29,30,29,31,31,30,29,29,30,29,29,29,29,29,28,28,28,31,30,29,27,30,30,27,28
150,32,31,29,31,30,29,30,29,30,29,31,31,30,29,29,30,29,29,29,29,29,28,28,28,31,30,29,27,30,30,27,28
151,32,31,29,31,30,29,30,29,30,29,31,31,30,29,30,31,29,29,29,29,30,29,29,29,31,30,30,28,30,30,27,28
152,33,31,29,31,30,29,30,29,30,29,31,31,30,29,30,31,29,29,29,29,30,29,29,29,32,30,30,28,30,30,28,29
153,33,32,30,32,30,29,31,29,31,30,32,32,31,30,30,31,30,30,29,29,30,29,29,29,32,31,30,28,30,30,28,29
154,33,32,30,32,31,30,31,30,31,30,32,32,31,30,30,31,30,30,29,29,30,29,29,29,32,31,30,28,30,31,28,29
155,33,32,30,32,31,30,31,30,31,30,32,32,31,30,30,31,30,30,30,30,30,29,29,29,32,31,30,28,31,31,28,29
156,33,32,30,32,31,30,31,30,31,30,32,32,31,30,31,32,30,30,30,30,30,29,29,29,32,31,30,28,31,31,28,29
157,33,32,30,32,31,30,31,30,31,30,32,32,31,30,31,32,30,30,30,30,31,30,30,30,32,31,31,29,31,31,28,29
158,34,32,31,33,31,30,31,30,31,30,32,32,32,30,31,32,30,30,30,30,31,30,30,30,33,32,31,29,31,31,29,30
159,34,33,31,33,31,30,32,31,32,31,33,33,32,31,31,32,31,31,30,30,31,30,30,30,33,32,31,29,31,31,29,30
160,34,33,31,33,32,31,32,31,32,31,33,33,32,31,31,32,31,31,30,30,31,30,30,30,33,32,31,29,31,32,29,30
161,34,33,31,33,32,31,32,31,32,31,33,33,32,31,31,32,31,31,31,31,31,30,30,30,33,32,31,29,32,32,29,30
162,34,33,31,33,32,31,32,31,32,31,33,33,32,31,32,33,31,31,31,31,31,30,30,30,33,32,31,29,32,32,29,30
163,35,33,31,33,32,31,32,31,32,31,33,33,32,31,32,33,31,31,31,31,32,31,31,31,34,33,32,30,32,32,29,30
164,35,34,32,34,32,31,32,32,32,31,33,33,33,32,32,33,31,31,31,31,32,31,31,31,34,33,32,30,32,32,30,31
165,35,34,32,34,32,31,33,32,33,32,34,34,33,32,32,33,32,32,31,31,32,31,31,31,34,33,32,30,32,32,30,31
166,35,34,32,34,33,32,33,32,33,32,34,34,33,32,32,33,32,32,31,31,32,31,31,31,34,33,32,30,32,32,30,31
167,35,34,32,34,33,32,33,32,33,32,34,34,33,32,33,34,32,32,32,32,32,31,31,31,34,33,32,30,33,33,30,31
168,36,34,32,34,33,32,33,32,33,32,34,34,33,32,33,34,32,32,32,32,32,31,31,31,35,33,32,30,33,33,30,31
169,36,35,32,34,33,32,33,32,33,32,34,34,34,33,33,34,32,32,32,32,33,32,32,32,35,34,33,31,33,33,31,32
170,36,35,33,35,33,32,34,33,33,32,34,34,34,33,33,34,33,33,32,32,33,32,32,32,35,34,33,31,33,33,31,32
171,36,35,33,35,34,33,34,33,34,33,35,35,34,33,33,34,33,33,32,32,33,32,32,32,35,34,33,31,33,33,31,32
172,36,35,33,35,34,33,34,33,34,33,35,35,34,33,33,34,33,33,33,33,33,32,32,32,35,34,33,31,34,34,31,32
173,37,35,33,35,34,33,34,33,34,33,35,35,34,33,34,35,33,33,33,33,33,32,32,32,35,34,33,31,34,34,31,32
174,37,36,33,35,34,33,34,33,34,33,35,35,35,33,34,35,33,33,33,33,33,32,32,32,36,35,33,31,34,34,31,32
175,37,36,33,35,34,33,34,33,34,33,35,35,35,34,34,35,33,33,33,33,34,33,33,33,36,35,34,32,34,34,32,33
176,37,36,34,36,34,33,35,34,34,33,35,35,35,34,34,35,34,34,33,33,34,33,33,33,36,35,34,32,34,34,32,33
177,37,36,34,36,35,34,35,34,35,34,36,36,35,34,34,35,34,34,33,33,34,33,33,33,36,35,34,32,34,34,32,33
178,37,36,34,36,35,34,35,34,35,34,36,36,35,34,34,35,34,34,33,33,34,33,33,33,36,35,34,32,35,35,32,33
179,38,36,34,36,35,34,35,34,35,34,36,36,36,34,35,36,34,34,34,34,34,33,33,33,37,35,34,32,35,35,32,33
180,38,37,34,36,35,34,35,34,35,34,36,36,36,35,35,36,34,34,34,34,34,33,33,33,37,36,35,32,35,35,32,33
181,38,37,35,36,35,34,35,35,35,34,36,36,36,35,35,36,34,34,34,34,35,34,34,34,37,36,35,33,35,35,33,34
182,38,37,35,37,35,34,36,35,35,34,36,36,36,35,35,36,35,35,34,34,35,34,34,34,37,36,35,33,35,35,33,34
183,38,37,35,37,36,35,36,35,36,35,37,37,36,35,35,36,35,35,34,34,35,34,34,34,37,36,35,33,35,35,33,34
184,39,37,35,37,36,35,36,35,36,35,37,37,36,35,35,36,35,35,34,34,35,34,34,34,37,36,35,33,36,36,33,34
185,39,38,35,37,36,35,36,35,36,35,37,37,37,35,36,37,35,35,35,35,35,34,34,34,38,37,35,33,36,36,33,34
186,39,38,35,37,36,35,36,35,36,35,37,37,37,36,36,37,35,35,35,35,35,34,35,34,38,37,36,34,36,36,33,34
187,39,38,35,37,36,35,37,36,36,35,37,37,37,36,36,37,35,35,35,35,36,35,35,35,38,37,36,34,36,36,34,35
188,39,38,36,38,36,35,37,36,36,35,37,37,37,36,36,37,36,36,35,35,36,35,35,35,38,37,36,34,36,36,34,35
189,40,38,36,38,37,36,37,36,37,36,38,38,37,36,36,37,36,36,35,35,36,35,35,35,38,37,36,34,36,36,34,35
190,40,39,36,38,37,36,37,36,37,36,38,38,38,36,36,37,36,36,35,35,36,35,35,35,38,37,36,34,37,37,34,35
191,40,39,36,38,37,36,37,36,37,36,38,38,38,37,37,38,36,36,36,36,36,35,35,35,39,38,36,34,37,37,34,35
192,40,39,36,38,37,36,37,37,37,36,38,38,38,37,37,38,36,36,36,36,36,35,35,35,39,38,37,35,37,37,34,35
193,40,39,36,39,37,36,38,37,37,36,38,38,38,37,37,38,36,36,36,36,37,36,36,36,39,38,37,35,37,37,35,36
194,40,39,37,39,37,36,38,37,37,36,38,38,38,37,37,38,37,37,36,36,37,36,36,36,39,38,37,35,37,37,35,36
195,41,40,37,39,38,37,38,37,38,37,39,39,38,37,37,38,37,37,36,36,37,36,36,36,39,38,37,35,37,37,35,36
196,41,40,37,39,38,37,38,37,38,37,39,39,39,38,37,38,37,37,36,36,37,36,36,36,39,38,37,35,38,38,35,36
197,41,40,37,39,38,37,38,38,38,37,39,39,39,38,38,39,37,37,37,37,37,36,36,36,40,39,38,35,38,38,35,36
198,41,40,37,39,38,37,39,38,38,37,39,39,39,38,38,39,37,37,37,37,37,36,37,37,40,39,38,36,38,38,35,36
199,41,40,37,39,38,37,39,38,38,37,39,39,39,38,38,39,37,37,37,37,38,37,37,37,40,39,38,36,38,38,36,37
200,42,40,38,40,38,37,39,38,38,37,39,39,39,38,38,39,38,38,37,37,38,37,37,37,40,39,38,36,38,38,36,37
201,42,41,38,40,39,38,39,38,39,38,40,40,40,38,38,39,38,38,37,37,38,37,37,37,40,39,38,36,38,38,36,37
202,42,41,38,40,39,38,39,38,39,38,40,40,40,39,39,40,38,38,37,37,38,37,37,37,40,39,38,36,39,39,36,37
203,42,41,38,40,39,38,40,39,39,38,40,40,40,39,39,40,38,38,38,38,38,37,37,37,41,40,39,37,39,39,36,37
204,42,41,38,40,39,38,40,39,39,38,40,40,40,39,39,40,38,38,38,38,38,37,38,38,41,40,39,37,39,39,36,37
205,42,41,38,40,39,38,40,39,39,38,40,40,40,39,39,40,38,38,38,38,39,38,38,38,41,40,39,37,39,39,37,38
206,43,42,39,41,39,38,40,39,39,38,40,41,40,39,39,40,39,39,38,38,39,38,38,38,41,40,39,37,39,39,37,38
207,43,42,39,41,40,39,40,39,40,39,41,41,41,40,39,40,39,39,38,38,39,38,38,38,41,40,39,37,39,39,37,38
208,43,42,39,41,40,39,40,40,40,39,41,41,41,40,40,41,39,39,38,38,39,38,38,38,41,40,40,38,40,40,37,38
209,43,42,39,41,40,39,41,40,40,39,41,41,41,40,40,41,39,39,39,39,39,38,38,38,42,41,40,38,40,40,37,38
210,43,42,39,41,40,39,41,40,40,39,41,41,41,40,40,41,39,39,39,39,39,38,39,39,42,41,40,38,40,40,37,38
211,43,42,39,41,40,39,41,40,40,39,41,41,41,40,40,41,39,39,39,39,40,39,39,39,42,41,40,38,40,40,38,39
212,44,43,40,42,40,39,41,40,40,39,42,42,42,40,40,41,40,40,39,39,40,39,39,39,42,41,40,38,40,40,38,39
213,44,43,40,42,41,40,41,40,41,40,42,42,42,41,40,41,40,40,39,39,40,39,39,39,42,41,41,38,40,40,38,39
214,44,43,40,42,41,40,42,41,41,40,42,42,42,41,41,42,40,40,39,39,40,39,39,39,42,41,41,39,41,41,38,39
215,44,43,40,42,41,40,42,41,41,40,42,42,42,41,41,42,40,40,40,40,40,39,39,39,43,42,41,39,41,41,38,39
216,44,43,40,42,41,40,42,41,41,40,42,42,42,41,41,42,40,40,40,40,40,39,39,39,43,42,41,39,41,41,38,39
217,44,43,40,42,41,40,42,41,41,40,43,43,43,41,41,42,40,40,40,40,41,40,40,40,43,42,41,39,41,41,38,40
218,45,44,41,43,41,40,42,41,41,40,43,43,43,42,41,42,41,41,40,40,41,40,40,40,43,42,42,39,41,41,39,40
219,45,44,41,43,42,41,42,42,42,41,43,43,43,42,42,42,41,41,40,40,41,40,40,40,43,42,42,40,41,41,39,40
220,45,44,41,43,42,41,43,42,42,41,43,43,43,42,42,43,41,41,40,41,41,40,40,40,43,42,42,40,42,42,39,40
221,45,44,41,43,42,41,43,42,42,41,43,43,43,42,42,43,41,41,41,41,41,40,40,40,44,43,42,40,42,42,39,40
222,45,44,41,43,42,41,43,42,42,41,43,43,43,42,42,43,41,41,41,41,41,40,40,40,44,43,42,40,42,42,39,40
223,45,44,41,43,42,41,43,42,42,41,44,44,44,43,42,43,41,41,41,41,42,41,41,41,44,43,42,40,42,42,40,41
224,46,45,42,44,42,41,43,43,42,41,44,44,44,43,42,43,42,42,41,41,42,41,41,41,44,43,43,41,42,42,40,41
225,46,45,42,44,43,42,44,43,43,42,44,44,44,43,43,44,42,42,41,41,42,41,41,41,44,43,43,41,42,42,40,41
226,46,45,42,44,43,42,44,43,43,42,44,44,44,43,43,44,42,42,42,42,42,41,41,41,44,43,43,41,43,43,40,41
227,46,45,42,44,43,42,44,43,43,42,44,44,44,43,43,44,42,42,42,42,42,41,41,41,45,44,43,41,43,43,40,41
228,46,45,42,44,43,42,44,43,43,42,45,45,45,43,43,44,42,42,42,42,42,41,41,41,45,44,43,41,43,43,40,41
229,46,45,42,44,43,42,44,43,43,42,45,45,45,44,43,44,42,42,42,42,42,41,42,42,45,44,44,42,43,43,41,42
230,47,46,43,45,43,42,45,44,44,43,45,45,45,44,44,44,43,43,42,42,43,42,42,42,45,44,44,42,43,43,41,42
231,47,46,43,45,44,43,45,44,44,43,45,45,45,44,44,45,43,43,42,43,43,42,42,42,45,44,44,42,43,43,41,42
232,47,46,43,45,44,43,45,44,44,43,45,45,45,44,44,45,43,43,43,43,43,42,42,42,45,44,44,42,44,44,41,42
233,47,46,43,45,44,43,45,44,44,43,45,46,45,44,44,45,43,43,43,43,43,42,42,42,46,45,44,42,44,44,41,42
234,47,46,43,45,44,43,45,44,44,43,46,46,46,45,44,45,43,43,43,43,43,42,42,42,46,45,44,42,44,44,41,42
235,47,46,43,45,44,43,45,45,44,43,46,46,46,45,44,45,43,43,43,43,43,42,43,43,46,45,45,43,44,44,42,43
236,48,47,44,46,45,44,46,45,45,44,46,46,46,45,45,46,44,44,43,43,44,43,43,43,46,45,45,43,44,44,42,43
237,48,47,44,46,45,44,46,45,45,44,46,46,46,45,45,46,44,44,44,44,44,43,43,43,46,45,45,43,44,44,42,43
238,48,47,44,46,45,44,46,45,45,44,46,46,46,45,45,46,44,44,44,44,44,43,43,43,46,45,45,43,44,44,42,43
239,48,47,44,46,45,44,46,45,45,44,47,47,47,45,45,46,44,44,44,44,44,43,43,43,47,46,45,43,45,45,42,43
240,48,47,44,46,45,44,46,46,45,44,47,47,47,46,45,46,44,44,44,44,44,43,43,43,47,46,46,43,45,45,42,43
241,48,47,44,46,45,44,46,46,45,44,47,47,47,46,46,47,44,44,44,44,45,44,44,44,47,46,46,44,45,45,43,44
242,49,48,45,47,46,45,47,46,46,45,47,47,47,46,46,47,45,45,45,45,45,44,44,44,47,46,46,44,45,45,43,44
243,49,48,45,47,46,45,47,46,46,45,47,47,47,46,46,47,45,45,45,45,45,44,44,44,47,46,46,44,45,45,43,44
244,49,48,45,47,46,45,47,46,46,45,48,48,48,46,46,47,45,45,45,45,45,44,44,44,47,46,46,44,45,45,43,44
245,49,48,45,47,46,45,47,46,46,45,48,48,48,47,46,47,45,45,45,45,45,44,44,44,48,47,46,44,46,46,43,44
246,49,48,45,47,46,45,47,47,46,45,48,48,48,47,46,47,45,45,45,45,45,44,44,45,48,47,47,45,46,46,43,44
247,49,48,45,47,46,45,48,47,46,45,48,48,48,47,47,48,45,45,45,45,46,45,45,45,48,47,47,45,46,46,44,45
248,50,49,46,48,46,45,48,47,47,46,48,48,48,47,47,48,46,46,46,46,46,45,45,45,48,47,47,45,46,46,44,45
249,50,49,46,48,47,46,48,47,47,46,48,48,48,47,47,48,46,46,46,46,46,45,45,45,48,47,47,45,46,46,44,45
250,50,49,46,48,47,46,48,47,47,46,49,49,49,48,47,48,46,46,46,46,46,45,45,45,48,47,47,45,46,46,44,45
251,50,49,46,48,47,46,48,48,47,46,49,49,49,48,47,48,46,46,46,46,46,45,45,45,49,48,48,46,47,47,44,45
252,50,49,46,48,47,46,49,48,47,46,49,49,49,48,48,49,46,46,46,46,46,45,45,46,49,48,48,46,47,47,44,45
253,50,49,46,48,47,46,49,48,47,46,49,49,49,48,48,49,46,46,46,46,47,46,46,46,49,48,48,46,47,47,45,46
254,51,50,47,49,47,46,49,48,48,47,49,49,49,48,48,49,47,47,47,47,47,46,46,46,49,48,48,46,47,47,45,46
255,51,50,47,49,48,47,49,48,48,47,49,50,49,48,48,49,47,47,47,47,47,46,46,46,49,48,48,46,47,47,45,46
256,51,50,47,49,48,47,49,49,48,47,50,50,50,49,48,49,47,47,47,47,47,46,46,46,49,48,48,46,48,47,45,46
257,51,50,47,49,48,47,49,49,48,47,50,50,50,49,49,49,47,47,47,47,47,46,46,46,50,49,49,47,48,48,45,46
258,51,50,47,49,48,47,50,49,48,47,50,50,50,49,49,50,47,47,47,47,47,46,46,46,50,49,49,47,48,48,45,46
259,51,50,47,50,48,47,50,49,48,47,50,50,50,49,49,50,47,47,47,47,48,47,47,47,50,49,49,47,48,48,46,46
260,52,51,48,50,48,47,50,49,49,48,50,50,50,49,49,50,48,48,48,48,48,47,47,47,50,49,49,47,48,48,46,47
261,52,51,48,50,49,48,50,49,49,48,51,51,51,50,49,50,48,48,48,48,48,47,47,47,50,49,49,47,48,48,46,47
262,52,51,48,50,49,48,50,50,49,48,51,51,51,50,49,50,48,48,48,48,48,47,47,47,50,50,49,47,49,49,46,47
263,52,51,48,50,49,48,51,50,49,48,51,51,51,50,50,51,48,48,48,48,48,47,47,47,51,50,50,48,49,49,46,47
264,52,51,48,50,49,48,51,50,49,48,51,51,51,50,50,51,48,48,48,48,48,47,47,47,51,50,50,48,49,49,46,47
265,52,51,49,51,49,48,51,50,49,48,51,51,51,50,50,51,48,48,48,48,49,48,48,48,51,50,50,48,49,49,47,48
266,53,52,49,51,49,48,51,50,49,48,51,52,52,50,50,51,49,49,49,49,49,48,48,48,51,50,50,48,49,49,47,48
267,53,52,49,51,50,49,51,51,50,49,52,52,52,51,50,51,49,49,49,49,49,48,48,48,51,50,50,48,49,49,47,48
268,53,52,49,51,50,49,52,51,50,49,52,52,52,51,51,51,49,49,49,49,49,48,48,48,52,51,50,48,49,49,47,48
269,53,52,49,51,50,49,52,51,50,49,52,52,52,51,51,52,49,49,49,49,49,48,48,48,52,51,51,49,50,50,47,48
270,53,52,49,51,50,49,52,51,50,49,52,52,52,51,51,52,49,49,49,49,49,48,48,48,52,51,51,49,50,50,47,48
271,53,52,50,52,50,49,52,51,50,49,52,52,52,51,51,52,49,49,49,49,50,49,49,49,52,51,51,49,50,50,48,49
272,54,53,50,52,50,49,52,52,50,50,53,53,53,51,51,52,50,50,50,50,50,49,49,49,52,51,51,49,50,50,48,49
273,54,53,50,52,51,50,52,52,51,50,53,53,53,52,51,52,50,50,50,50,50,49,49,49,52,52,51,49,50,50,48,49
274,54,53,50,52,51,50,53,52,51,50,53,53,53,52,52,53,50,50,50,50,50,49,49,49,53,52,51,49,50,51,48,49
275,54,53,50,52,51,50,53,52,51,50,53,53,53,52,52,53,50,50,50,50,50,49,49,49,53,52,52,50,51,51,48,49
276,54,53,50,52,51,50,53,52,51,50,53,53,53,52,52,53,50,50,50,50,50,49,49,49,53,52,52,50,51,51,48,49
277,54,53,51,53,51,50,53,52,51,50,53,54,54,52,52,53,50,50,50,50,51,50,50,50,53,52,52,50,51,51,49,50
278,55,54,51,53,51,50,53,53,52,51,54,54,54,53,52,53,51,51,50,51,51,50,50,50,53,53,52,50,51,51,49,50
279,55,54,51,53,52,51,54,53,52,51,54,54,54,53,53,53,51,51,51,51,51,50,50,50,54,53,52,50,51,51,49,50
280,55,54,51,53,52,51,54,53,52,51,54,54,54,53,53,54,51,51,51,51,51,50,50,50,54,53,52,50,52,52,49,50
281,55,54,51,53,52,51,54,53,52,51,54,54,54,53,53,54,51,51,51,51,51,50,50,50,54,53,53,51,52,52,49,50
282,55,54,51,53,52,51,54,53,52,51,54,55,54,53,53,54,51,51,51,51,51,50,50,50,54,53,53,51,52,52,49,50
283,55,54,52,54,52,51,54,54,52,51,55,55,55,54,53,54,51,51,51,51,51,50,51,51,54,53,53,51,52,52,50,51
284,56,55,52,54,52,51,55,54,52,51,55,55,55,54,53,54,52,52,52,52,52,51,51,51,54,54,53,51,52,52,50,51
285,56,55,52,54,53,52,55,54,53,52,55,55,55,54,54,55,52,52,52,52,52,51,51,51,55,54,53,51,52,52,50,51
286,56,55,52,54,53,52,55,54,53,52,55,55,55,54,54,55,52,52,52,52,52,51,51,51,55,54,53,51,52,52,50,51
287,56,55,52,54,53,52,55,54,53,52,55,55,55,54,54,55,52,52,52,52,52,51,51,51,55,54,54,52,53,53,50,51
288,56,55,52,54,53,52,55,55,53,52,56,56,56,54,54,55,52,52,52,52,52,51,51,51,55,54,54,52,53,53,50,51
289,56,55,53,55,53,52,55,55,53,52,56,56,56,55,54,55,52,52,52,52,52,51,52,52,55,55,54,52,53,53,50,51
290,57,56,53,55,53,52,56,55,53,52,56,56,56,55,55,55,53,53,53,53,53,52,52,52,56,55,54,52,53,53,51,52
291,57,56,53,55,54,53,56,55,54,53,56,56,56,55,55,56,53,53,53,53,53,52,52,52,56,55,54,52,53,53,51,52
292,57,56,53,55,54,53,56,55,54,53,56,56,56,55,55,56,53,53,53,53,53,52,52,52,56,55,54,52,53,53,51,52
293,57,56,53,55,54,53,56,55,54,53,56,57,57,55,55,56,53,53,53,53,53,52,52,52,56,55,55,53,54,54,51,52
294,57,56,54,56,54,53,56,56,54,53,57,57,57,56,55,56,53,53,53,53,53,52,52,52,56,55,55,53,54,54,51,52
295,58,56,54,56,54,53,57,56,54,53,57,57,57,56,55,56,53,53,53,53,53,52,53,53,56,56,55,53,54,54,51,53
296,58,57,54,56,54,53,57,56,54,53,57,57,57,56,56,57,54,54,54,54,54,53,53,53,57,56,55,53,54,54,52,53
297,58,57,54,56,55,54,57,56,55,54,57,57,57,56,56,57,54,54,54,54,54,53,53,53,57,56,55,53,54,54,52,53
298,58,57,54,56,55,54,57,56,55,54,57,57,57,56,56,57,54,54,54,54,54,53,53,53,57,56,55,53,54,54,52,53
299,58,57,54,56,55,54,57,57,55,54,58,58,58,56,56,57,54,54,54,54,54,53,53,53,57,56,56,54,55,55,52,53
300,58,57,55,57,55,54,58,57,55,54,58,58,58,57,56,57,54,54,54,54,54,53,53,53,57,57,56,54,55,55,52,53
301,58,57,55,57,55,54,58,57,55,54,58,58,58,57,57,57,54,54,54,54,55,54,54,54,58,57,56,54,55,55,52,53
302,59,58,55,57,55,54,58,57,55,54,58,58,58,57,57,58,55,55,55,55,55,54,54,54,58,57,56,54,55,55,53,54
303,59,58,55,57,56,55,58,57,56,55,58,58,58,57,57,58,55,55,55,55,55,54,54,54,58,57,56,54,55,55,53,54
304,59,58,55,57,56,55,58,58,56,55,58,59,59,57,57,58,55,55,55,55,55,54,54,54,58,57,56,54,55,55,53,54
305,59,58,55,58,56,55,59,58,56,55,59,59,59,58,57,58,55,55,55,55,55,54,54,54,58,58,57,55,56,56,53,54
306,59,58,56,58,56,55,59,58,56,55,59,59,59,58,57,58,55,55,55,55,55,54,54,54,59,58,57,55,56,56,53,54
307,59,58,56,58,56,55,59,58,56,55,59,59,59,58,58,59,55,55,55,55,56,55,55,55,59,58,57,55,56,56,53,54
308,60,59,56,58,57,55,59,58,56,55,59,59,59,58,58,59,56,56,56,56,56,55,55,55,59,58,57,55,56,56,54,55
309,60,59,56,58,57,56,59,58,57,56,59,59,59,58,58,59,56,56,56,56,56,55,55,55,59,58,57,55,56,56,54,55
310,60,59,56,59,57,56,59,59,57,56,60,60,60,58,58,59,56,56,56,56,56,55,55,55,59,58,57,55,56,56,54,55
311,60,59,57,59,57,56,60,59,57,56,60,60,60,59,58,59,56,56,56,56,56,55,55,55,60,59,58,56,57,57,54,55
312,60,59,57,59,57,56,60,59,57,56,60,60,60,59,59,59,56,56,56,56,57,56,55,55,60,59,58,56,57,57,54,55
313,60,59,57,59,57,56,60,59,57,56,60,60,60,59,59,60,56,56,56,56,57,56,56,56,60,59,58,56,57,57,54,55
314,61,60,57,59,58,56,60,59,57,56,60,60,60,59,59,60,57,57,57,57,57,56,56,56,60,59,58,56,57,57,55,56
315,61,60,57,59,58,57,60,60,58,57,60,60,61,59,59,60,57,57,57,57,57,56,56,56,60,59,58,56,57,57,55,56
316,61,60,57,60,58,57,61,60,58,57,61,61,61,60,59,60,57,57,57,57,57,56,56,56,60,60,58,56,58,58,55,56
317,61,60,58,60,58,57,61,60,58,57,61,61,61,60,59,60,57,57,57,57,58,56,56,56,61,60,59,57,58,58,55,56
318,61,60,58,60,58,57,61,60,58,57,61,61,61,60,60,61,57,57,57,57,58,57,56,56,61,60,59,57,58,58,55,56
319,62,61,58,60,58,57,61,60,58,57,61,61,61,60,60,61,57,58,57,57,58,57,57,57,61,60,59,57,58,58,55,56
320,62,61,58,60,58,57,61,60,58,57,61,61,61,60,60,61,58,58,58,58,58,57,57,57,61,60,59,57,58,58,56,57
321,62,61,58,60,59,58,62,61,59,58,61,61,62,60,60,61,58,58,58,58,58,57,57,57,61,61,59,57,59,58,56,57
322,62,61,59,61,59,58,62,61,59,58,62,62,62,61,60,61,58,58,58,58,58,57,57,57,62,61,59,57,59,59,56,57
323,62,61,59,61,59,58,62,61,59,58,62,62,62,61,60,61,58,58,58,58,59,58,57,57,62,61,60,58,59,59,56,57
324,62,61,59,61,59,58,62,61,59,58,62,62,62,61,61,62,58,58,58,58,59,58,57,57,62,61,60,58,59,59,56,57
325,63,62,59,61,59,58,62,61,59,58,62,62,62,61,61,62,58,58,58,58,59,58,58,58,62,61,60,58,59,59,56,57
326,63,62,59,61,59,58,62,62,59,58,62,62,63,61,61,62,59,59,59,59,59,58,58,58,62,61,60,58,59,59,57,58
327,63,62,59,61,60,59,63,62,60,59,63,62,63,62,61,62,59,59,59,59,59,58,58,58,62,62,60,58,60,60,57,58
328,63,62,60,62,60,59,63,62,60,59,63,63,63,62,61,62,59,59,59,59,60,59,58,58,63,62,60,58,60,60,57,58
329,63,62,60,62,60,59,63,62,60,59,63,63,63,62,62,62,59,59,59,59,60,59,58,58,63,62,61,59,60,60,57,58
330,64,63,60,62,60,59,63,62,60,59,63,63,63,62,62,63,59,59,59,59,60,59,58,58,63,62,61,59,60,60,57,58
331,64,63,60,62,60,59,63,63,60,59,63,63,63,62,62,63,59,59,59,59,60,59,59,59,63,62,61,59,60,60,57,58
332,64,63,60,62,60,59,64,63,60,59,63,63,64,62,62,63,60,60,60,60,60,59,59,59,63,63,61,59,61,61,58,59
333,64,63,61,63,61,60,64,63,61,60,64,64,64,63,62,63,60,60,60,60,61,59,59,59,64,63,61,59,61,61,58,59
334,64,63,61,63,61,60,64,63,61,60,64,64,64,63,62,63,60,60,60,60,61,60,59,59,64,63,61,59,61,61,58,59
335,65,63,61,63,61,60,64,63,61,60,64,64,64,63,63,64,60,60,60,60,61,60,59,59,64,63,62,60,61,61,58,59
336,65,64,61,63,61,60,64,63,61,60,64,64,64,63,63,64,60,60,60,60,61,60,59,59,64,63,62,60,61,61,58,59
337,65,64,61,63,61,60,64,64,61,60,64,64,65,63,63,64,61,61,60,60,61,60,60,60,64,64,62,60,62,61,58,59
338,65,64,61,63,62,61,65,64,61,60,65,64,65,64,63,64,61,61,61,61,61,60,60,60,65,64,62,60,62,62,58,59
339,65,64,61,63,62,61,65,64,62,61,65,65,65,64,63,64,61,61,61,61,62,61,60,60,65,64,62,60,62,62,59,60
340,66,64,62,64,62,61,65,64,62,61,65,65,65,64,63,64,61,61,61,61,62,61,60,60,65,64,62,60,62,62,59,60
341,66,65,62,64,62,61,65,64,62,61,65,65,65,64,64,65,61,61,61,61,62,61,60,60,65,64,63,61,62,62,59,60
342,66,65,62,64,62,61,65,65,62,61,65,65,66,64,64,65,61,61,61,61,62,61,61,61,65,65,63,61,62,62,59,60
343,66,65,62,64,62,61,66,65,62,61,65,65,66,65,64,65,62,62,61,62,62,61,61,61,66,65,63,61,63,63,59,60
344,66,65,62,64,63,62,66,65,62,61,66,66,66,65,64,65,62,62,62,62,63,62,61,61,66,65,63,61,63,63,60,61
345,67,65,63,65,63,62,66,65,63,62,66,66,66,65,64,65,62,62,62,62,63,62,61,61,66,65,63,61,63,63,60,61
346,67,66,63,65,63,62,66,65,63,62,66,66,66,65,65,66,62,62,62,62,63,62,61,61,66,65,64,62,63,63,60,61
347,67,66,63,65,63,62,66,65,63,62,66,66,66,65,65,66,62,62,62,62,63,62,61,62,66,65,64,62,63,63,60,61
348,67,66,63,65,63,62,66,66,63,62,66,66,67,66,65,66,62,62,62,62,63,62,62,62,67,66,64,62,64,63,60,61
349,67,66,63,65,63,62,67,66,63,62,67,67,67,66,65,66,63,63,63,63,63,62,62,62,67,66,64,62,64,64,60,61
350,67,66,64,65,64,63,67,66,64,63,67,67,67,66,65,66,63,63,63,63,64,63,62,62,67,66,64,62,64,64,61,62
351,68,66,64,66,64,63,67,66,64,63,67,67,67,66,66,66,63,63,63,63,64,63,62,62,67,66,64,63,64,64,61,62
352,68,67,64,66,64,63,67,66,64,63,67,67,67,66,66,67,63,63,63,63,64,63,62,63,67,66,65,63,64,64,61,62
353,68,67,64,66,64,63,67,67,64,63,67,67,68,67,66,67,63,63,63,63,64,63,63,63,67,67,65,63,64,64,61,62
354,68,67,64,66,64,63,68,67,64,63,68,67,68,67,66,67,63,63,63,63,64,63,63,63,68,67,65,63,65,65,61,62
355,68,67,64,66,64,63,68,67,64,63,68,68,68,67,66,67,64,64,64,64,64,63,63,63,68,67,65,63,65,65,61,62
356,69,67,65,67,65,64,68,67,65,64,68,68,68,67,67,67,64,64,64,64,65,64,63,63,68,67,65,63,65,65,62,63
357,69,68,65,67,65,64,68,67,65,64,68,68,68,67,67,68,64,64,64,64,65,64,63,63,68,67,66,64,65,65,62,63
358,69,68,65,67,65,64,68,68,65,64,68,68,68,67,67,68,64,64,64,64,65,64,63,64,68,68,66,64,65,65,62,63
359,69,68,65,67,65,64,69,68,65,64,69,68,69,68,67,68,64,64,64,64,65,64,64,64,69,68,66,64,66,66,62,63
360,69,68,65,67,65,64,69,68,65,64,69,69,69,68,67,68,65,65,65,64,65,64,64,64,69,68,66,64,66,66,62,63
361,69,68,66,67,66,65,69,68,65,64,69,69,69,68,67,68,65,65,65,65,66,65,64,64,69,68,66,64,66,66,62,63
362,70,69,66,68,66,65,69,68,66,65,69,69,69,68,68,69,65,65,65,65,66,65,64,64,69,68,67,65,66,66,62,63
363,70,69,66,68,66,65,69,69,66,65,69,69,69,68,68,69,65,65,65,65,66,65,64,65,69,69,67,65,66,66,63,64
364,70,69,66,68,66,65,69,69,66,65,69,69,69,69,68,69,65,65,65,65,66,65,65,65,70,69,67,65,67,67,63,64
365,70,69,66,68,66,65,70,69,66,65,70,70,70,69,68,69,65,65,65,65,66,65,65,65,70,69,67,65,67,67,63,64
366,70,69,67,68,66,65,70,69,66,65,70,70,70,69,68,69,66,66,66,66,66,65,65,65,70,69,67,65,67,67,63,64
367,70,69,67,69,67,66,70,69,67,66,70,70,70,69,69,69,66,66,66,66,67,66,65,65,70,69,67,66,67,67,63,64
368,71,70,67,69,67,66,70,69,67,66,70,70,70,69,69,70,66,66,66,66,67,66,65,66,70,69,68,66,67,67,63,64
369,71,70,67,69,67,66,70,70,67,66,70,70,70,69,69,70,66,66,66,66,67,66,65,66,71,70,68,66,67,67,64,65
370,71,70,67,69,67,66,71,70,67,66,71,70,71,70,69,70,66,66,66,66,67,66,66,66,71,70,68,66,68,68,64,65
371,71,70,68,69,67,66,71,70,67,66,71,71,71,70,69,70,67,66,67,66,67,66,66,66,71,70,68,66,68,68,64,65
372,71,70,68,70,67,66,71,70,67,66,71,71,71,70,70,70,67,67,67,67,67,66,66,66,71,70,68,67,68,68,64,65
373,71,70,68,70,68,67,71,70,67,67,71,71,71,70,70,71,67,67,67,67,68,67,66,67,71,70,69,67,68,68,64,65
374,72,71,68,70,68,67,71,71,68,67,71,71,71,70,70,71,67,67,67,67,68,67,66,67,71,71,69,67,68,68,64,65
375,72,71,68,70,68,67,72,71,68,67,71,71,71,71,70,71,67,67,67,67,68,67,67,67,72,71,69,67,68,68,65,66
376,72,71,68,70,68,67,72,71,68,67,72,72,72,71,70,71,68,67,68,67,68,67,67,67,72,71,69,67,69,69,65,66
377,72,71,69,70,68,67,72,71,68,67,72,72,72,71,71,71,68,68,68,68,68,67,67,67,72,71,69,67,69,69,65,66
378,72,71,69,71,68,67,72,71,68,67,72,72,72,71,71,71,68,68,68,68,68,67,67,67,72,71,70,68,69,69,65,66
379,72,72,69,71,69,68,72,71,69,68,72,72,72,71,71,72,68,68,68,68,69,68,67,68,72,72,70,68,69,69,65,66
380,73,72,69,71,69,68,72,72,69,68,72,72,72,72,71,72,68,68,68,68,69,68,67,68,73,72,70,68,69,69,65,66
381,73,72,69,71,69,68,73,72,69,68,73,72,73,72,71,72,69,68,69,68,69,68,68,68,73,72,70,68,70,70,66,67
382,73,72,70,71,69,68,73,72,69,68,73,73,73,72,71,72,69,69,69,69,69,68,68,68,73,72,70,68,70,70,66,67
383,73,72,70,72,69,68,73,72,69,68,73,73,73,72,72,72,69,69,69,69,69,68,68,68,73,72,70,69,70,70,66,67
384,73,72,70,72,69,68,73,72,69,69,73,73,73,72,72,73,69,69,69,69,69,68,68,69,73,72,71,69,70,70,66,67
385,73,73,70,72,70,69,73,73,70,69,73,73,73,72,72,73,69,69,69,69,70,69,68,69,74,73,71,69,70,70,66,67
386,74,73,70,72,70,69,74,73,70,69,73,73,74,73,72,73,69,69,69,69,70,69,69,69,74,73,71,69,70,70,66,67
387,74,73,70,72,70,69,74,73,70,69,74,74,74,73,72,73,70,69,70,69,70,69,69,69,74,73,71,69,71,71,67,68
388,74,73,71,73,70,69,74,73,70,69,74,74,74,73,73,73,70,70,70,70,70,69,69,69,74,73,71,69,71,71,67,68
389,74,73,71,73,70,69,74,73,70,69,74,74,74,73,73,74,70,70,70,70,70,69,69,70,74,73,72,70,71,71,67,68
390,74,73,71,73,71,70,74,74,71,70,74,74,74,73,73,74,70,70,70,70,70,69,69,70,74,74,72,70,71,71,67,68
391,75,74,71,73,71,70,75,74,71,70,74,74,74,74,73,74,70,70,70,70,71,70,70,70,75,74,72,70,71,71,67,68
392,75,74,71,73,71,70,75,74,71,70,75,74,75,74,73,74,71,70,71,70,71,70,70,70,75,74,72,70,71,71,67,68
393,75,74,72,73,71,70,75,74,71,70,75,75,75,74,73,74,71,71,71,71,71,70,70,70,75,74,72,70,72,72,68,69
394,75,74,72,74,71,70,75,74,71,70,75,75,75,74,74,74,71,71,71,71,71,70,70,70,75,74,72,71,72,72,68,69
395,75,74,72,74,71,70,75,75,71,70,75,75,75,74,74,75,71,71,71,71,71,70,70,71,75,74,73,71,72,72,68,69
396,75,74,72,74,72,71,75,75,72,71,75,75,75,74,74,75,71,71,71,71,72,71,70,71,76,75,73,71,72,72,68,69
397,76,75,72,74,72,71,76,75,72,71,75,75,75,75,74,75,71,71,71,71,72,71,71,71,76,75,73,71,72,72,68,69
398,76,75,73,74,72,71,76,75,72,71,76,76,76,75,74,75,72,72,72,72,72,71,71,71,76,75,73,71,72,72,68,69
399,76,75,73,75,72,71,76,75,72,71,76,76,76,75,75,75,72,72,72,72,72,71,71,71,76,75,73,71,73,73,69,70
400,76,75,73,75,72,71,76,76,72,71,76,76,76,75,75,76,72,72,72,72,72,71,71,72,76,75,74,72,73,73,69,70
401,76,75,73,75,72,71,76,76,72,71,76,76,76,75,75,76,72,72,72,72,73,71,71,72,76,76,74,72,73,73,69,70
402,76,75,73,75,73,72,77,76,73,72,76,76,76,75,75,76,72,72,72,72,73,72,72,72,77,76,74,72,73,73,69,70
403,77,76,73,75,73,72,77,76,73,72,76,76,77,76,75,76,73,72,73,72,73,72,72,72,77,76,74,72,73,73,69,70
404,77,76,74,76,73,72,77,76,73,72,77,77,77,76,76,76,73,73,73,73,73,72,72,72,77,76,74,72,73,73,69,70
405,77,76,74,76,73,72,77,76,73,72,77,77,77,76,76,77,73,73,73,73,73,72,72,73,77,76,74,72,74,74,70,71
406,77,76,74,76,73,72,77,77,73,72,77,77,77,76,76,77,73,73,73,73,73,72,72,73,77,76,75,73,74,74,70,71
407,77,76,74,76,74,73,78,77,73,72,77,77,77,76,76,77,73,73,73,73,74,73,72,73,78,77,75,73,74,74,70,71
408,77,76,74,76,74,73,78,77,74,73,77,77,78,77,76,77,74,73,73,73,74,73,73,73,78,77,75,73,74,74,70,71
409,78,77,75,76,74,73,78,77,74,73,77,77,78,77,76,77,74,74,74,74,74,73,73,73,78,77,75,73,74,74,70,71
410,78,77,75,77,74,73,78,77,74,73,78,78,78,77,77,77,74,74,74,74,74,73,73,73,78,77,75,73,74,74,70,71
411,78,77,75,77,74,73,78,78,74,73,78,78,78,77,77,78,74,74,74,74,74,73,73,74,78,77,75,73,75,75,71,72
412,78,77,75,77,74,73,78,78,74,73,78,78,78,77,77,78,74,74,74,74,75,73,73,74,78,77,76,74,75,75,71,72
413,78,77,75,77,74,73,79,78,74,73,78,78,78,77,77,78,74,74,74,74,75,74,74,74,79,78,76,74,75,75,71,72
414,78,77,75,77,75,74,79,78,75,74,78,78,79,78,77,78,75,75,75,75,75,74,74,74,79,78,76,74,75,75,71,72
415,79,78,76,78,75,74,79,78,75,74,78,78,79,78,77,78,75,75,75,75,75,74,74,74,79,78,76,74,75,75,71,72
416,79,78,76,78,75,74,79,79,75,74,79,79,79,78,78,79,75,75,75,75,75,74,74,75,79,78,76,74,75,75,71,72
417,79,78,76,78,75,74,79,79,75,74,79,79,79,78,78,79,75,75,75,75,75,74,74,75,79,78,76,74,76,76,72,73
418,79,78,76,78,75,74,80,79,75,74,79,79,79,78,78,79,75,75,75,75,76,75,75,75,80,79,77,75,76,76,72,73
419,79,78,76,78,75,74,80,79,75,74,79,79,80,78,78,79,76,75,75,75,76,75,75,75,80,79,77,75,76,76,72,73
420,79,78,76,78,76,75,80,79,76,75,79,79,80,79,78,79,76,76,76,76,76,75,75,75,80,79,77,75,76,76,72,73
421,80,79,77,79,76,75,80,79,76,75,80,80,80,79,79,80,76,76,76,76,76,75,75,75,80,79,77,75,76,76,72,73
422,80,79,77,79,76,75,80,80,76,75,80,80,80,79,79,80,76,76,76,76,76,75,75,76,80,79,77,75,76,76,72,73
423,80,79,77,79,76,75,81,80,76,75,80,80,80,79,79,80,76,76,76,76,77,76,75,76,80,79,77,75,77,77,73,74
424,80,79,77,79,76,75,81,80,76,75,80,80,80,79,79,80,77,76,76,76,77,76,76,76,81,80,78,76,77,77,73,74
425,80,79,77,79,76,75,81,80,76,75,80,80,80,79,79,80,77,77,77,77,77,76,76,76,81,80,78,76,77,77,73,74
426,80,79,77,79,77,76,81,80,77,76,80,80,81,80,79,80,77,77,77,77,77,76,76,76,81,80,78,76,77,77,73,74
427,81,80,78,80,77,76,81,81,77,76,80,80,81,80,79,80,77,77,77,77,77,76,76,77,81,80,78,76,77,77,73,74
428,81,80,78,80,77,76,81,81,77,76,81,81,81,80,80,81,77,77,77,77,78,76,76,77,81,80,78,76,77,77,73,74
429,81,80,78,80,77,76,82,81,77,76,81,81,81,80,80,81,78,77,77,77,78,77,77,77,82,81,78,76,78,78,74,75
430,81,80,78,80,77,76,82,81,77,76,81,81,81,80,80,81,78,78,78,78,78,77,77,77,82,81,79,77,78,78,74,75
431,81,80,78,80,77,76,82,81,77,76,81,81,81,80,80,81,78,78,78,78,78,77,77,77,82,81,79,77,78,78,74,75
432,81,80,78,80,78,77,82,82,78,77,81,81,82,81,80,81,78,78,78,78,78,77,77,78,82,81,79,77,78,78,74,75
433,81,80,79,81,78,77,82,82,78,77,81,81,82,81,81,82,78,78,78,78,78,77,77,78,82,81,79,77,78,78,74,75
434,82,81,79,81,78,77,83,82,78,77,82,82,82,81,81,82,78,78,78,78,79,78,78,78,82,82,79,77,78,78,74,75
435,82,81,79,81,78,77,83,82,78,77,82,82,82,81,81,82,79,78,79,78,79,78,78,78,83,82,79,77,79,79,75,76
436,82,81,79,81,78,77,83,82,78,77,82,82,82,81,81,82,79,79,79,79,79,78,78,78,83,82,80,78,79,79,75,76
437,82,81,79,81,78,77,83,82,79,77,82,82,82,81,81,82,79,79,79,79,79,78,78,78,83,82,80,78,79,79,75,76
438,82,81,79,81,79,78,83,83,79,78,82,82,83,82,81,82,79,79,79,79,79,78,78,79,83,82,80,78,79,79,75,76
439,83,82,80,82,79,78,83,83,79,78,82,82,83,82,82,83,79,79,79,79,80,78,78,79,83,82,80,78,79,79,75,76
440,83,82,80,82,79,78,84,83,79,78,83,83,83,82,82,83,80,79,79,79,80,79,79,79,84,83,80,78,79,79,75,76
441,83,82,80,82,79,78,84,83,79,78,83,83,83,82,82,83,80,80,80,80,80,79,79,79,84,83,80,78,80,80,76,77
442,83,82,80,82,79,78,84,83,79,78,83,83,83,82,82,83,80,80,80,80,80,79,79,79,84,83,81,79,80,80,76,77
443,83,82,80,82,79,78,84,84,79,78,83,83,83,82,82,83,80,80,80,80,80,79,79,80,84,83,81,79,80,80,76,77
444,83,82,80,82,80,79,84,84,80,79,83,83,84,83,82,83,80,80,80,80,80,79,79,80,84,83,81,79,80,80,76,77
445,84,83,81,83,80,79,85,84,80,79,83,83,84,83,83,84,80,80,80,80,81,80,80,80,84,84,81,79,80,80,76,77
446,84,83,81,83,80,79,85,84,80,79,84,84,84,83,83,84,81,80,81,80,81,80,80,80,85,84,81,79,80,80,76,77
447,84,83,81,83,80,79,85,84,80,79,84,84,84,83,83,84,81,81,81,81,81,80,80,80,85,84,81,79,81,81,77,78
448,84,83,81,83,80,79,85,85,80,79,84,84,84,83,83,84,81,81,81,81,81,80,80,81,85,84,82,80,81,81,77,78
449,84,83,81,83,80,80,85,85,81,79,84,84,84,83,83,84,81,81,81,81,81,80,80,81,85,84,82,80,81,81,77,78
450,84,83,81,83,81,80,86,85,81,80,84,84,85,84,83,84,81,81,81,81,82,80,80,81,85,84,82,80,81,81,77,78
451,85,84,82,84,81,80,86,85,81,80,84,84,85,84,84,85,82,81,81,81,82,81,81,81,86,85,82,80,81,81,77,78
452,85,84,82,84,81,80,86,85,81,80,85,85,85,84,84,85,82,82,82,82,82,81,81,81,86,85,82,80,81,81,77,78
453,85,84,82,84,81,80,86,85,81,80,85,85,85,84,84,85,82,82,82,82,82,81,81,81,86,85,82,80,82,82,77,78
454,85,84,82,84,81,80,86,86,81,80,85,85,85,84,84,85,82,82,82,82,82,81,81,82,86,85,83,81,82,82,78,79
455,85,84,82,84,82,81,87,86,82,81,85,85,85,84,84,85,82,82,82,82,82,81,81,82,86,85,83,81,82,82,78,79
456,85,84,82,84,82,81,87,86,82,81,85,85,86,85,84,85,83,82,82,82,83,82,82,82,87,86,83,81,82,82,78,79
457,86,85,83,85,82,81,87,86,82,81,85,85,86,85,85,86,83,83,82,82,83,82,82,82,87,86,83,81,82,82,78,79
458,86,85,83,85,82,81,87,86,82,81,86,86,86,85,85,86,83,83,83,83,83,82,82,82,87,86,83,81,82,82,78,79
459,86,85,83,85,82,81,87,87,82,81,86,86,86,85,85,86,83,83,83,83,83,82,82,82,87,86,83,81,83,83,79,79
460,86,85,83,85,82,81,87,87,83,81,86,86,86,85,85,86,83,83,83,83,83,82,82,83,87,86,84,82,83,83,79,80
461,86,85,83,85,83,82,88,87,83,82,86,86,86,85,85,86,83,83,83,83,83,82,83,83,87,87,84,82,83,83,79,80
462,86,85,83,86,83,82,88,87,83,82,86,86,87,86,85,86,84,83,83,83,84,83,83,83,88,87,84,82,83,83,79,80
463,87,86,84,86,83,82,88,87,83,82,86,86,87,86,86,87,84,84,84,83,84,83,83,83,88,87,84,82,83,83,79,80
464,87,86,84,86,83,82,88,87,83,82,87,87,87,86,86,87,84,84,84,84,84,83,83,83,88,87,84,82,84,84,79,80
465,87,86,84,86,83,82,88,88,83,82,87,87,87,86,86,87,84,84,84,84,84,83,83,84,88,87,84,82,84,84,80,81
466,87,86,84,86,83,82,89,88,84,83,87,87,87,86,86,87,84,84,84,84,84,83,83,84,88,88,85,83,84,84,80,81
467,87,86,84,86,84,83,89,88,84,83,87,87,87,86,86,87,85,84,84,84,85,83,84,84,89,88,85,83,84,84,80,81
468,87,86,85,87,84,83,89,88,84,83,87,87,88,87,86,87,85,85,84,84,85,84,84,84,89,88,85,83,84,84,80,81
469,88,87,85,87,84,83,89,88,84,83,87,87,88,87,87,88,85,85,85,85,85,84,84,84,89,88,85,83,84,84,80,81
470,88,87,85,87,84,83,89,89,84,83,88,88,88,87,87,88,85,85,85,85,85,84,84,85,89,88,85,83,85,84,80,81
471,88,87,85,87,84,83,90,89,85,83,88,88,88,87,87,88,85,85,85,85,85,84,84,85,89,88,85,83,85,85,81,82
472,88,87,85,87,84,83,90,89,85,84,88,88,88,87,87,88,86,85,85,85,85,84,85,85,90,89,86,84,85,85,81,82
473,88,87,85,87,85,84,90,89,85,84,88,88,88,87,87,88,86,86,85,85,86,85,85,85,90,89,86,84,85,85,81,82
474,88,87,86,88,85,84,90,89,85,84,88,88,89,88,87,88,86,86,86,85,86,85,85,85,90,89,86,84,85,85,81,82
475,89,88,86,88,85,84,90,90,85,84,88,88,89,88,88,89,86,86,86,86,86,85,85,85,90,89,86,84,85,85,81,82
476,89,88,86,88,85,84,91,90,86,84,89,89,89,88,88,89,86,86,86,86,86,85,85,86,90,89,86,84,86,86,81,82
477,89,88,86,88,85,84,91,90,86,85,89,89,89,88,88,89,87,86,86,86,86,85,86,86,91,90,86,85,86,86,82,83
478,89,88,86,88,86,85,91,90,86,85,89,89,89,88,88,89,87,87,86,86,87,86,86,86,91,90,87,85,86,86,82,83
479,89,88,86,88,86,85,91,90,Null,Null,Null,Null,Null,Null,Null,Null,87,87,87,86,87,86,86,86,Null,Null,Null,Null,Null,Null,Null,Null
480,Null,Null,Null,Null,Null,Null,Null,Null,Null,Null,Null,Null,Null,Null,Null,Null,87,87,87,87,87,86,86,86,Null,Null,Null,Null,Null,Null,Null,Null