op_rw_wait_sa_latency,ceph01_ceph-osd.0.asok.txt,ceph01_ceph-osd.1.asok.txt,ceph01_ceph-osd.2.asok.txt,ceph01_ceph-osd.3.asok.txt,ceph01_ceph-osd.4.asok.txt,ceph01_ceph-osd.5.asok.txt,ceph01_ceph-osd.6.asok.txt,ceph01_ceph-osd.7.asok.txt,ceph02_ceph-osd.10.asok.txt,ceph02_ceph-osd.11.asok.txt,ceph02_ceph-osd.12.asok.txt,ceph02_ceph-osd.13.asok.txt,ceph02_ceph-osd.14.asok.txt,ceph02_ceph-osd.15.asok.txt,ceph02_ceph-osd.8.asok.txt,ceph02_ceph-osd.9.asok.txt,ceph03_ceph-osd.16.asok.txt,ceph03_ceph-osd.17.asok.txt,ceph03_ceph-osd.18.asok.txt,ceph03_ceph-osd.19.asok.txt,ceph03_ceph-osd.20.asok.txt,ceph03_ceph-osd.21.asok.txt,ceph03_ceph-osd.22.asok.txt,ceph03_ceph-osd.23.asok.txt,ceph04_ceph-osd.24.asok.txt,ceph04_ceph-osd.25.asok.txt,ceph04_ceph-osd.26.asok.txt,ceph04_ceph-osd.27.asok.txt,ceph04_ceph-osd.28.asok.txt,ceph04_ceph-osd.29.asok.txt,ceph04_ceph-osd.30.asok.txt,ceph04_ceph-osd.31.asok.txt
0,0,0.011715,0.024602,0.012624,0.006476,0.002902,0.003111,0.005342,0.007001,0.005545,0.007635,0.00751,0.004245,0.006405,0.010961,0.009228,0.00275,0.017121,0.011405,0.005909,0.01074,0.010091,0.025535,0.016878,0.004593,0.009166,0.01567,0.005794,0.014019,0.027222,0.025354,0.005806
1,0.012446,0.001577,0.005199,0.008569,0,0.004937,0.013665,0.002922,0,0,0,0.018401,0.018488,0,0,0,0,0.002458,0,0.003908,0,0.002412,0.001429,0,0.043542,0.012243,0.003552,0.004894,0.003016,0.002854,0.003064,0
2,0.003357,0.00257,0.005043,0.003763,0,0.002839,0.004083,0.001605,0.001535,0,0.002552,0.002529,0,0.001487,0.004933,0.002902,0.001318,0.004323,0.00194,0,0.001142,0.002044,0.002027,0.003492,0.001584,0.003545,0.0105,0,0.035099,0.005844,0,0.002051
3,0,0,0,0,0,0,0,0,0,0,0,0,0,0,0,0,0,0,0,0,0,0,0,0,0,0,0,0,0,0,0,0
4,0,0,0,0,0,0,0,0,0,0,0,0,0,0,0,0,0,0,0,0,0,0,0,0,0,0,0,0,0,0,0,0
5,0,0,0,0,0,0,0,0,0,0,0,0,0,0,0,0,0,0,0,0,0,0,0,0,0,0,0,0,0,0,0,0
6,0,0,0,0,0,0,0,0,0,0,0,0,0,0,0,0,0,0,0,0,0,0,0,0,0,0,0,0,0,0,0,0
7,0,0,0,0,0,0,0,0,0,0,0,0,0,0,0,0,0,0,0,0,0,0,0,0,0,0,0,0,0,0,0,0
8,0,0,0,0,0,0,0,0,0,0,0,0,0,0,0,0,0,0,0,0,0,0,0,0,0,0,0,0,0,0,0,0
9,0,0,0,0,0,0,0,0,0,0,0,0,0,0,0,0,0,0,0,0,0,0,0,0,0,0,0,0,0,0,0,0
10,0,0,0,0,0,0,0,0,0,0,0,0,0,0,0,0,0,0,0,0,0,0,0,0,0,0,0,0,0,0,0,0
11,0,0,0,0,0,0,0,0,0,0,0,0,0,0,0,0,0,0,0,0,0,0,0,0,0,0,0,0,0,0,0,0
12,0,0,0,0,0,0,0,0,0,0,0,0,0,0,0,0,0,0,0,0,0,0,0,0,0,0,0,0,0,0,0,0
13,0,0,0,0.001891,0,0,0,0,0,0,0,0,0.001235,0,0,0,0,0,0.001439,0,0,0,0,0,0,0.002693,0,0,0,0,0,0
14,0,0,0,0,0,0,0,0,0,0,0,0,0,0,0,0,0,0,0,0,0,0,0,0,0,0,0,0,0,0,0,0
15,0,0,0,0,0,0,0,0,0,0,0,0,0,0,0,0.001014,0,0,0,0,0,0,0,0,0,0,0,0,0,0,0,0
16,0,0,0,0,0,0,0,0,0,0,0,0,0,0,0,0,0,0,0,0,0,0,0,0,0,0,0,0,0,0,0,0
17,0,0,0,0,0,0,0,0,0,0,0,0,0,0,0,0,0,0,0,0,0,0,0,0,0,0,0,0,0,0,0,0
18,0,0,0,0,0,0.00171,0.000872,0,0,0,0.000976,0.001296,0,0,0,0,0.001293,0.001041,0.001035,0.00172,0,0,0,0,0,0,0,0.001437,0,0,0.002953,0
19,0,0,0,0,0,0,0,0,0,0.00136,0,0,0,0,0,0,0,0.001739,0,0.000846,0,0.002439,0,0,0,0.001024,0,0,0,0,0,0
20,0,0,0,0,0,0.001197,0,0,0,0,0,0,0.00074,0,0,0,0,0,0,0,0,0,0,0,0,0.005224,0,0,0,0.001001,0,0
21,0,0,0,0.00229,0,0,0,0,0,0,0,0,0,0,0,0,0,0.002038,0,0,0.000815,0,0,0,0.002408,0,0,0,0,0,0,0.002815
22,0,0,0,0,0,0,0,0,0,0,0,0,0,0,0,0,0,0,0,0,0,0,0,0,0,0,0,0,0,0,0,0
23,0,0,0.012458,0,0,0,0,0,0,0,0,0,0,0,0,0.012122,0,0,0,0,0,0,0,0,0,0,0,0,0,0,0,0
24,0,0,0,0,0,0.007678,0,0,0.001634,0.001766,0,0,0.001305,0.003536,0.001988,0,0,0,0,0,0.001629,0,0.002003,0.001365,0.001353,0,0,0,0.002311,0.003383,0.00939,0
25,0,0,0,0,0,0,0.002765,0,0,0,0,0,0.007332,0,0.005252,0,0,0,0,0,0,0,0,0,0,0,0,0,0,0.001342,0,0
26,0,0,0.005905,0,0,0,0,0,0,0,0.005813,0.004598,0,0.005226,0.006258,0.002316,0,0,0.003299,0,0.007088,0.001306,0,0.007081,0.000845,0.005759,0,0.004368,0.000732,0.008994,0.005454,0
27,0,0,0,0,0,0,0,0,0,0,0,0,0,0,0,0,0,0,0,0.001536,0,0,0,0,0,0,0,0,0,0,0,0
28,0,0,0,0,0.006747,0,0.002071,0,0.002009,0,0,0.000742,0.001263,0.001601,0,0,0.00657,0,0.006324,0.00176,0,0.007025,0,0,0.005649,0.006201,0.007063,0,0.006554,0.017514,0,0.007554
29,0,0,0,0,0,0,0,0,0,0,0,0,0,0,0,0,0,0,0,0,0,0,0,0,0,0,0,0,0,0,0,0
30,0,0,0,0,0,0,0,0,0,0,0.001864,0,0.002735,0,0,0,0,0,0,0,0,0,0,0.002898,0,0.002119,0,0,0,0,0.002257,0
31,0,0,0.001782,0,0,0,0,0,0,0,0,0.00312,0,0,0,0,0,0,0.004115,0,0,0.000844,0,0.001237,0,0.001514,0,0.001096,0.002142,0.001395,0,0.001288
32,0,0,0,0,0,0.001257,0.00157,0,0,0.002423,0.002124,0,0.005784,0.001614,0,0,0,0,0,0,0,0.004661,0.003349,0,0,0,0,0,0,0,0.001757,0
33,0,0,0,0,0,0,0,0,0,0,0,0,0,0,0,0,0,0,0,0,0,0,0,0,0,0,0,0,0,0,0,0
34,0,0,0,0.001588,0,0.006617,0.004316,0.003051,0.000897,0.001123,0,0,0,0,0,0,0,0,0.002731,0.004162,0,0,0.003612,0,0,0.005114,0,0,0.001205,0.009572,0.001891,0
35,0.003526,0,0.006532,0,0.000872,0,0,0,0.001039,0,0.002657,0.005003,0.003689,0.003648,0.001578,0,0,0,0.000816,0.002643,0,0,0,0,0.008645,0.004164,0.002619,0,0,0,0.009715,0.012313
36,0,0,0,0,0,0,0,0,0,0,0,0,0,0,0.004027,0,0,0,0,0,0,0,0,0,0,0,0.003141,0.003062,0,0,0.002449,0.000725
37,0.008459,0.005943,0.004979,0,0.005488,0,0,0,0.002179,0,0.003306,0,0,0,0,0.001628,0.005662,0,0.003331,0.002489,0.005662,0.008107,0.004623,0.006507,0.005477,0,0,0.004043,0,0,0,0.002606
38,0,0.004704,0.007113,0.00071,0.001449,0,0,0.01756,0.003841,0,0,0.002145,0,0,0,0,0,0,0,0,0,0,0.001061,0,0.02002,0.00723,0,0,0,0.00543,0.000799,0.001831
39,0,0,0,0,0,0,0,0,0,0,0,0,0,0,0,0,0,0,0.016562,0,0,0,0,0,0,0,0.016819,0,0,0,0,0.011406
40,0,0,0,0,0,0,0,0,0,0,0,0,0,0,0,0,0,0,0,0,0,0,0,0,0,0,0,0,0,0,0,0
41,0,0,0,0,0,0,0,0,0,0,0,0,0,0,0,0,0,0,0,0,0,0,0,0,0,0,0,0,0,0,0,0
42,0,0,0,0,0,0,0,0,0,0,0,0,0,0,0,0,0,0,0,0,0,0,0,0,0,0,0,0,0,0,0.00174,0
43,0,0,0,0,0,0,0,0,0,0,0,0,0,0,0,0,0,0,0,0,0,0,0,0,0,0,0,0,0,0,0.001479,0
44,0,0,0,0,0,0,0,0,0,0,0,0,0,0,0,0,0,0,0,0,0,0,0,0,0,0,0,0,0,0,0,0
45,0,0,0,0,0,0,0,0,0,0,0,0,0,0,0,0,0,0,0,0,0,0,0,0,0,0,0,0,0,0,0,0
46,0,0,0,0,0,0,0,0,0,0,0,0,0,0,0,0,0,0,0.001338,0,0,0,0,0,0,0,0,0,0,0,0,0
47,0,0,0,0,0,0.002145,0,0.001415,0,0,0,0,0,0,0,0.001312,0.001123,0.001801,0,0,0.001552,0,0,0,0,0,0,0,0,0.0038,0,0
48,0,0.002678,0,0.005296,0,0,0,0,0,0,0.003648,0.008603,0,0.002662,0.005633,0.007767,0.00241,0.003671,0,0.001978,0.002392,0.001301,0,0,0,0.001059,0,0.001853,0,0.001564,0,0.003813
49,0,0,0,0,0,0,0,0.005224,0,0,0,0,0.000804,0.000979,0.005906,0,0.006446,0,0,0,0,0,0,0,0,0,0,0,0,0,0,0
50,0,0,0,0,0,0,0,0,0,0,0,0,0,0,0,0,0,0,0,0,0,0,0,0,0,0,0,0,0,0,0,0
51,0,0,0,0,0,0,0,0,0,0,0,0,0,0,0,0,0,0,0,0,0,0,0,0,0,0,0,0,0,0,0,0
52,0,0,0,0,0,0,0,0,0,0,0,0,0,0,0,0,0,0,0,0,0,0,0,0,0,0,0,0,0,0,0,0
53,0,0,0,0,0,0,0,0,0,0,0,0,0,0,0,0,0,0,0,0,0,0,0.0008,0,0,0,0,0,0,0,0,0.00136
54,0,0,0,0.002258,0,0,0,0,0,0,0,0,0,0,0,0,0,0,0,0,0,0.001043,0,0,0.001947,0,0,0,0,0,0,0
55,0.001916,0,0.001609,0.001628,0,0.000846,0,0,0,0,0,0,0.001575,0.002865,0,0.001354,0,0,0,0,0,0.001383,0.002507,0,0,0,0,0,0,0,0.004085,0
56,0,0,0,0,0,0,0,0,0,0.002163,0,0.005626,0,0,0,0.010208,0,0,0.006114,0.002948,0.008475,0.00432,0.000785,0.008926,0.007252,0,0.006103,0,0.00792,0.005135,0.005971,0
57,0,0,0,0.003324,0,0,0,0.004218,0,0.002894,0.003021,0.004536,0,0.002177,0,0.005104,0,0,0,0,0,0,0,0.000749,0,0,0.000915,0.001967,0,0.000806,0.004503,0
58,0.011399,0.001516,0.008405,0.002164,0.008234,0.007187,0.002923,0.001415,0.005871,0.005854,0,0.008255,0,0.002889,0.007747,0.002917,0.001,0.002887,0.00204,0.005596,0.001912,0.006129,0,0.001347,0,0.005731,0,0.000942,0.001386,0,0,0.004684
59,0.001093,0,0,0.000711,0.001603,0.001234,0,0,0,0,0,0,0.001392,0.002823,0,0.00184,0,0,0,0,0,0,0.002753,0.001408,0.001908,0,0,0,0,0.000803,0.003518,0
60,0.006877,0.005636,0,0,0,0,0,0,0,0,0,0,0,0,0.0043,0,0,0,0,0,0.002205,0.002329,0,0,0,0,0,0,0.000943,0,0,0
61,0,0,0,0,0,0,0,0,0,0,0,0,0,0,0,0,0,0,0,0,0,0,0,0,0,0,0,0,0,0,0,0
62,0.001709,0.003902,0,0,0,0,0.002753,0.006225,0,0.002518,0.000998,0,0.000903,0,0,0,0,0,0,0,0,0,0,0.006361,0,0,0,0,0,0,0,0
63,0.005144,0,0,0,0,0,0,0,0,0,0,0,0,0,0,0.00093,0,0,0,0,0,0,0,0,0,0,0,0,0,0,0,0
64,0,0,0.001736,0,0.002663,0.001192,0.000788,0.002802,0,0,0.000869,0.001305,0.00152,0,0,0,0.01346,0,0,0,0,0,0.001392,0,0.001369,0,0,0,0.000942,0.00271,0,0
65,0,0.001884,0,0,0,0,0.006515,0,0,0,0,0.006511,0.001899,0,0,0.001918,0,0,0.001813,0,0.00097,0.003592,0,0,0,0,0.002257,0,0,0,0,0
66,0,0,0,0,0,0,0,0,0,0,0,0,0,0,0,0,0,0,0,0,0,0,0,0,0,0,0,0,0,0,0,0
67,0,0,0,0,0,0,0,0,0,0,0,0,0,0,0,0,0,0,0,0,0,0,0,0,0,0,0,0,0,0,0,0
68,0,0,0,0,0,0,0,0,0,0,0,0.001766,0,0,0,0,0,0,0,0,0,0.003519,0,0,0,0,0,0,0,0,0,0
69,0,0,0,0,0,0.003018,0,0,0.001653,0,0,0,0,0,0,0,0,0,0,0,0,0,0,0,0,0,0,0.000941,0,0,0,0
70,0,0.002708,0,0.001,0,0,0.001911,0.001293,0,0.001876,0.007123,0,0.003277,0,0,0.000935,0.001142,0.002637,0.001426,0.004123,0.004368,0.003144,0,0.003742,0,0.001754,0,0.00178,0.001039,0,0.001517,0
71,0,0,0.002563,0.015513,0,0.001539,0,0,0,0.01579,0,0.001608,0.001926,0.003787,0,0,0.001991,0.017443,0.001698,0,0,0,0,0,0,0.001117,0,0.000923,0,0,0,0
72,0,0,0,0,0,0,0,0,0,0,0.016251,0,0,0,0,0,0,0,0.017037,0,0.019059,0.018106,0,0,0,0,0,0,0,0,0,0
73,0,0,0,0,0,0,0,0,0,0,0,0,0,0,0,0,0,0,0,0,0,0,0,0,0,0,0,0,0,0,0,0
74,0,0,0,0,0,0,0,0,0,0,0,0,0,0,0,0,0,0,0,0,0,0,0,0,0,0,0,0,0,0,0,0
75,0,0,0.004733,0.003606,0,0,0,0,0,0,0,0,0,0.002404,0,0,0,0,0,0,0,0,0,0,0,0,0,0,0,0,0,0
76,0,0,0,0,0,0,0,0.003277,0,0,0,0,0.001492,0,0,0,0,0.001348,0.000907,0,0,0,0,0,0,0,0,0,0,0,0.001522,0.001226
77,0,0,0,0,0.002037,0,0,0.003197,0,0,0,0,0,0,0,0,0,0,0,0,0,0,0,0,0,0.00812,0,0,0,0,0,0
78,0,0,0,0,0,0,0,0,0,0,0,0,0,0,0,0,0,0,0,0,0,0,0,0,0,0,0,0,0,0,0,0
79,0,0,0,0,0,0,0,0,0,0,0,0,0,0,0,0,0,0.006288,0.008272,0,0,0,0,0,0,0,0,0,0,0,0,0
80,0.002608,0,0.003178,0,0,0,0.003457,0,0,0,0,0,0,0,0,0,0,0,0,0,0,0,0,0,0,0,0,0,0,0,0,0.003875
81,0.001535,0,0,0,0,0.017292,0.002006,0.015752,0,0,0,0,0,0.015673,0,0,0.001446,0,0,0,0,0,0,0.016533,0.001085,0.009256,0.00127,0,0,0.037792,0.009591,0.000832
82,0,0.00292,0,0,0.001479,0.006933,0.001035,0,0,0,0.009765,0,0.009899,0,0,0,0,0.008963,0.00161,0.002515,0.008993,0.004988,0,0.005092,0,0.007603,0,0.002145,0.001499,0,0,0
83,0,0,0,0,0,0,0,0,0,0,0,0,0,0,0,0,0,0,0,0,0.001811,0,0,0,0,0,0,0,0,0,0,0
84,0,0,0,0,0,0,0,0,0,0,0,0,0,0,0,0,0,0,0,0,0,0,0,0,0,0,0,0,0,0,0,0
85,0,0,0,0,0,0,0,0,0,0,0,0,0,0,0,0,0,0,0,0,0,0,0,0,0,0,0,0,0,0,0,0
86,0,0,0,0,0,0,0,0,0,0,0,0.001269,0,0.001464,0,0,0,0,0,0,0,0,0,0,0,0,0,0,0,0,0,0
87,0,0,0,0,0.001203,0,0,0.000646,0.005455,0,0.002853,0,0,0,0,0,0,0.001569,0.001222,0,0,0,0,0,0,0,0,0,0.001655,0,0.001899,0
88,0,0,0.008007,0,0.005043,0,0,0,0,0,0,0.001452,0,0,0,0,0.006241,0,0,0,0,0,0,0,0.000853,0.004392,0.001775,0,0.007716,0,0.017313,0
89,0,0,0,0.002973,0,0,0.003222,0,0,0.00204,0,0.003625,0,0,0.001148,0,0,0,0,0,0,0,0,0,0,0.000857,0,0,0,0,0.000976,0
90,0,0,0,0,0,0,0,0,0,0,0,0,0,0,0,0,0,0,0,0,0,0,0,0,0,0,0,0,0,0,0,0
91,0,0,0,0,0,0,0,0,0,0,0,0,0,0,0,0,0,0,0,0,0,0,0,0,0,0,0,0,0,0,0,0
92,0,0,0,0,0.00202,0,0,0,0,0.00151,0,0.001585,0.001783,0.002584,0.000679,0,0.02948,0,0.001288,0,0,0,0.000665,0.005636,0.002481,0,0,0.001712,0.001452,0,0.000673,0
93,0.002446,0,0.002394,0.003193,0.003145,0,0.005619,0.003766,0.00191,0,0,0.00161,0.0042,0,0,0,0,0,0,0.001492,0,0.004944,0,0,0,0.005141,0,0,0.000956,0,0,0.000673
94,0,0,0,0,0,0,0,0,0,0,0,0,0,0,0,0,0,0,0,0,0,0,0,0,0,0,0,0,0,0,0,0
95,0,0,0,0,0,0,0,0,0,0,0,0,0,0,0,0,0,0,0,0,0,0,0,0,0,0,0,0,0,0,0,0
96,0,0,0,0,0,0,0,0,0,0,0,0,0,0,0,0,0,0,0,0,0,0,0,0,0,0,0,0,0,0,0,0
97,0,0,0,0,0,0,0,0,0,0,0,0,0,0,0,0,0,0,0,0,0,0,0,0,0,0,0,0,0,0,0,0
98,0,0,0,0,0,0,0,0,0.012509,0,0,0,0,0,0,0,0,0,0,0,0,0,0,0,0,0,0.011181,0,0.013089,0,0,0
99,0,0,0,0.005891,0,0,0,0,0.001928,0,0,0,0,0.005932,0.000817,0.003793,0,0.006248,0,0,0,0,0,0,0,0,0,0,0,0,0,0
100,0,0,0,0,0,0,0,0,0,0,0,0,0,0,0,0,0.002204,0,0,0,0,0,0,0,0,0,0,0,0,0,0,0
101,0,0,0,0,0,0,0,0,0,0,0,0,0,0,0,0,0,0,0,0,0,0,0,0,0,0,0,0,0,0,0,0
102,0,0,0,0,0,0,0,0,0,0,0,0,0,0,0,0,0,0,0,0,0,0,0,0,0,0.00167,0,0,0,0,0,0
103,0.000663,0,0,0,0,0,0,0,0,0.008056,0,0,0,0.003165,0.005322,0,0,0,0.004968,0,0,0,0.017363,0,0.001385,0.000943,0.016927,0,0,0.003174,0,0
104,0,0,0.022853,0,0,0.001628,0,0.001387,0,0,0,0.004354,0,0,0,0.000691,0.004399,0,0,0,0,0,0,0.001013,0,0.005831,0,0.002055,0.001233,0,0.001857,0
105,0.001286,0.008367,0.001535,0.004102,0.011281,0.004191,0,0.010036,0,0,0.005871,0,0,0.001237,0,0,0,0,0.003815,0,0,0,0,0,0,0.01144,0.002435,0,0,0.001555,0,0.004346
106,0,0,0,0,0,0,0,0,0,0,0,0,0,0,0,0,0,0,0.022939,0.01113,0,0,0.010929,0.000949,0,0,0,0,0,0,0,0
107,0,0,0,0,0,0,0,0,0,0,0,0,0,0,0,0,0,0,0,0,0,0,0,0,0,0,0,0,0,0,0,0
108,0,0,0,0,0,0,0,0,0,0,0,0,0,0,0,0,0,0,0,0,0,0,0,0,0,0,0,0,0,0,0,0
109,0,0.003277,0,0,0,0,0,0,0,0,0,0,0,0,0,0,0.001775,0,0,0,0,0,0.002868,0,0,0.001447,0,0,0,0,0,0
110,0.002218,0,0,0.001379,0,0,0.003183,0,0.002108,0,0.004828,0.001026,0,0,0.007922,0,0,0,0,0,0,0,0,0.00215,0,0,0,0.011059,0.000801,0,0.011088,0.002868
111,0,0,0,0,0,0,0,0.001275,0,0,0.00115,0,0,0,0,0,0.004763,0.002216,0,0,0.000837,0.00096,0.001092,0,0,0,0,0,0,0,0,0.001228
112,0,0,0,0,0,0,0,0,0,0,0,0,0,0,0,0,0,0,0,0,0,0,0,0.001232,0,0,0,0,0,0,0,0
113,0.002476,0,0.001859,0,0,0.001571,0,0.002844,0,0,0,0,0,0.002827,0,0,0,0,0,0,0,0,0,0,0,0,0,0.001837,0,0,0,0
114,0.001118,0,0.000983,0,0,0,0,0,0,0.001067,0,0,0.001553,0.002764,0,0,0.004559,0,0,0,0.001045,0.000956,0.001911,0.002163,0.001098,0.002336,0,0,0,0,0,0
115,0,0,0,0,0,0.00109,0.001399,0,0,0,0.004603,0,0,0,0,0,0,0,0,0,0,0,0.000986,0,0,0,0,0,0,0,0.001352,0.001264
116,0.002457,0,0.006125,0,0,0.002888,0,0.004669,0,0,0.001262,0.000817,0,0.002239,0,0,0.001714,0,0,0,0,0,0,0,0.000727,0,0,0,0.001388,0,0,0
117,0.022181,0,0,0.022596,0.026283,0.026249,0,0,0.002012,0,0,0,0,0,0,0,0.000675,0.001345,0,0,0,0,0.000792,0,0,0.010106,0,0,0,0.023985,0.008188,0
118,0.001799,0,0,0,0.002729,0.004206,0.001904,0.000747,0.001531,0,0,0,0,0.002574,0,0.001766,0,0,0,0,0,0.021056,0,0.028337,0,0.001538,0.000815,0.003961,0.004881,0,0,0.004846
119,0,0,0,0.001668,0,0,0,0,0,0,0,0.004451,0,0,0.000704,0,0.005875,0.000829,0,0.004711,0.00601,0,0.007894,0.001124,0.006051,0,0.005723,0,0.000804,0,0,0
120,0,0,0,0,0,0,0,0,0,0,0,0,0,0,0,0,0,0,0,0,0,0,0,0,0,0,0,0,0,0,0,0
121,0,0.002368,0,0,0,0,0,0,0,0,0.00195,0.007288,0,0.001702,0.001438,0,0,0,0,0,0,0,0,0,0,0,0,0,0,0,0.000995,0
122,0,0,0,0,0,0,0,0,0,0.006569,0.011344,0,0,0,0.003727,0,0,0.001334,0,0,0.002249,0,0,0,0,0.002825,0.006037,0.002563,0.006186,0,0,0.002436
123,0.001734,0,0,0,0,0,0,0,0.001527,0,0,0,0,0,0.001389,0,0,0,0,0,0.001386,0,0.002646,0,0,0,0,0,0,0,0,0.00185
124,0.001346,0.010088,0,0,0,0,0.003412,0.001666,0.000701,0.001013,0,0,0,0,0,0,0.001188,0.001689,0,0.000824,0,0,0,0,0.001478,0.00093,0.001684,0,0,0,0,0.002362
125,0,0,0,0,0,0,0,0.000995,0,0,0,0,0,0,0,0,0,0,0,0,0.001103,0,0.025389,0,0,0,0,0,0,0,0,0
126,0.004095,0.005094,0,0.004534,0,0.00792,0.004967,0.003432,0.005583,0,0.002489,0,0,0.003515,0.002913,0,0.007472,0,0.003937,0.004228,0,0.003409,0.00485,0.00622,0,0.003152,0,0,0,0,0,0
127,0,0,0,0,0,0,0,0,0.000838,0,0,0.001089,0,0,0,0,0,0,0,0.002636,0.005278,0.00298,0.003818,0.002066,0.003835,0,0.000728,0,0,0,0.001937,0.003663
128,0,0,0,0,0.000657,0,0,0,0,0,0,0,0,0,0,0,0,0.006308,0,0.002107,0,0,0,0,0,0,0,0,0,0,0,0
129,0,0,0.006282,0,0,0,0.005728,0,0.002286,0,0,0,0,0.004767,0.002693,0,0,0,0,0,0,0,0,0,0.003322,0.005014,0.002505,0,0,0.003105,0,0
130,0,0,0,0,0,0.002343,0,0,0,0,0,0,0,0.002383,0,0.002009,0,0,0.001695,0,0,0.002608,0,0,0,0,0,0,0.001109,0,0,0
131,0,0,0,0,0,0,0,0,0.000956,0,0,0,0.001334,0,0,0,0.002298,0,0,0,0,0,0,0,0.001457,0.001146,0,0.001258,0.001366,0,0.002049,0
132,0,0,0,0,0,0,0,0,0,0,0,0,0,0,0,0,0,0.000869,0,0.001696,0,0.001246,0,0,0,0,0,0,0,0,0,0
133,0,0,0,0,0.002761,0,0,0,0,0,0,0.0025,0,0,0,0,0,0,0,0,0,0,0,0,0,0,0,0,0,0,0,0
134,0,0,0,0,0,0,0,0,0,0,0,0,0,0,0,0,0,0,0.002115,0,0,0,0,0,0,0,0,0,0,0,0,0
135,0.003081,0,0,0,0,0,0.005795,0,0,0,0,0,0,0.000764,0,0,0.004872,0,0,0,0,0,0,0,0.001731,0,0,0.000779,0,0,0,0
136,0,0,0,0,0,0,0,0,0,0,0,0,0,0,0,0,0.000715,0.002522,0,0.000675,0.003151,0,0.002517,0,0,0,0,0,0,0,0,0
137,0,0,0,0,0,0,0,0,0,0,0,0,0,0,0,0,0,0,0,0,0,0,0,0,0,0,0,0,0,0,0,0
138,0,0,0,0,0,0,0,0,0,0,0,0,0,0,0,0,0,0,0,0,0,0,0,0,0,0,0,0,0,0,0,0
139,0,0,0,0,0,0,0,0,0,0,0,0,0,0,0,0,0,0,0,0,0,0,0,0,0,0,0,0,0,0,0,0
140,0,0,0,0,0,0,0,0,0,0,0,0,0,0,0,0,0,0,0,0,0,0,0,0,0,0,0,0,0,0.001102,0,0
141,0,0,0,0,0,0,0,0,0,0,0,0,0,0,0,0,0,0,0,0,0,0,0,0,0,0,0,0,0,0,0.004067,0
142,0,0,0.004193,0,0,0,0,0,0,0.003469,0,0.001368,0,0,0,0,0.001386,0,0,0,0,0,0,0,0,0,0,0,0,0.007667,0,0
143,0,0,0,0,0,0,0,0,0,0,0,0,0,0,0,0,0,0,0,0,0,0,0,0,0,0,0,0,0,0,0,0
144,0,0,0,0,0,0.000827,0,0,0,0.002185,0,0,0,0,0,0.002357,0,0,0,0,0,0,0,0,0.001424,0,0,0,0.002175,0,0.002793,0
145,0,0,0,0,0,0,0,0,0.000716,0,0.024639,0.025041,0,0,0,0,0,0,0,0,0.002975,0,0,0.001995,0.001755,0.025791,0,0,0,0,0,0.024924
146,0.00212,0,0.000946,0.003996,0.003104,0.002778,0,0.001678,0.001894,0.003447,0.003902,0,0,0.002646,0,0.00165,0,0,0.004631,0,0,0.004411,0,0,0.004435,0.002521,0,0,0.004611,0,0.002296,0.005838
147,0,0,0,0,0,0,0.000996,0,0,0,0,0,0,0,0,0,0.004769,0.001365,0.001158,0,0.000871,0.005085,0.004678,0,0,0,0,0,0,0,0,0
148,0,0,0,0,0,0,0,0,0,0,0,0,0,0,0,0,0.00225,0,0,0,0,0.001706,0,0,0,0,0,0,0,0,0,0
149,0,0,0,0,0,0,0,0,0,0,0,0,0,0,0,0,0,0,0,0,0,0,0,0,0,0,0,0,0,0,0,0
150,0,0,0,0,0,0,0,0,0,0,0,0,0,0,0,0,0,0,0,0,0,0,0,0,0,0,0,0,0,0,0.001035,0
151,0,0.001983,0.014201,0,0,0,0,0,0,0.018279,0.002028,0.003265,0.000877,0,0,0,0,0,0,0,0,0,0,0,0,0.001827,0,0.012607,0,0,0.01969,0.00172
152,0,0.011857,0,0,0,0.000987,0,0,0,0,0,0.00114,0,0,0,0.010549,0,0,0,0,0.005632,0.006461,0,0.001363,0,0,0,0,0,0,0.00251,0
153,0,0,0,0,0,0,0,0,0,0,0,0,0.00109,0,0,0,0,0,0,0.002016,0,0,0,0,0,0,0,0,0,0,0,0
154,0,0,0,0,0,0,0,0,0,0,0,0,0,0,0,0,0,0,0,0,0,0,0,0,0,0,0,0,0,0,0,0
155,0,0,0,0,0,0,0,0,0,0,0,0,0,0,0,0,0,0,0,0,0,0,0,0,0,0,0,0,0,0,0,0
156,0,0,0,0,0,0,0,0,0,0,0,0,0,0,0,0,0,0,0,0,0,0,0,0,0,0,0,0.001889,0,0,0,0
157,0,0,0,0,0,0,0,0,0.002628,0.00969,0.010119,0,0.008145,0.001867,0.011203,0,0,0,0,0,0,0,0,0,0,0,0,0.008273,0.004781,0,0.007765,0.009059
158,0,0,0,0,0,0.003375,0,0,0,0,0.001195,0,0.001358,0.002652,0.001168,0,0.005855,0.009933,0,0,0.00867,0,0.003534,0.008831,0,0,0,0,0.003349,0.001439,0.001066,0
159,0,0,0,0,0.002479,0,0,0,0,0,0,0,0,0,0,0,0,0,0.002189,0,0.002972,0,0,0,0,0,0.003312,0,0,0,0,0
160,0,0,0,0,0,0,0.001052,0,0,0,0,0,0,0.001815,0,0,0,0,0,0,0,0,0,0,0,0,0.002081,0.001341,0,0,0,0
161,0,0,0,0,0,0,0,0,0.002003,0,0,0,0,0,0,0,0,0,0,0,0,0,0,0.00386,0,0,0,0,0,0,0,0
162,0.001892,0,0,0,0,0,0,0.000838,0,0.003722,0.002705,0.001584,0,0,0,0.002411,0,0,0,0,0,0,0,0,0,0,0.002852,0,0.001313,0,0,0.002379
163,0,0.001084,0,0,0,0,0,0,0,0,0,0,0.003571,0,0.001765,0.001173,0,0,0,0,0,0,0,0,0.000988,0.001342,0.001187,0.003691,0.003414,0,0.005003,0
164,0,0,0,0,0,0,0,0,0,0,0,0,0.001879,0.001537,0,0,0,0,0,0.001061,0,0,0,0,0,0,0,0,0,0,0,0
165,0,0,0,0,0.001286,0,0,0,0,0,0,0,0,0.002312,0,0,0.000769,0,0,0,0,0,0,0,0,0,0.000863,0,0,0,0,0
166,0,0,0,0,0,0,0.002865,0,0,0,0,0,0,0.005533,0,0,0,0,0,0,0,0.003045,0,0,0,0.000933,0,0,0,0,0,0.001884
167,0,0,0,0.001016,0,0.004598,0,0,0,0,0,0,0,0,0,0,0.00119,0.000955,0.000967,0,0,0,0.005323,0.002769,0,0,0,0,0.002108,0,0,0
168,0,0,0,0,0,0.001416,0,0,0.001358,0,0,0,0,0,0.001915,0.003579,0,0,0.001595,0,0,0,0,0,0,0,0,0,0,0.001828,0.001417,0
169,0,0,0,0,0,0,0,0,0,0,0,0,0,0,0,0,0.000834,0.011404,0,0,0,0,0.006097,0,0.004184,0,0.003206,0.003495,0,0,0,0
170,0,0.00117,0.002851,0,0,0,0.001148,0,0.007969,0.009311,0,0.005472,0.005286,0,0.004593,0.005993,0,0,0,0,0,0,0,0,0.005557,0.0012,0.007745,0,0.005515,0.001815,0.005601,0
171,0,0,0,0,0.007164,0,0.001054,0,0,0.001682,0,0.003148,0,0.0127,0.013102,0.01318,0.005966,0.004325,0.007382,0.007378,0,0.009572,0.004934,0.007525,0,0,0,0.001518,0.001188,0,0,0
172,0,0,0,0,0,0,0,0,0,0,0,0,0,0,0,0,0,0,0.012386,0.01228,0,0,0,0,0,0,0,0,0,0,0,0
173,0,0.002598,0.005512,0,0.002701,0,0.002932,0.002273,0,0.002669,0,0,0,0.004348,0,0,0,0,0,0,0,0,0,0,0.002318,0.003835,0.004899,0.002275,0.002445,0.003766,0.00186,0.001293
174,0,0.001373,0.002462,0,0,0,0.003122,0,0.002129,0.002765,0.001677,0,0.000905,0.002719,0,0,0,0.001764,0.001769,0,0.001856,0.003616,0.000689,0.001668,0.001698,0,0.001591,0.002537,0,0.00242,0,0.002295
175,0,0.002095,0,0,0.000846,0,0,0,0,0,0.001857,0,0,0,0,0.002052,0.00237,0.002525,0.002006,0.002282,0.002382,0.001458,0.001109,0.001922,0,0,0.002893,0,0,0,0,0
176,0,0,0,0.000984,0,0,0,0,0,0,0.002104,0,0.000855,0,0,0,0,0,0,0,0,0,0,0,0.002792,0,0,0,0,0,0,0
177,0,0,0,0,0,0,0,0,0,0,0,0,0,0,0,0,0,0,0,0,0.001536,0,0,0,0,0,0,0,0,0,0,0
178,0,0,0,0,0,0,0,0,0.001518,0.003651,0,0.001319,0.003735,0.002635,0,0.002952,0,0,0,0,0,0,0,0,0,0,0,0,0,0,0,0
179,0.014131,0.000993,0.00507,0,0.008573,0,0.008022,0.002155,0,0,0.016341,0,0.014967,0.015715,0.002082,0,0.003714,0,0,0,0.003783,0,0.001995,0.000718,0.012412,0,0.014327,0.014508,0,0,0.014457,0.01396
180,0,0,0,0,0,0,0,0,0,0,0,0,0,0,0.001282,0,0.015418,0,0.00218,0,0,0.002365,0,0.014109,0,0,0,0,0,0,0,0
181,0,0,0,0,0,0,0.004383,0.002803,0,0,0,0,0,0,0,0,0,0,0,0,0,0,0,0,0.001474,0.00201,0,0.001674,0,0,0.000878,0.005055
182,0,0,0,0,0,0,0,0,0,0,0,0,0,0,0,0,0,0.001044,0.002458,0,0,0,0.001909,0.000756,0,0,0,0,0,0,0,0
183,0,0,0,0,0,0,0,0,0,0,0,0,0,0,0,0,0,0,0,0,0,0,0,0,0,0,0,0,0,0,0,0
184,0,0.001574,0.00521,0,0.006292,0.003986,0,0.001893,0.007737,0,0.006935,0,0.002622,0.006682,0.006912,0.00256,0,0,0,0,0,0,0,0,0.007219,0.009257,0.00175,0.002514,0.004994,0.002121,0.003438,0.010991
185,0.001266,0,0,0,0.001249,0,0,0.001706,0.000735,0,0,0.0008,0,0,0,0,0.001233,0,0.002159,0.001115,0.002874,0.007366,0,0.001955,0,0,0,0,0,0,0,0
186,0,0.001419,0,0,0,0,0,0,0,0.001225,0,0,0.001704,0,0.000887,0,0,0,0,0.00213,0,0,0,0,0,0.001567,0.000765,0,0,0,0,0
187,0.014625,0,0.012966,0,0,0,0,0,0,0,0,0,0,0,0,0,0.024188,0,0,0,0,0,0,0,0,0,0,0,0,0.001636,0.013314,0
188,0,0,0,0,0,0,0,0,0,0,0,0,0,0,0,0,0,0,0,0,0,0,0.013332,0,0,0,0,0,0,0,0,0
189,0,0,0,0,0.00201,0,0,0.002155,0,0,0,0,0,0,0,0,0,0,0,0,0,0,0,0,0,0,0,0,0,0,0,0
190,0,0,0,0,0,0,0,0,0.001619,0,0.006107,0,0,0,0.003997,0.004887,0,0,0,0,0,0,0,0,0.001525,0.001937,0.001751,0,0,0,0,0
191,0,0,0,0,0,0,0,0,0,0.015154,0.005067,0.005119,0.006355,0,0,0,0,0.002581,0.005644,0.001713,0,0,0,0.00122,0,0,0,0.003623,0,0,0.008341,0.012395
192,0,0,0,0,0,0,0,0,0,0,0,0,0,0,0,0,0.012233,0.00449,0,0.004134,0,0.012557,0,0.005439,0,0,0,0,0,0,0,0
193,0,0,0,0,0,0,0,0,0,0,0,0,0,0,0,0,0,0,0,0,0,0,0,0,0,0,0,0,0,0,0,0
194,0,0,0,0,0,0,0,0,0,0,0,0,0,0,0,0,0,0,0,0,0,0,0,0,0,0,0,0,0,0,0,0
195,0,0,0,0,0,0,0,0,0,0,0,0,0,0,0,0,0,0,0,0,0,0,0,0,0,0,0,0,0,0,0,0
196,0,0,0,0,0.001848,0,0,0,0,0,0,0,0,0,0,0,0,0,0,0,0,0,0,0,0,0,0,0,0,0,0,0
197,0,0,0,0,0,0,0,0,0,0,0,0,0,0,0,0,0,0,0,0,0,0,0,0,0,0,0,0,0,0,0.001072,0
198,0,0,0,0,0,0,0,0,0,0,0,0,0,0,0,0,0,0,0,0,0,0,0,0,0,0,0.001155,0,0,0,0,0
199,0,0,0.000967,0,0,0.000879,0.000777,0.001762,0,0,0.003075,0,0,0.00387,0,0,0,0,0,0,0,0,0,0,0,0,0,0,0.000873,0,0,0.006166
200,0,0.004402,0.001226,0,0,0,0.004518,0.001335,0,0,0,0.001767,0,0,0,0,0.003544,0,0,0.002131,0,0,0.002088,0.001478,0,0.004693,0,0,0.002697,0.009014,0,0.003252
201,0,0,0.000787,0,0.002206,0.003527,0,0.001315,0,0.003454,0.001407,0,0.002135,0.003903,0.000724,0,0,0.001162,0.008817,0.00243,0.004649,0,0,0,0.000884,0,0.003532,0,0,0.002597,0,0.00237
202,0,0.001508,0,0,0,0,0,0,0,0.001431,0,0,0,0,0,0.001255,0.003465,0,0.004383,0.001918,0,0.000675,0,0,0.000743,0,0,0,0,0,0,0
203,0,0,0,0,0,0,0,0,0,0,0,0,0,0,0,0,0,0,0,0,0,0,0,0,0,0,0,0,0,0,0,0
204,0.00091,0,0,0,0.000741,0,0,0,0,0,0,0,0,0,0,0,0,0,0,0,0,0,0,0,0,0,0,0,0,0,0.001025,0
205,0,0,0,0,0,0,0,0,0,0,0,0,0.002639,0,0,0.001036,0,0.000928,0,0,0,0,0.002257,0,0,0,0,0,0,0,0,0.002136
206,0,0,0,0,0.00137,0.001634,0,0,0.000962,0,0,0.000939,0.000927,0.001373,0,0.006257,0.000951,0,0,0,0,0,0,0,0,0,0,0,0.000712,0.002327,0.002054,0
207,0,0,0,0,0.001622,0.001849,0,0,0.00316,0,0.004055,0,0,0,0.000882,0,0,0.00205,0,0.006387,0,0,0,0.001918,0.002748,0.001477,0.000949,0,0.002434,0.00205,0.001126,0.001106
208,0,0,0,0,0,0,0,0,0,0,0,0,0,0,0,0,0.00221,0,0.004096,0,0,0,0.003661,0.00287,0,0,0,0,0,0,0,0
209,0,0,0,0,0,0,0,0,0,0,0,0,0,0,0,0,0,0,0,0,0,0,0,0,0,0,0,0,0,0,0,0
210,0.000682,0,0.005038,0,0.003155,0.002845,0.000848,0.004042,0,0,0.001093,0.002522,0,0,0,0,0,0,0,0,0,0,0,0,0,0,0,0.002331,0,0,0.005277,0.001688
211,0.004458,0.001704,0,0,0,0,0,0,0,0.000892,0,0.002579,0,0,0,0,0,0.001878,0,0,0.001944,0,0,0,0.001769,0,0.002245,0,0,0,0,0.001737
212,0,0,0,0,0,0,0,0.001187,0.002598,0,0.000952,0,0,0.005649,0,0,0.001641,0,0,0,0.002505,0,0.00152,0,0.002165,0,0.002917,0,0.00148,0,0,0
213,0.00066,0,0.001648,0,0.00331,0,0,0,0,0,0,0,0,0.00192,0,0.003422,0,0,0,0,0,0,0,0,0,0,0,0.004583,0.003974,0,0,0
214,0,0,0,0,0,0,0,0,0,0,0,0,0,0,0,0,0,0,0,0,0,0,0.001267,0.012572,0,0,0,0,0,0,0,0.003186
215,0,0,0,0,0,0.002751,0,0.003925,0,0,0,0.003366,0,0.001376,0,0,0,0,0,0,0,0,0,0,0,0,0,0,0.003977,0,0,0
216,0,0,0,0,0,0,0,0,0,0.001702,0,0,0,0,0,0,0,0,0,0,0,0,0,0,0,0,0,0,0.002131,0,0,0
217,0,0,0,0,0,0,0,0,0,0,0,0,0,0,0,0,0,0,0,0,0.001696,0,0,0,0,0,0,0,0,0,0,0
218,0.001863,0.003434,0,0.000948,0,0.00203,0,0,0.002292,0.002541,0,0,0.012287,0,0,0.001257,0,0,0,0,0,0,0.001332,0,0.003982,0.003045,0,0.004821,0.001796,0.00528,0.000894,0.001358
219,0,0,0,0,0,0,0,0,0,0,0,0,0,0,0,0,0,0,0,0,0,0.001759,0.000811,0,0,0,0.011953,0,0,0,0.000852,0.012346
220,0,0,0,0,0,0,0,0,0,0,0,0,0,0,0,0,0.011515,0,0,0,0,0,0.011176,0,0,0,0,0,0,0,0,0
221,0,0,0,0,0,0,0,0,0,0,0,0,0,0,0,0,0,0,0,0,0,0,0,0,0,0,0,0,0,0,0,0
222,0,0,0,0.002897,0,0,0,0,0,0,0,0,0,0,0,0,0,0,0,0,0,0,0,0,0,0,0.002021,0.00106,0.003123,0,0,0
223,0.013923,0.025839,0,0,0,0,0.025352,0.036255,0.000966,0.001499,0.00115,0,0,0,0,0,0,0.001745,0.003757,0,0,0.003689,0,0,0,0.027454,0.030792,0.030147,0.037681,0,0.041359,0.042661
224,0.000887,0,0,0,0.00432,0,0,0,0.00223,0,0.001703,0,0,0.00585,0.000798,0.006137,0,0,0.001164,0.001707,0.001175,0,0,0,0.000681,0,0.001176,0,0,0,0,0
225,0,0,0,0,0,0.003249,0,0.002679,0,0,0,0,0,0,0,0,0,0,0,0,0,0,0,0,0,0,0.001846,0,0,0,0,0
226,0,0,0,0,0,0,0,0,0,0,0,0,0,0,0,0,0.002768,0,0.002543,0,0,0.000706,0,0,0,0,0,0,0,0,0,0
227,0,0,0,0,0,0,0,0,0,0,0,0,0,0,0,0,0,0,0,0,0,0,0,0,0,0,0,0,0,0,0,0
228,0,0,0,0,0,0,0,0,0,0,0,0,0,0,0,0,0,0,0,0,0,0,0,0,0,0,0.013761,0.006918,0,0,0.015258,0.016229
229,0.002115,0.003634,0,0.000715,0.003977,0.01637,0,0.003568,0,0,0,0,0.00163,0,0,0,0,0,0,0,0,0,0,0,0,0.003424,0.000828,0.003787,0.001564,0.002721,0.003696,0.004116
230,0,0,0,0,0,0,0,0,0,0,0,0,0,0,0,0,0.002992,0.004131,0.001391,0.00209,0.0049,0.016256,0.011331,0.004396,0,0,0,0,0,0,0,0
231,0,0,0,0,0,0,0,0,0,0,0,0,0,0.000797,0,0,0,0,0,0.0014,0,0,0,0,0,0,0,0,0,0,0.000864,0
232,0,0.005251,0,0,0.003116,0.00112,0.006693,0,0.001246,0.000907,0.005465,0,0.007882,0.000734,0.001179,0.002351,0,0,0,0,0,0,0,0,0.002694,0.001698,0.001753,0.007292,0,0,0.002476,0.000828
233,0.006525,0.001079,0.001863,0.006392,0,0.002259,0,0.003403,0.004033,0.00361,0.001673,0,0,0,0.003447,0,0,0,0,0,0,0,0,0,0.003257,0.001699,0,0.003835,0,0,0.003344,0.004073
234,0.002995,0.002856,0.003099,0.003819,0.017788,0.004985,0.002703,0.001334,0.003247,0.002777,0.003366,0,0,0,0.00326,0.00303,0,0,0.002014,0,0.003905,0,0,0,0.001716,0.004777,0.009671,0.004288,0.005843,0,0,0.003708
235,0.00606,0,0,0,0.000936,0,0,0,0,0.003774,0,0,0,0.001015,0,0.002246,0.001213,0,0,0,0.00168,0,0,0,0.002054,0.002333,0,0.001389,0,0.000649,0,0
236,0,0,0,0,0,0,0,0,0,0,0,0,0,0,0,0,0.005969,0.00106,0.008044,0.001927,0.001041,0.001657,0,0,0,0,0,0,0,0,0,0
237,0,0,0,0,0,0,0,0,0,0,0,0,0,0.005053,0,0,0,0,0,0,0,0,0,0,0,0,0,0,0,0,0,0
238,0,0,0,0.001257,0,0,0,0.001046,0,0,0.002781,0,0,0,0,0,0,0,0,0,0,0,0,0,0,0,0,0,0,0,0,0.001195
239,0,0.001849,0.001517,0.001496,0,0.001832,0,0.00162,0.001036,0.002572,0.003277,0.00185,0.001684,0.002571,0.00221,0.002674,0,0,0,0,0,0,0,0,0.003435,0,0,0.001541,0,0.002377,0,0.002959
240,0.011523,0,0,0,0.002426,0,0,0,0.001239,0.003813,0,0,0,0,0,0.003135,0.000828,0.003154,0.003806,0.002408,0.003159,0.00181,0,0,0,0,0.001529,0,0.003193,0.003638,0.00101,0.002702
241,0,0,0,0,0,0,0,0,0,0,0,0,0,0,0,0,0,0,0,0,0,0,0,0.003173,0,0,0,0,0,0,0,0
242,0,0,0,0,0,0,0,0,0,0,0,0,0,0,0,0,0,0,0,0,0,0.011444,0,0,0,0,0,0,0,0,0,0
243,0,0,0,0,0,0,0,0,0,0,0,0,0,0,0,0,0,0,0,0,0,0,0,0,0,0,0,0,0,0,0,0
244,0,0,0,0,0,0,0,0,0,0,0,0,0,0,0,0,0,0,0,0,0,0,0,0,0,0,0,0,0,0,0,0
245,0,0,0,0,0,0,0,0,0.002253,0.002347,0.003654,0.001789,0,0,0.002828,0,0,0,0,0,0,0,0,0,0,0.003518,0.002561,0,0.003365,0,0.003443,0.002379
246,0,0,0,0.001111,0,0.005002,0,0,0,0.001323,0,0.00145,0.001559,0,0.001444,0,0.002236,0,0,0,0,0,0,0,0.003543,0,0.007751,0,0.001993,0.00239,0,0.001051
247,0,0,0,0,0.001502,0,0,0.002728,0,0,0,0,0,0,0,0,0.003499,0,0,0.007842,0,0.005576,0.006003,0,0,0,0,0,0,0,0,0
248,0,0,0,0,0,0,0,0,0,0,0,0,0,0,0,0,0,0,0,0,0,0.00127,0,0,0,0,0,0,0,0,0,0
249,0,0,0,0,0,0,0,0,0,0,0.000982,0,0,0,0,0,0,0,0,0,0,0,0,0,0,0,0,0,0,0,0,0
250,0,0,0,0,0,0,0,0.001637,0,0,0,0,0,0,0,0,0,0,0,0,0,0,0,0,0,0,0,0,0,0,0,0
251,0,0,0,0,0,0,0,0,0.00229,0.001389,0,0.001744,0,0,0.004079,0.00142,0,0,0,0,0,0,0,0,0,0,0,0,0,0,0.001318,0
252,0,0,0.003164,0,0.001643,0,0,0,0.004822,0,0.006396,0,0.003475,0.001278,0,0,0.001214,0,0,0,0,0,0,0,0,0,0,0.003783,0.001348,0.006586,0,0
253,0,0.009312,0,0.004075,0,0,0,0.00111,0,0,0,0,0,0,0,0,0.001855,0,0.003883,0,0.001434,0.003272,0.001152,0,0,0.001621,0,0,0,0,0,0
254,0,0,0,0,0,0,0,0,0,0,0,0,0,0.000788,0,0.004055,0,0,0,0,0,0.002025,0.000731,0,0,0,0,0,0,0,0,0
255,0.001111,0,0,0,0.000908,0,0,0.000927,0.010788,0.009867,0.010626,0,0.003032,0.011006,0.009426,0,0,0,0,0,0,0,0,0,0,0.004648,0,0.004169,0.001877,0,0,0.002783
256,0.001026,0,0,0,0.010883,0.01066,0,0,0.001598,0,0.004557,0.004162,0,0,0.00252,0.004342,0,0,0,0,0.002542,0.002119,0.001282,0,0.010385,0.006452,0.011334,0.010323,0.003544,0.011577,0.008849,0
257,0,0,0,0.0018,0,0,0,0.003827,0.003581,0,0,0,0.00588,0,0.002114,0,0,0.001903,0,0,0,0,0,0.003307,0.003398,0,0,0.002902,0,0.002536,0.004296,0
258,0,0,0,0,0,0,0,0,0.001396,0.001327,0,0,0,0.001215,0,0,0,0,0,0,0,0,0,0,0.003386,0,0.001208,0,0,0,0,0
259,0,0,0,0,0,0,0,0.002577,0,0,0,0,0,0,0,0,0,0,0.001162,0,0,0,0,0,0,0,0.001542,0,0,0.000849,0.000925,0
260,0,0,0.005341,0,0,0,0,0,0.0033,0.007399,0.012004,0.005908,0.002443,0.005572,0,0.006817,0.001945,0.001698,0,0.001527,0.002295,0.001084,0,0,0.024379,0.000873,0,0,0,0,0,0.001386
261,0.001715,0,0,0.00376,0.005277,0,0.002977,0.000972,0.000923,0,0.00081,0,0.001211,0.002445,0.001221,0,0,0,0,0,0,0,0,0,0,0,0,0,0,0.000767,0,0
262,0,0.004655,0.004917,0,0,0,0,0.001519,0.009078,0,0,0,0,0,0,0,0.000943,0,0.006006,0,0.006938,0.010925,0,0,0.002967,0.008836,0.001154,0.001337,0,0.00096,0.002337,0.001525
263,0,0,0.003023,0.003227,0,0,0,0.000944,0,0.001236,0.000986,0,0.001221,0.003084,0.00145,0,0.001907,0,0,0,0.003145,0,0,0,0,0,0,0,0,0,0,0
264,0,0,0,0,0,0.000896,0,0,0.002909,0,0,0,0.001559,0.003251,0,0,0,0,0,0.001698,0,0,0,0,0,0,0,0,0,0,0,0
265,0.002494,0,0,0,0,0.00084,0,0,0,0,0.001746,0,0,0.024906,0.002735,0.009093,0,0,0.004674,0,0.000734,0.002183,0.00091,0.000887,0,0,0,0,0,0.000848,0,0
266,0.002486,0,0.002735,0,0,0.003081,0.001708,0,0,0,0,0,0.00259,0,0,0.000911,0,0.001262,0,0,0,0.001186,0,0,0,0.013482,0.001439,0,0.016631,0,0,0.000906
267,0,0.008362,0,0,0,0.000888,0.003396,0,0,0,0,0,0,0,0,0,0.001689,0.002583,0.003135,0,0.014195,0,0,0,0,0,0,0,0,0,0,0
268,0,0,0,0,0,0,0,0,0,0,0.000893,0,0,0,0,0,0,0,0,0.004085,0,0,0.000848,0.000636,0,0,0,0,0,0.001434,0,0
269,0.017857,0,0.018302,0,0,0.017989,0.015011,0,0,0,0,0,0,0.001829,0,0.014894,0,0,0,0,0,0,0,0,0,0.001197,0,0,0.000951,0,0,0
270,0,0,0,0,0,0,0,0,0,0,0,0,0,0,0,0,0,0,0,0,0,0,0,0,0,0,0.002653,0,0,0,0.001258,0
271,0.009043,0.006704,0,0,0.001379,0.001916,0.001009,0.0049,0,0,0.000967,0,0,0,0,0.003225,0.018142,0,0.017305,0.004598,0,0.019615,0.019515,0.007707,0,0,0.00834,0.001476,0.010618,0.001548,0,0
272,0,0,0,0,0,0,0,0,0,0.001596,0.003855,0,0.006556,0,0,0.009442,0,0,0.000881,0,0,0.007748,0.002431,0,0.005935,0.007139,0.007176,0.00509,0.012156,0,0.000775,0.001462
273,0,0,0,0,0,0,0,0,0,0,0,0,0.001194,0,0,0,0,0,0.004954,0,0,0,0.003371,0,0,0,0.001143,0,0,0,0,0
274,0,0,0,0,0,0,0,0,0,0,0,0,0,0,0,0,0,0,0,0,0,0,0,0,0,0,0,0,0,0,0,0
275,0,0,0,0,0,0,0,0,0.001032,0,0,0,0,0,0,0,0,0,0,0,0,0,0,0,0,0,0,0,0,0,0,0
276,0.002336,0,0,0.002294,0,0,0,0.002155,0,0,0,0.000761,0,0.001772,0,0,0,0,0,0,0,0,0,0,0,0.001804,0.003378,0.005994,0,0,0.003839,0
277,0.009462,0.018052,0.009032,0.00462,0.018501,0.014572,0.007872,0,0.008418,0,0.004943,0.021181,0,0.009876,0.010054,0.006269,0,0,0,0,0,0,0,0,0,0,0,0,0,0,0,0
278,0,0,0,0,0,0,0,0,0,0,0,0,0,0,0,0,0.009362,0,0.005205,0.005054,0.007741,0.003695,0.004636,0.003673,0,0,0,0,0,0,0,0
279,0,0,0,0,0,0,0,0,0,0,0,0,0,0,0,0,0,0,0,0,0,0,0,0,0,0,0,0,0,0,0,0
280,0,0,0,0,0,0,0,0,0,0,0,0,0,0,0,0,0,0,0,0,0,0,0,0,0,0,0,0,0,0,0,0
281,0,0,0,0,0.000866,0,0,0,0,0.00607,0.001155,0.009821,0.0029,0.004276,0.007757,0.004117,0,0,0,0,0,0,0,0,0,0.004101,0.002954,0.004392,0.000944,0,0,0.006877
282,0,0,0,0,0.001353,0,0.001074,0.012655,0,0.002031,0.001366,0,0,0,0,0,0.004448,0,0,0,0,0,0,0,0,0.001869,0,0.007769,0.000947,0,0.004533,0
283,0.002061,0,0,0,0,0.000723,0,0,0,0,0,0.001001,0,0.001323,0,0,0.006946,0.008873,0.007182,0.00963,0,0.002031,0,0,0.001118,0.009967,0,0,0,0,0,0.001279
284,0,0,0,0,0,0,0,0,0,0,0,0,0,0,0,0,0,0,0,0,0.000775,0,0,0,0,0,0,0,0,0,0,0
285,0,0,0,0,0,0,0,0,0,0,0,0,0,0,0,0,0,0,0,0,0,0,0,0,0,0,0,0,0,0,0,0
286,0,0,0,0,0,0,0,0,0,0,0,0,0,0,0,0,0,0,0,0,0,0,0,0,0,0,0,0,0,0,0,0
287,0,0,0.00444,0,0,0,0.003958,0,0,0,0.001802,0.001116,0,0.001955,0.00133,0.001979,0,0,0,0,0,0,0,0,0,0,0.004238,0.001239,0,0,0.003827,0.004567
288,0.015887,0.018638,0.015777,0,0.018865,0,0,0.015988,0,0.001968,0,0.001127,0,0,0.002286,0,0,0,0,0,0,0.002471,0,0,0,0,0.001208,0,0,0,0,0
289,0,0.00262,0.001913,0,0,0,0.001987,0,0,0,0,0,0,0,0,0,0,0,0.001094,0,0.002283,0,0,0.016315,0,0.001208,0,0.001223,0,0.000862,0,0.001015
290,0,0,0,0,0,0,0,0,0,0,0,0,0,0,0,0,0,0.000663,0,0.001761,0,0,0,0,0,0,0,0,0,0,0,0
291,0,0,0,0,0,0,0,0,0,0,0,0,0,0,0,0,0,0,0,0,0,0,0,0,0,0,0,0,0,0,0,0
292,0,0,0,0,0.000892,0,0,0,0,0,0,0,0.000929,0,0,0.002032,0,0,0,0,0,0,0,0,0,0,0,0,0.002751,0,0,0
293,0,0.001128,0.000762,0.00382,0,0.001711,0.002803,0.002537,0.004278,0.001102,0,0.000856,0.000888,0.004076,0,0.002089,0,0,0,0,0,0,0,0,0,0.000977,0.002334,0,0.001532,0.001299,0,0.002619
294,0.005116,0,0.00371,0.004282,0,0,0.005547,0.005152,0,0.006212,0.0065,0.004937,0,0.006031,0.005128,0,0.000814,0,0.001949,0,0,0.003985,0,0.000967,0,0.000811,0,0,0.002837,0,0.003651,0.003041
295,0.010147,0,0,0,0.000748,0,0,0,0.005241,0.0016,0.001054,0,0.00502,0.001737,0.000864,0,0.006112,0.005469,0.004788,0.004449,0.006809,0.004212,0.004371,0.00391,0,0,0,0,0,0,0.003944,0.002206
296,0,0,0,0,0,0,0,0,0,0,0,0,0,0,0,0,0,0,0,0,0.003788,0.009473,0.006651,0,0,0,0,0,0,0,0,0
297,0,0,0,0,0,0,0,0,0,0,0,0,0,0,0,0,0,0,0,0,0,0,0,0,0,0,0,0,0,0,0,0
298,0,0,0,0,0,0,0,0,0,0,0.016677,0,0,0,0,0,0,0,0,0,0,0,0,0,0,0,0,0,0,0,0,0
299,0,0,0,0,0,0,0,0,0,0,0,0,0,0,0,0,0,0,0,0,0,0,0,0,0,0,0,0,0,0,0,0
300,0,0,0,0,0.001719,0,0,0,0,0,0,0,0,0.001588,0,0.004577,0,0,0,0,0,0,0,0,0,0,0.001382,0.00079,0.001222,0,0.002118,0
301,0.022903,0,0,0.001023,0.001153,0,0,0,0,0,0,0,0,0,0,0,0,0,0.001171,0,0,0,0,0.001259,0.006883,0,0.002551,0.001839,0.004306,0.002121,0.002478,0
302,0,0,0,0,0,0,0,0,0,0,0,0,0,0,0,0,0.002433,0,0,0.001588,0.0024,0.001774,0.000606,0.001528,0,0,0,0,0,0,0,0
303,0,0,0,0,0,0,0,0,0,0,0,0,0,0,0,0,0,0,0,0,0,0,0,0,0,0,0,0,0,0,0,0
304,0.001215,0,0.002464,0,0,0,0,0,0.003884,0.009376,0.002034,0,0.003687,0,0,0,0,0,0,0,0,0,0,0,0.003369,0,0,0,0,0.008391,0,0
305,0.002592,0.001102,0.002995,0.002252,0,0,0,0,0,0.000679,0,0,0.002385,0,0.002922,0,0,0,0.00177,0,0,0,0.001139,0,0.001022,0.004912,0,0,0,0,0,0
306,0.00216,0,0,0,0,0,0,0,0,0,0,0,0,0.001668,0,0,0.002495,0,0,0,0,0.003124,0.002801,0.003708,0,0,0,0.001525,0,0,0,0.000966
307,0,0,0,0,0,0,0,0,0,0,0,0,0,0,0,0,0.002123,0,0.001275,0.00208,0.00248,0.003002,0,0.005214,0,0,0,0,0,0,0,0
308,0,0,0,0,0,0,0,0,0,0,0,0,0,0,0,0,0,0,0,0,0,0,0,0,0,0,0,0,0,0,0,0
309,0,0,0,0,0,0,0.002912,0,0,0,0,0,0,0,0.00168,0,0,0,0,0,0,0,0,0,0,0,0.001423,0.022454,0,0,0,0
310,0.000915,0,0.004025,0.001639,0.002318,0.003179,0.003056,0,0.003297,0,0,0,0.001189,0,0,0,0,0,0,0,0,0,0,0,0.007355,0.001174,0.003455,0.001763,0.002668,0.000716,0.001907,0.002102
311,0.002654,0.001067,0,0,0,0,0,0,0,0,0,0,0,0,0,0,0.00231,0,0,0,0,0,0.010965,0.000756,0,0,0.001916,0,0,0.001056,0,0
312,0,0,0.001073,0.00298,0,0,0,0,0,0.001977,0.002114,0,0,0,0,0,0,0,0,0,0,0,0,0,0,0,0,0,0,0,0.005499,0
313,0,0,0,0,0,0,0,0,0,0,0,0,0,0,0,0,0,0,0.003408,0,0.002489,0,0,0.005603,0,0,0,0,0,0,0,0
314,0,0,0,0,0,0,0,0,0,0,0,0,0,0,0,0,0,0,0,0,0,0,0,0,0,0,0,0,0,0,0,0
315,0,0,0,0,0,0,0,0,0,0,0,0,0,0,0.000754,0,0,0,0,0,0,0,0,0,0,0,0.000995,0,0,0,0,0
316,0,0.013423,0,0,0,0.021592,0,0,0,0,0,0,0,0.01149,0,0,0,0,0,0,0.002024,0,0,0,0,0,0.014044,0,0,0.020852,0,0
317,0.001687,0.003201,0.001459,0.003007,0,0,0,0.003526,0.001554,0.00068,0,0,0,0.001506,0.01502,0,0,0,0,0,0,0,0,0,0.004414,0.004155,0,0.01626,0,0.001875,0.002404,0.011804
318,0.002233,0,0,0,0.001303,0,0,0.001928,0,0,0.001055,0,0,0,0,0,0,0,0,0,0,0,0,0,0,0,0,0,0.001269,0,0,0
319,0.001904,0,0,0,0,0,0,0,0,0,0,0,0,0,0,0,0.00146,0,0.002279,0.002816,0.00163,0.000838,0.000878,0,0,0,0,0,0,0,0,0
320,0,0,0,0,0.001242,0,0,0,0,0,0.002561,0,0,0,0.000889,0.002401,0,0,0,0,0,0,0,0,0.003846,0.001056,0,0,0,0,0.00312,0
321,0,0,0.002252,0,0,0,0,0,0,0,0,0,0,0,0,0,0,0.001361,0,0,0.001331,0,0,0,0,0,0,0,0,0,0,0.002089
322,0,0,0,0,0,0,0,0,0,0,0,0,0,0.004102,0,0,0,0,0,0,0,0,0.001406,0,0,0,0,0,0,0,0,0
323,0,0.001654,0.002675,0,0.001523,0.003403,0,0.00311,0.003815,0.002122,0,0,0,0.001489,0,0.003001,0,0,0,0,0,0,0,0,0,0.001312,0,0.001602,0.002221,0,0.002707,0
324,0,0,0,0,0,0,0,0,0,0,0,0,0,0,0.001072,0,0.001484,0,0,0.00269,0,0,0.002222,0,0,0,0,0,0,0,0,0.001711
325,0.002311,0.001841,0.009059,0,0,0.005525,0,0.004526,0.002764,0.003849,0,0.002943,0.004133,0.007191,0,0.005899,0.0015,0,0.001012,0,0,0,0.001898,0.001803,0,0.002444,0.00159,0.007625,0.007051,0,0.008392,0.009146
326,0,0.001512,0.000904,0,0,0,0,0,0.001867,0.001516,0,0.002293,0.001101,0,0,0,0.004886,0.00469,0.002386,0.003919,0.001101,0.0065,0.004547,0.007243,0,0,0.002699,0,0.001898,0,0,0.001369
327,0,0.000736,0,0,0,0,0,0,0,0,0.002069,0,0,0,0,0,0.001361,0.001541,0,0.000984,0.001591,0,0.002522,0.000892,0,0,0,0,0,0,0,0
328,0,0,0,0,0,0,0,0,0,0,0,0,0,0,0,0,0,0.001947,0,0,0,0.001194,0,0,0,0,0,0,0,0,0,0
329,0,0,0,0,0,0,0,0,0.002384,0,0,0,0,0,0,0,0,0,0,0,0,0,0,0,0,0,0,0,0,0,0,0
330,0,0.004731,0,0.001565,0.008942,0,0.000819,0.010107,0.001318,0,0,0.002515,0,0,0,0,0,0,0,0,0,0,0,0,0,0,0.001526,0.004581,0.004269,0,0.002757,0
331,0.001964,0.00178,0,0.002441,0.00207,0.000704,0.005024,0,0.004371,0.000956,0,0.003776,0,0.001359,0,0,0,0,0.006953,0.001624,0,0.006159,0.006017,0.005134,0,0,0.002846,0,0,0.00288,0.001008,0.002218
332,0,0.011103,0,0,0,0.009292,0,0,0.006325,0.004325,0,0.00537,0,0,0.004269,0.006575,0,0.001185,0,0,0,0.001067,0,0,0,0.006356,0,0.004757,0.006448,0.005902,0.003416,0
333,0,0,0,0,0,0,0,0,0,0,0,0,0,0,0,0,0,0,0,0.006751,0,0,0.006594,0.007556,0,0,0,0,0,0,0,0
334,0,0,0,0,0,0,0,0,0,0,0,0,0,0,0,0,0,0,0,0,0,0,0,0,0,0,0,0,0,0,0,0
335,0,0,0,0,0,0,0,0,0,0,0,0,0,0,0,0,0,0,0,0,0,0,0,0,0,0,0,0,0,0,0,0
336,0,0,0,0,0,0,0,0,0,0,0,0,0,0,0.001229,0.000795,0,0,0,0,0,0,0,0,0.005902,0.00136,0,0,0,0,0.0011,0
337,0.001634,0.001329,0.001914,0.001551,0,0.012963,0.002514,0,0.002651,0.001768,0.000958,0.003248,0,0,0,0,0,0,0,0,0,0,0,0.001696,0,0.005106,0.000891,0.001252,0.001236,0,0.002602,0.00389
338,0,0.001656,0,0,0,0,0,0,0.001494,0,0,0.001032,0,0.002921,0,0,0,0.001965,0.001211,0,0,0,0,0.004693,0,0,0.001752,0,0,0,0.001159,0.002677
339,0,0.001232,0,0,0,0,0,0,0.001254,0.001167,0,0,0,0,0,0,0,0,0,0,0,0,0,0,0,0,0.003057,0,0,0,0,0
340,0,0,0.006336,0,0,0,0.001256,0,0.00298,0,0,0,0,0.001765,0,0.000932,0,0.003031,0.001126,0,0.001053,0,0.001016,0,0.001624,0,0.001811,0,0,0,0,0
341,0,0.014264,0.017969,0.020772,0.011052,0.016272,0,0.012394,0.014471,0.018277,0.013185,0,0.014164,0.014138,0.004433,0,0,0.001759,0.002218,0.000648,0,0,0,0.001514,0.006983,0,0,0.005609,0.003953,0,0,0
342,0,0,0,0,0,0,0,0.001884,0.00144,0,0,0.001526,0,0.002088,0,0,0.014837,0.017663,0.015036,0.013013,0,0.020814,0,0.000697,0,0,0,0,0.002342,0.003366,0.00269,0
343,0,0,0.00259,0.001343,0,0.000658,0,0,0.001526,0.010045,0.009241,0,0,0,0.001184,0,0.003837,0,0,0.002996,0,0.002435,0,0,0.000856,0.000755,0.035318,0.000982,0.00157,0,0.001241,0.009703
344,0,0,0,0,0.001132,0,0,0.003059,0,0,0,0,0.006346,0.000928,0,0,0,0,0,0,0,0,0,0,0.005988,0,0.007552,0.001163,0,0,0,0
345,0.001501,0.001564,0,0,0.001963,0,0,0,0,0.000973,0,0,0,0,0.002367,0.014225,0,0.000892,0,0.00119,0,0,0,0,0,0,0,0.001071,0,0,0.002845,0
346,0,0,0,0,0,0.001868,0.001683,0,0,0,0,0,0.006393,0.001989,0.001352,0.001778,0.000705,0.001641,0,0.001784,0,0.002029,0,0.001728,0,0.001777,0.00085,0.001895,0,0.00179,0.001214,0
347,0.006211,0.013408,0.009501,0.005,0.002487,0,0,0,0.000971,0,0.00309,0.000856,0.000845,0.002523,0.002018,0.005241,0.003337,0.000795,0.003909,0,0,0,0,0.003195,0,0.000698,0,0.003257,0,0.004411,0.002291,0
348,0,0,0,0.004366,0,0,0,0,0,0,0,0,0,0,0.001811,0,0.003517,0.002583,0.005216,0.003214,0.00117,0.003765,0.001486,0.002345,0,0,0,0,0,0,0,0
349,0,0,0,0,0,0.001677,0,0,0.002085,0,0,0,0,0,0.00197,0,0,0,0,0.003236,0,0,0,0,0,0,0,0.00193,0,0,0,0
350,0,0.01888,0,0,0,0,0,0,0,0,0,0,0,0,0,0,0,0,0,0,0,0,0,0,0.000924,0,0.001142,0.001493,0,0,0,0.001201
351,0.001641,0,0,0.008219,0,0,0,0,0,0,0,0,0.006707,0,0.008428,0,0,0,0,0,0,0,0,0,0,0.003735,0.000718,0.006759,0,0,0.007385,0.004668
352,0.001444,0,0.004806,0,0,0,0,0,0,0.001185,0,0,0.003887,0.004949,0,0.004497,0,0.002196,0,0,0,0,0.001367,0.002519,0.000799,0,0,0.005017,0,0,0,0
353,0,0,0.005199,0,0,0,0,0.002957,0.000842,0,0.002401,0.001444,0,0,0,0,0,0,0,0,0.004873,0.004353,0,0.003124,0,0,0,0.004914,0,0,0.004282,0
354,0,0,0,0.003598,0,0,0,0,0,0,0,0,0.003753,0,0,0,0.001319,0.002642,0,0,0.002743,0.001127,0.003244,0,0,0,0,0,0,0,0,0
355,0.001649,0.0057,0,0,0,0,0,0,0,0.002278,0,0,0,0,0,0,0,0,0,0,0.002273,0.013975,0,0,0,0,0,0.005671,0,0,0,0
356,0,0,0.001309,0.00276,0,0,0.004943,0.00464,0.003508,0.001411,0.001952,0,0.001856,0.002081,0,0,0,0,0,0.004379,0,0,0,0,0.001446,0,0.005463,0,0.001041,0.002479,0.00165,0.005141
357,0,0,0.022074,0,0.007529,0,0,0.017849,0,0,0,0,0,0.001946,0.001318,0,0.002791,0,0,0,0,0,0,0.000844,0.014844,0,0,0.007219,0,0.013246,0.016309,0.012845
358,0.001735,0.004004,0.006797,0.006612,0.002939,0.000808,0.004549,0.002203,0,0,0.000764,0.007809,0.002538,0.004049,0.005652,0.000764,0.014326,0,0,0,0,0,0.017575,0.01605,0.006204,0.00276,0.004171,0.000931,0.004758,0.006089,0,0.001414
359,0,0,0,0.000749,0,0,0,0,0,0,0,0,0,0,0,0,0.001302,0,0.003015,0.003426,0.001388,0,0.002307,0.002774,0,0,0,0,0,0,0,0
360,0.009548,0,0,0,0,0.001075,0.00197,0,0.001482,0.004683,0.003596,0,0.001367,0.004739,0.005507,0.00604,0,0,0,0,0.004156,0,0,0,0.005915,0.002808,0.001819,0.002241,0.001812,0.001533,0.002376,0.000952
361,0,0,0,0.003742,0,0.003926,0.004831,0,0,0,0,0.000995,0.000754,0,0,0,0.001188,0,0,0,0,0,0,0.002677,0,0.002179,0.024831,0.012444,0,0.005167,0.001232,0
362,0.004751,0.001223,0.005777,0,0.00078,0,0,0,0.001136,0,0,0,0.002392,0,0,0.007206,0,0,0,0,0,0,0.003168,0,0,0,0.007057,0.013612,0.00078,0,0,0
363,0,0.001042,0.001028,0,0,0.001633,0.001959,0,0.001331,0.007033,0.00321,0,0.004462,0.000855,0,0,0.006768,0,0,0,0.001941,0,0.002407,0,0,0.004883,0.006443,0.007383,0.001153,0,0.001492,0
364,0,0,0.001039,0,0,0.001469,0.00185,0,0,0,0,0,0,0,0,0.001058,0,0,0,0,0,0,0.001629,0,0,0,0,0,0,0,0.004715,0
365,0,0,0,0,0,0,0,0,0,0,0,0,0,0.017138,0,0,0,0,0,0,0,0,0,0,0,0,0,0,0,0,0,0
366,0,0,0,0,0,0,0.001096,0,0,0,0,0,0,0,0,0,0,0,0,0,0,0,0,0.001968,0,0,0,0,0.001834,0,0,0
367,0,0,0,0,0,0,0,0,0,0.0014,0,0,0,0.001464,0.003186,0.000788,0,0,0,0.002011,0.001564,0,0,0,0.001184,0,0,0,0,0,0,0.002396
368,0.013489,0,0.002559,0.003071,0.002797,0,0,0.003092,0.000846,0.008492,0.01849,0.002215,0.011738,0.008964,0.019055,0,0,0.001248,0.004459,0,0,0,0,0,0.001923,0.001238,0,0.001183,0.000992,0,0.001256,0
369,0.001688,0.018937,0.010348,0,0.00778,0.001072,0.001191,0.007609,0,0,0,0.002022,0.002209,0.001094,0,0,0,0,0,0.000932,0.003251,0,0.001374,0,0.002437,0.00227,0.006131,0,0.009137,0.005147,0,0.002403
370,0,0,0,0,0,0.008508,0,0.000803,0,0,0,0,0,0,0,0,0.010292,0.012336,0.007316,0.002417,0.012853,0.012948,0.004307,0.000961,0,0.001365,0,0.00354,0,0,0,0.000759
371,0,0,0,0,0,0,0,0,0.001101,0.00616,0.005056,0,0.002634,0,0,0,0,0,0,0,0,0,0,0,0,0,0.005563,0,0.005106,0,0,0
372,0.003199,0.002675,0.004475,0,0.003019,0.001363,0,0,0.001636,0,0,0,0,0,0.000798,0,0.006197,0,0.004995,0,0.005464,0.010749,0.005729,0.006314,0,0,0,0,0,0,0,0
373,0,0,0,0,0,0,0,0,0.003886,0.007586,0.004641,0.005249,0,0,0.006988,0,0,0,0.002701,0,0.004006,0.004357,0,0,0.006916,0,0,0.006859,0,0,0.006849,0.006202
374,0,0,0,0,0,0.001237,0,0,0,0.002784,0,0,0.000928,0.006046,0,0,0,0,0,0,0,0.008387,0,0,0.002233,0,0,0,0.001456,0.001723,0,0
375,0,0,0,0,0,0.00486,0,0,0,0.000853,0,0,0,0.001005,0,0,0,0,0,0,0,0.004153,0.007086,0,0.001482,0,0,0,0,0,0.00165,0
376,0,0,0,0,0,0,0,0,0,0,0,0,0,0,0,0,0.000831,0,0.002964,0,0,0,0.001021,0,0,0,0,0,0,0,0,0
377,0,0,0,0,0,0,0,0,0,0,0,0,0,0.000832,0.00085,0,0,0,0,0,0,0,0,0,0,0.001729,0,0.001155,0,0,0.000894,0
378,0.003919,0,0,0,0,0,0.003448,0,0,0,0,0,0,0,0,0,0,0,0,0,0,0,0,0,0,0,0,0,0,0,0,0
379,0,0,0,0,0,0,0,0,0.000916,0.002836,0,0.000794,0,0,0,0,0,0,0,0,0,0.00078,0.001536,0,0.001736,0.004377,0.003338,0,0.003538,0,0.007898,0.001937
380,0.001698,0.002939,0,0,0.00287,0,0.005446,0,0,0.002952,0,0.003301,0.001202,0,0,0,0,0,0,0,0.002762,0,0,0,0,0,0,0,0,0,0,0.002874
381,0,0,0,0,0,0,0,0,0,0,0,0,0,0,0,0,0,0.002694,0,0,0.003786,0,0.01302,0.005758,0,0,0,0,0,0,0,0
382,0,0,0,0,0,0,0,0,0,0,0,0,0,0.008644,0,0,0,0,0.003773,0,0,0,0,0,0,0,0,0,0,0,0,0
383,0,0,0,0,0,0,0,0,0,0,0,0,0.002663,0,0.002923,0,0,0,0,0,0,0,0,0,0,0,0,0,0,0.004511,0,0.00171
384,0,0.002543,0,0,0.000915,0,0.000865,0,0,0,0,0,0,0,0,0,0,0,0.001125,0.004138,0,0.002323,0,0,0,0,0,0,0,0,0,0
385,0,0.001243,0,0,0,0,0,0,0.001382,0,0.001604,0.00156,0,0,0,0,0,0,0,0.003081,0,0,0,0,0,0,0.001026,0.001047,0.000936,0.001087,0,0.003177
386,0.00593,0.000748,0,0,0.001232,0.001523,0,0,0,0,0,0.006698,0,0,0,0,0,0,0,0,0,0.001458,0,0,0,0,0,0,0.004803,0,0,0
387,0,0,0,0,0,0,0,0,0,0,0,0,0,0,0,0,0.001736,0,0.001121,0,0.007196,0.001102,0,0.007149,0,0,0,0,0,0,0,0
388,0.000743,0,0.002485,0,0,0,0,0,0,0,0,0,0.00074,0,0,0,0,0,0,0,0,0,0,0,0,0.002029,0.006558,0.00255,0,0.001956,0,0
389,0,0,0,0.001806,0.002253,0.002566,0.001487,0,0,0.00595,0.003108,0,0,0.000887,0.002187,0,0,0,0.003817,0,0,0.00097,0,0,0,0,0,0,0,0,0,0.001128
390,0,0,0,0,0,0.002425,0.002844,0,0,0,0,0.009881,0.009662,0,0,0,0.001819,0,0,0,0,0.001022,0,0,0.002719,0.002128,0,0.000673,0,0,0,0.000866
391,0,0,0.002506,0.003266,0.003347,0.008337,0,0,0.000928,0.001074,0.002437,0.002671,0.000782,0.001389,0.003766,0,0.001798,0.002712,0,0,0,0,0,0,0,0.002011,0,0,0.003924,0.006046,0,0
392,0,0.007829,0.007417,0.009542,0.007377,0.006971,0.005761,0.011342,0,0.01023,0.009249,0.007365,0,0.005663,0.00948,0,0,0.00304,0,0,0,0.002519,0,0.001666,0.01014,0.010251,0.007259,0.009348,0,0,0.009431,0.009932
393,0,0,0,0,0,0,0,0,0.00224,0,0,0,0,0,0,0,0.000902,0,0.002923,0.000868,0.005788,0,0.00145,0.002551,0,0.001019,0,0,0,0,0,0
394,0.001044,0,0,0,0.005333,0.005482,0,0.004059,0,0,0.000653,0,0,0.000652,0.001032,0.003179,0.002374,0,0.002924,0,0.003591,0,0,0,0,0,0,0,0,0,0,0.003459
395,0,0,0,0.003255,0,0.008441,0,0,0,0,0.001097,0,0.001575,0.005406,0.008449,0.00241,0,0.005093,0,0,0.004922,0,0,0,0,0.001479,0.00107,0.001246,0,0.001395,0.001329,0
396,0,0.000884,0,0,0,0,0,0,0,0.002218,0,0,0,0,0,0,0.000716,0.005846,0.001801,0.002293,0,0.002088,0.001052,0,0,0,0,0,0,0,0,0.001431
397,0,0,0,0,0,0,0,0,0,0,0,0,0,0,0,0,0,0,0,0,0,0,0.001654,0,0,0,0,0,0,0,0,0
398,0,0,0,0,0,0,0,0,0,0,0,0,0,0,0,0,0,0,0,0,0,0,0,0,0.001458,0,0,0,0,0.009291,0.001253,0
399,0,0,0,0,0,0,0,0,0.005192,0.001128,0,0,0.000938,0.002111,0,0.003846,0,0,0,0,0,0,0,0,0,0,0.005495,0,0.000729,0,0,0
400,0,0,0,0,0.00426,0,0,0,0,0,0,0,0,0,0,0.002375,0.001365,0,0.002091,0,0.002295,0,0,0.000915,0.004012,0.003523,0,0.002155,0.001948,0,0,0.001743
401,0.002515,0.004168,0.002651,0,0.001621,0.002317,0.004154,0.002074,0.002793,0,0.001881,0,0,0.001861,0,0.003057,0,0,0,0,0,0,0,0,0,0.00741,0.002631,0.002008,0,0,0.003332,0.002896
402,0,0,0.001106,0,0,0,0,0,0.008877,0,0,0,0,0,0,0,0.002153,0.006434,0.002525,0.003637,0.002406,0,0.002509,0.002937,0,0,0,0,0,0,0,0
403,0,0,0,0,0,0,0,0,0,0,0.003338,0.000845,0.00574,0,0.004662,0,0,0,0,0,0,0,0,0,0,0.005342,0.006981,0,0,0.007851,0.005638,0.008495
404,0,0,0.00324,0,0,0,0,0,0,0,0,0,0,0,0,0,0.005873,0,0,0,0,0,0,0,0,0,0,0,0,0,0,0
405,0,0,0,0,0,0,0,0,0,0,0,0,0,0,0,0,0,0,0,0,0,0,0,0,0.007775,0,0,0,0,0,0,0
406,0,0,0,0,0.001704,0,0,0.002178,0,0,0,0.001394,0,0,0,0,0,0,0,0,0,0,0,0,0,0,0.001606,0.001966,0,0.008113,0,0
407,0,0,0,0,0,0,0,0,0,0,0.010291,0,0,0,0.00427,0.009521,0,0,0,0,0.001611,0.001473,0,0.008639,0,0,0,0,0,0,0,0
408,0,0,0,0,0,0,0,0,0,0,0,0,0,0,0,0,0,0,0,0,0,0,0,0,0,0,0,0,0,0,0,0
409,0,0,0,0,0,0,0,0,0,0,0,0,0,0,0,0,0,0,0,0,0,0,0,0,0,0,0,0,0,0,0,0
410,0,0.001923,0.002237,0,0,0,0.001429,0.004193,0,0,0,0,0,0.004545,0.003087,0,0,0,0,0,0,0,0,0,0,0,0.000723,0,0,0,0,0
411,0,0,0,0,0,0,0,0,0,0.002263,0,0,0,0,0,0,0,0,0,0.001379,0,0,0,0,0,0,0,0.00136,0,0,0,0
412,0,0.001126,0,0,0.005133,0.001604,0,0.002959,0,0.002416,0.002788,0.004201,0,0.005521,0,0,0,0,0,0,0,0,0,0,0,0.002239,0,0,0,0.005678,0,0
413,0.002088,0,0,0,0,0,0,0,0,0,0,0,0,0,0,0,0,0,0,0,0,0,0,0.001726,0,0,0,0,0,0,0,0.001473
414,0,0,0,0,0,0,0,0,0,0,0,0,0,0,0,0,0,0,0,0,0,0,0,0,0,0,0,0,0,0.001331,0,0
415,0,0,0.00076,0,0,0,0,0,0,0,0,0,0,0.000828,0,0,0,0,0,0,0,0,0,0,0.000912,0,0,0,0,0.001984,0,0.003008
416,0,0.000671,0,0,0,0,0.002869,0,0.000764,0,0,0,0,0.000933,0.00175,0,0,0,0.001058,0,0,0,0,0,0.000879,0,0.001995,0.002689,0.002243,0.001648,0.001586,0
417,0,0,0.002913,0,0,0,0,0,0.002805,0,0,0,0.040225,0.002058,0,0,0.000798,0,0.001498,0.00098,0,0,0.000821,0.000915,0.001531,0.002706,0,0,0.001118,0,0.002605,0
418,0.002816,0,0,0,0.006284,0,0,0,0,0,0,0,0,0,0,0,0,0,0.001851,0.00261,0.003287,0,0,0,0.004245,0.000844,0,0,0,0.007056,0,0
419,0,0,0,0,0.001858,0,0,0,0,0,0,0.002016,0,0,0,0,0,0.001852,0,0,0.005827,0,0,0,0,0,0,0,0,0.0024,0,0
420,0,0,0,0,0,0,0,0,0,0,0,0,0.004294,0,0.198752,0,0,0,0,0,0,0.001354,0,0.001365,0,0,0,0,0,0,0,0
421,0,0.008155,0,0,0.009743,0,0.008184,0.005639,0.001171,0.002353,0.002644,0.002672,0.002582,0.005214,0.003845,0,0,0,0,0,0,0,0,0,0.023578,0,0.014729,0.023331,0.001927,0.007206,0.012769,0.000756
422,0.001026,0.003144,0,0.005203,0,0,0.004145,0.003471,0.001056,0,0,0,0.000814,0,0,0.022222,0,0.001579,0,0,0,0,0.002009,0,0.001432,0.000785,0.000769,0,0.000703,0,0,0.022086
423,0,0,0,0,0,0,0,0,0,0,0,0,0,0,0,0,0.008592,0.002019,0.014718,0,0.001473,0,0.001301,0.004076,0,0,0,0,0,0,0,0
424,0,0,0,0,0,0,0,0,0,0,0,0,0,0,0,0,0,0,0,0,0,0,0,0,0,0,0,0,0,0,0,0
425,0,0,0,0,0,0,0,0,0,0,0,0,0,0,0,0,0,0.001711,0,0,0,0,0,0,0,0,0,0,0,0,0,0
426,0,0.008709,0.004834,0.00914,0,0,0,0.005415,0,0.003249,0,0,0.008385,0,0.004114,0,0.003039,0,0,0,0,0,0,0,0,0,0.005092,0,0.007066,0,0,0.001841
427,0,0,0,0,0,0,0,0,0,0,0,0,0,0,0,0,0,0,0,0.001366,0,0,0,0,0,0,0,0,0,0,0,0
428,0,0,0,0,0,0,0.025811,0,0.000803,0,0,0.00308,0,0,0.012849,0,0,0,0,0,0,0,0,0,0,0.000685,0,0,0,0.005106,0.001469,0
429,0,0,0,0.002447,0,0,0,0,0,0,0,0,0,0,0,0,0,0,0,0,0,0,0,0,0,0,0,0,0,0,0,0
430,0,0,0,0,0,0,0,0,0,0,0,0,0,0,0,0,0,0,0,0,0,0,0,0,0,0,0,0,0,0,0.001136,0
431,0,0.001521,0.001607,0.002078,0,0.001003,0,0,0.02114,0.001117,0,0,0,0.001573,0.001803,0,0,0,0,0.003981,0,0,0,0,0,0.000976,0,0,0,0,0,0.001378
432,0.001224,0.001935,0,0,0,0,0,0,0,0,0,0,0,0,0.005061,0.003961,0,0.00095,0,0,0,0,0,0,0,0,0,0,0,0,0,0
433,0,0,0,0,0,0,0,0,0,0,0.001695,0.002057,0,0.001585,0.00158,0.003127,0,0.003329,0,0,0,0,0,0,0,0.001983,0,0,0.002169,0,0.002814,0
434,0,0.002684,0.001533,0,0.003897,0,0.003333,0,0,0,0,0,0,0,0,0,0,0.003885,0,0,0.002434,0,0.001071,0,0,0,0,0,0,0,0,0
435,0,0,0,0,0,0,0,0,0,0,0,0,0,0,0,0.306332,0,0,0,0,0.002218,0,0,0,0,0,0,0,0,0,0,0.002072
436,0.002471,0,0.002799,0,0,0,0,0.002717,0,0,0,0,0,0.002109,0,0,0,0,0,0,0,0,0,0,0.003767,0.002776,0.003023,0,0,0,0,0.011922
437,0,0,0,0,0,0,0,0,0.001937,0.000782,0,0.001244,0.001736,0,0.001951,0,0,0.001189,0,0.008536,0.002513,0.001134,0,0,0,0,0,0,0,0,0,0.000722
438,0.000947,0.000955,0.00196,0.001675,0.001791,0,0.014368,0,0.007151,0.001402,0,0.005074,0.003492,0,0,0,0,0,0,0,0,0,0,0,0,0,0.00132,0,0,0,0,0
439,0,0,0.019182,0,0,0,0.017683,0,0,0.003412,0,0.002773,0,0,0,0.004257,0,0,0,0,0,0.004834,0,0,0,0,0,0,0,0.003444,0,0
440,0,0,0,0.002842,0.001873,0,0,0,0,0,0,0,0,0,0,0,0,0,0,0.005852,0,0.004576,0,0.001841,0,0,0,0,0,0,0,0
441,0,0,0,0,0,0,0,0,0,0,0,0,0,0,0,0,0,0,0,0,0,0,0,0,0,0,0,0,0,0,0,0
442,0,0,0,0,0,0,0,0,0,0.006162,0,0,0,0,0.006675,0.004438,0,0,0,0,0,0,0,0,0,0.004325,0.002149,0,0,0.00496,0,0.002584
443,0,0.003599,0.003037,0,0.004881,0.003163,0.001823,0.00389,0.002932,0.003827,0,0.003525,0.004759,0.003851,0.004605,0.001601,0,0,0,0,0,0,0,0,0,0.003225,0.007098,0,0,0.009983,0.009381,0.003929
444,0,0,0,0.00464,0.017389,0,0,0,0,0,0,0,0,0,0,0,0,0.005506,0.004707,0.004106,0.003802,0.011456,0.0035,0.004835,0,0.000676,0,0,0,0.002473,0,0.001578
445,0.001748,0,0,0,0,0,0,0,0,0,0,0,0.000769,0.003796,0,0,0,0,0.001743,0,0,0,0,0,0,0,0.00136,0,0.001543,0,0,0
446,0.00062,0.001138,0,0,0,0.001931,0.003838,0,0,0,0,0,0,0,0,0,0,0,0,0.018029,0.003148,0,0.003027,0,0,0,0,0,0,0,0,0
447,0,0,0,0,0,0,0,0,0,0,0,0,0,0,0,0,0,0.00891,0.000697,0,0,0,0,0,0,0,0,0,0,0,0,0
448,0,0,0,0,0,0,0,0,0.000861,0.001396,0.002611,0.001782,0,0.00206,0.002306,0.002133,0,0,0,0,0,0,0,0,0.001274,0.001504,0.002145,0.001599,0.002986,0.001842,0.002198,0.003678
449,0,0.00189,0.002489,0.003453,0.002978,0.001833,0.002697,0,0,0.000858,0,0,0,0.000986,0,0,0.003311,0.001899,0,0.002171,0,0.001902,0.001922,0.001302,0,0,0,0,0,0,0,0
450,0,0,0,0,0,0.001693,0,0,0,0,0,0,0,0,0,0.00109,0,0,0,0,0,0,0.000933,0,0,0,0,0,0,0,0,0
451,0,0,0,0,0,0,0.00127,0,0,0,0,0,0,0,0,0,0,0,0,0.001314,0,0,0,0,0,0,0,0,0,0,0,0
452,0,0,0,0,0,0,0,0,0,0,0,0.001737,0,0,0,0,0,0,0,0,0,0,0,0,0,0,0,0,0,0,0,0
453,0,0,0,0,0,0,0,0,0.01818,0,0,0.003483,0.033999,0.035056,0.034717,0.002433,0,0,0,0,0,0,0,0,0.053801,0,0.033591,0.019024,0.014606,0,0,0.001332
454,0,0,0,0,0,0.035483,0,0,0,0.001371,0.000983,0,0.00579,0.001458,0,0,0,0,0,0,0,0,0,0,0,0,0,0.00129,0,0,0,0.002041
455,0,0,0,0,0,0,0,0.001137,0,0.000808,0,0,0,0.002501,0.004665,0,0.003465,0,0,0,0,0,0,0,0,0,0,0,0,0.01123,0.003946,0.038072
456,0.001868,0,0,0,0,0,0,0,0,0,0,0,0,0,0,0,0,0,0.003973,0.004708,0,0,0,0,0,0,0,0,0,0,0,0
457,0,0,0,0,0,0,0,0,0,0,0,0,0,0,0,0,0,0,0,0,0,0,0,0,0,0,0,0,0,0,0,0
458,0,0,0,0,0,0,0,0,0,0.027763,0,0,0,0,0,0.026722,0,0,0,0,0,0,0,0,0,0.000794,0,0.001494,0.000996,0.00242,0,0
459,0.000857,0,0,0,0.002372,0,0,0,0.005316,0,0.031669,0,0.000867,0.000856,0,0,0,0,0,0,0,0,0,0,0,0,0.018306,0,0,0,0.005259,0.009748
460,0,0.00109,0,0,0.001691,0,0,0,0,0.000976,0.006664,0.006455,0.001422,0.009478,0.018033,0.001708,0.001391,0,0,0.00094,0,0,0,0,0.005558,0.007528,0,0.010085,0.004319,0.008661,0.001359,0.002204
461,0.001981,0.003202,0.001947,0,0,0.001033,0.001177,0,0,0,0,0,0,0,0,0,0,0.002143,0,0,0,0,0.00179,0.001467,0,0,0,0,0,0,0,0
462,0,0,0,0,0,0,0,0,0,0,0,0,0,0,0,0,0.013665,0.009819,0.012999,0,0.011081,0,0.01285,0,0,0,0,0,0,0,0,0
463,0,0,0,0,0,0,0,0,0,0,0,0,0,0,0,0,0,0,0,0,0,0,0,0,0,0,0,0,0,0,0,0
464,0,0,0,0,0,0,0,0,0,0,0,0,0,0,0,0,0,0,0,0,0,0,0,0,0,0,0,0,0,0,0,0
465,0,0,0,0,0,0,0,0,0,0,0,0,0,0,0,0,0,0,0,0,0,0,0,0,0,0,0,0,0,0,0,0
466,0,0,0.003534,0,0,0,0,0.001481,0.004878,0.003102,0.003884,0.003504,0.003054,0.0021,0.003769,0,0,0,0,0,0,0,0,0,0.002225,0.003282,0.002247,0.000934,0.002707,0,0.002643,0.00356
467,0,0,0,0.002335,0,0,0.00226,0.002347,0,0,0,0,0,0.007351,0,0,0,0,0,0,0,0,0.002735,0,0,0,0,0,0,0,0,0
468,0,0,0,0,0,0,0,0,0,0,0,0,0,0,0,0,0.003218,0.001222,0.003617,0,0,0.003704,0.003807,0.002057,0,0,0,0,0,0,0,0
469,0,0,0,0,0,0,0,0,0,0,0,0,0,0,0,0,0,0,0,0,0,0,0,0,0,0,0.00092,0,0,0,0,0
470,0,0.003914,0.008381,0,0,0.001117,0,0.000806,0.003433,0.008588,0.00362,0,0.009761,0.004037,0,0,0,0,0,0,0,0,0,0,0,0,0.001415,0.004236,0,0,0.004452,0
471,0.004154,0,0,0.001067,0,0.009928,0,0,0,0.004944,0.000902,0,0,0,0,0.007423,0,0,0.004656,0,0.002055,0,0.0088,0.000963,0,0.001195,0,0,0,0,0,0
472,0,0,0,0,0,0,0,0,0,0,0,0,0,0,0,0,0,0,0,0,0,0.002418,0,0,0,0,0.002315,0,0,0,0,0
473,0,0,0,0,0,0,0,0,0,0,0,0,0,0,0,0,0.001796,0.001487,0.001382,0,0,0,0,0,0,0,0,0,0,0,0,0
474,0,0,0,0,0,0,0,0,0,0,0,0,0,0,0.000809,0,0,0,0,0,0,0,0,0,0,0,0,0,0,0,0,0
475,0,0,0,0,0,0,0,0,0,0,0,0,0,0,0,0,0,0,0,0,0,0,0,0,0,0,0,0,0,0,0,0
476,0,0,0,0,0,0,0,0,0,0,0,0,0,0,0,0,0,0,0,0,0,0,0,0.000833,0,0,0,0,0,0,0,0
477,0,0,0,0,0,0,0,0,0,0,0,0,0,0,0,0,0,0,0,0,0,0,0,0,0,0,0,0,0,0,0,0
478,0,0,0,0,0,0,0,0,Null,Null,Null,Null,Null,Null,Null,Null,0,0,0,0,0,0,0,0,Null,Null,Null,Null,Null,Null,Null,Null
479,Null,Null,Null,Null,Null,Null,Null,Null,Null,Null,Null,Null,Null,Null,Null,Null,0,0,0,0,0,0,0,0,Null,Null,Null,Null,Null,Null,Null,Null