op_rw,ceph01_ceph-osd.0.asok.txt,ceph01_ceph-osd.1.asok.txt,ceph01_ceph-osd.2.asok.txt,ceph01_ceph-osd.3.asok.txt,ceph01_ceph-osd.4.asok.txt,ceph01_ceph-osd.5.asok.txt,ceph01_ceph-osd.6.asok.txt,ceph01_ceph-osd.7.asok.txt,ceph02_ceph-osd.10.asok.txt,ceph02_ceph-osd.11.asok.txt,ceph02_ceph-osd.12.asok.txt,ceph02_ceph-osd.13.asok.txt,ceph02_ceph-osd.14.asok.txt,ceph02_ceph-osd.15.asok.txt,ceph02_ceph-osd.8.asok.txt,ceph02_ceph-osd.9.asok.txt,ceph03_ceph-osd.16.asok.txt,ceph03_ceph-osd.17.asok.txt,ceph03_ceph-osd.18.asok.txt,ceph03_ceph-osd.19.asok.txt,ceph03_ceph-osd.20.asok.txt,ceph03_ceph-osd.21.asok.txt,ceph03_ceph-osd.22.asok.txt,ceph03_ceph-osd.23.asok.txt,ceph04_ceph-osd.24.asok.txt,ceph04_ceph-osd.25.asok.txt,ceph04_ceph-osd.26.asok.txt,ceph04_ceph-osd.27.asok.txt,ceph04_ceph-osd.28.asok.txt,ceph04_ceph-osd.29.asok.txt,ceph04_ceph-osd.30.asok.txt,ceph04_ceph-osd.31.asok.txt
0,0,0,0,0,0,0,0,0,0,0,0,0,0,0,0,0,4,0,4,1,2,0,2,0,1,1,0,0,0,0,4,4
1,6,6,12,12,0,6,12,12,18,24,6,0,6,6,0,12,12,6,12,6,12,0,12,12,6,6,6,6,12,6,24,12
2,6,6,12,12,0,6,12,12,18,24,6,0,6,6,0,12,12,6,12,6,12,0,12,12,6,6,6,6,12,6,24,12
3,6,6,12,12,0,6,12,12,18,24,6,0,6,6,0,12,12,6,12,6,12,0,12,12,6,6,6,6,12,6,24,12
4,6,6,12,12,0,6,12,12,18,24,6,0,6,6,0,12,12,6,12,6,12,0,12,12,6,6,6,6,12,6,24,12
5,8,8,16,16,0,8,14,12,20,26,6,0,8,6,0,14,14,8,14,6,13,0,12,14,8,8,8,8,16,8,30,16
6,8,8,16,16,0,8,16,16,24,32,8,0,8,8,0,16,16,8,16,8,16,0,16,16,8,8,8,8,16,8,32,16
7,8,8,16,16,0,8,16,16,24,32,8,0,8,8,0,16,16,8,16,8,16,0,16,16,8,8,8,8,16,8,32,16
8,8,8,16,16,0,8,16,16,24,32,8,0,8,8,0,16,16,8,16,8,16,0,16,16,8,8,8,8,16,8,32,16
9,8,8,16,16,0,8,16,16,24,32,8,0,8,8,0,16,16,8,16,8,16,0,16,16,8,8,8,8,16,8,32,16
10,10,10,20,20,0,10,20,20,30,40,10,0,10,10,0,20,20,10,20,10,20,0,20,20,10,10,10,10,20,10,40,20
11,10,10,20,20,0,10,20,20,30,40,10,0,10,10,0,20,20,10,20,10,20,0,20,20,10,10,10,10,20,10,40,20
12,10,10,20,20,0,10,20,20,30,40,10,0,10,10,0,20,20,10,20,10,20,0,20,20,10,10,10,10,20,10,40,20
13,10,10,20,20,0,10,20,20,30,40,10,0,10,10,0,20,20,10,20,10,20,0,20,20,10,10,10,10,20,10,40,20
14,10,10,20,20,0,10,20,20,30,40,10,0,10,10,0,20,20,10,20,10,20,0,20,20,10,10,10,10,20,10,40,20
15,12,12,24,24,0,12,24,24,36,48,12,0,12,12,0,24,24,12,24,12,24,0,24,24,12,12,12,12,24,12,48,24
16,12,12,24,24,0,12,24,24,36,48,12,0,12,12,0,24,24,12,24,12,24,0,24,24,12,12,12,12,24,12,48,24
17,12,12,24,24,0,12,24,24,36,48,12,0,12,12,0,24,24,12,24,12,24,0,24,24,12,12,12,12,24,12,48,24
18,12,12,24,24,0,12,24,24,36,48,12,0,12,12,0,24,24,12,24,12,24,0,24,24,12,12,12,12,24,12,48,24
19,12,12,24,24,0,12,24,24,36,48,12,0,12,12,0,24,24,12,24,12,24,0,24,24,12,12,14,12,24,12,52,24
20,14,14,28,28,0,14,28,28,42,56,14,0,14,14,0,28,28,14,28,14,28,0,28,28,14,14,14,14,28,14,56,28
21,14,14,28,28,0,14,28,28,42,56,14,0,14,14,0,28,28,14,28,14,28,0,28,28,14,14,14,14,28,14,56,28
22,14,14,28,28,0,14,28,28,42,56,14,0,14,14,0,28,28,14,28,14,28,0,28,28,14,14,14,14,28,14,56,28
23,14,14,28,28,0,14,28,28,42,56,14,0,14,14,0,28,28,14,28,14,28,0,28,28,14,14,14,14,28,14,56,28
24,16,16,32,32,0,16,32,32,48,64,16,0,16,16,0,32,32,16,30,16,29,0,32,30,16,16,16,16,32,16,64,32
25,16,16,32,32,0,16,32,32,48,64,16,0,16,16,0,32,32,16,32,16,32,0,32,32,16,16,16,16,32,16,64,32
26,16,16,32,32,0,16,32,32,48,64,16,0,16,16,0,32,32,16,32,16,32,0,32,32,16,16,16,16,32,16,64,32
27,16,16,32,32,0,16,32,32,48,64,16,0,16,16,0,32,32,16,32,16,32,0,32,32,16,16,16,16,32,16,64,32
28,16,16,32,32,0,16,32,32,48,64,16,0,16,16,0,32,32,16,32,16,32,0,32,32,16,16,16,16,32,16,64,32
29,18,18,36,36,0,18,36,36,54,72,18,0,18,18,0,36,36,18,36,18,36,0,36,36,18,18,18,18,36,18,72,36
30,18,18,36,36,0,18,36,36,54,72,18,0,18,18,0,36,36,18,36,18,36,0,36,36,18,18,18,18,36,18,72,36
31,18,18,36,36,0,18,36,36,54,72,18,0,18,18,0,36,36,18,36,18,36,0,36,36,18,18,18,18,36,18,72,36
32,18,18,36,36,0,18,36,36,54,72,18,0,18,18,0,36,36,18,36,18,36,0,36,36,18,18,18,18,36,18,72,36
33,18,18,36,36,0,18,36,36,54,72,18,0,18,18,0,36,36,18,36,18,36,0,36,36,18,18,18,18,36,18,72,36
34,20,20,40,40,0,20,40,40,60,80,20,0,20,20,0,40,40,20,40,20,40,0,40,40,20,20,20,20,40,20,80,40
35,20,20,40,40,0,20,40,40,60,80,20,0,20,20,0,40,40,20,40,20,40,0,40,40,20,20,20,20,40,20,80,40
36,20,20,40,40,0,20,40,40,60,80,20,0,20,20,0,40,40,20,40,20,40,0,40,40,20,20,20,20,40,20,80,40
37,20,20,40,40,0,20,40,40,60,80,20,0,20,20,0,40,40,20,40,20,40,0,40,40,20,20,20,20,40,20,80,40
38,20,22,40,44,0,20,40,40,60,80,20,0,20,20,0,40,40,20,40,20,40,0,40,40,20,20,22,20,44,20,80,40
39,22,22,44,44,0,22,44,44,66,88,22,0,22,22,0,44,44,22,44,22,44,0,44,44,22,22,22,22,44,22,88,44
40,22,22,44,44,0,22,44,44,66,88,22,0,22,22,0,44,44,22,44,22,44,0,44,44,22,22,22,22,44,22,88,44
41,22,22,44,44,0,22,44,44,66,88,22,0,22,22,0,44,44,22,44,22,44,0,44,44,22,22,22,22,44,22,88,44
42,22,22,44,44,0,22,44,44,66,88,22,0,22,22,0,44,44,22,44,22,44,0,44,44,22,22,22,22,44,22,88,44
43,24,24,48,48,0,24,48,48,72,96,24,0,24,24,0,48,48,24,48,24,48,0,48,48,24,24,24,24,48,24,96,48
44,24,24,48,48,0,24,48,48,72,96,24,0,24,24,0,48,48,24,48,24,48,0,48,48,24,24,24,24,48,24,96,48
45,24,24,48,48,0,24,48,48,72,96,24,0,24,24,0,48,48,24,48,24,48,0,48,48,24,24,24,24,48,24,96,48
46,24,24,48,48,0,24,48,48,72,96,24,0,24,24,0,48,48,24,48,24,48,0,48,48,24,24,24,24,48,24,96,48
47,24,24,48,48,0,24,48,48,72,96,24,0,24,24,0,48,48,24,48,24,48,0,48,48,24,24,24,24,48,24,96,48
48,26,26,52,52,0,26,52,52,78,104,26,0,26,26,0,52,52,26,52,26,52,0,52,52,26,26,26,26,52,26,104,52
49,26,26,52,52,0,26,52,52,78,104,26,0,26,26,0,52,52,26,52,26,52,0,52,52,26,26,26,26,52,26,104,52
50,26,26,52,52,0,26,52,52,78,104,26,0,26,26,0,52,52,26,52,26,52,0,52,52,26,26,26,26,52,26,104,52
51,26,26,52,52,0,26,52,52,78,104,26,0,26,26,0,52,52,26,52,26,52,0,52,52,26,26,26,26,52,26,104,52
52,26,26,52,52,0,26,52,52,78,104,26,0,26,26,0,52,52,26,52,26,52,0,52,52,26,26,26,26,52,26,104,52
53,28,28,56,56,0,28,56,56,84,112,28,0,28,28,0,56,56,28,56,28,56,0,56,56,28,28,28,28,56,28,112,56
54,28,28,56,56,0,28,56,56,84,112,28,0,28,28,0,56,56,28,56,28,56,0,56,56,28,28,28,28,56,28,112,56
55,28,28,56,56,0,28,56,56,84,112,28,0,28,28,0,56,56,28,56,28,56,0,56,56,28,28,28,28,56,28,112,56
56,28,28,56,56,0,28,56,56,84,112,28,0,28,28,0,56,56,28,56,28,56,0,56,56,28,28,28,28,56,28,112,56
57,30,30,60,60,0,28,58,60,86,112,28,0,30,28,0,56,60,30,56,30,58,0,56,56,28,28,28,28,56,28,112,56
58,30,30,60,60,0,30,60,60,90,120,30,0,30,30,0,60,60,30,60,30,60,0,60,60,30,30,30,30,60,30,120,60
59,30,30,60,60,0,30,60,60,90,120,30,0,30,30,0,60,60,30,60,30,60,0,60,60,30,30,30,30,60,30,120,60
60,30,30,60,60,0,30,60,60,90,120,30,0,30,30,0,60,60,30,60,30,60,0,60,60,30,30,30,30,60,30,120,60
61,30,30,60,60,0,30,60,60,90,120,30,0,30,30,0,60,60,30,60,30,60,0,60,60,30,30,30,30,60,30,120,60
62,32,32,64,64,0,32,64,64,96,128,32,0,32,32,0,64,64,32,64,32,64,0,64,64,32,32,32,32,64,32,128,64
63,32,32,64,64,0,32,64,64,96,128,32,0,32,32,0,64,64,32,64,32,64,0,64,64,32,32,32,32,64,32,128,64
64,32,32,64,64,0,32,64,64,96,128,32,0,32,32,0,64,64,32,64,32,64,0,64,64,32,32,32,32,64,32,128,64
65,32,32,64,64,0,32,64,64,96,128,32,0,32,32,0,64,64,32,64,32,64,0,64,64,32,32,32,32,64,32,128,64
66,32,32,64,64,0,32,64,64,96,128,32,0,32,32,0,64,64,32,64,32,64,0,64,64,32,32,32,32,64,32,128,64
67,34,34,68,68,0,34,68,68,102,136,34,0,34,34,0,68,68,34,68,34,68,0,68,68,34,34,34,34,68,34,136,68
68,34,34,68,68,0,34,68,68,102,136,34,0,34,34,0,68,68,34,68,34,68,0,68,68,34,34,34,34,68,34,136,68
69,34,34,68,68,0,34,68,68,102,136,34,0,34,34,0,68,68,34,68,34,68,0,68,68,34,34,34,34,68,34,136,68
70,34,34,68,68,0,34,68,68,102,136,34,0,34,34,0,68,68,34,68,34,68,0,68,68,34,34,34,34,68,34,136,68
71,34,34,68,68,0,34,68,68,102,136,34,0,34,34,0,68,68,34,68,34,68,0,68,68,34,34,34,34,68,34,136,68
72,36,36,72,72,0,36,72,72,108,144,36,0,36,36,0,72,72,36,72,36,72,0,72,72,36,36,36,36,72,36,144,72
73,36,36,72,72,0,36,72,72,108,144,36,0,36,36,0,72,72,36,72,36,72,0,72,72,36,36,36,36,72,36,144,72
74,36,36,72,72,0,36,72,72,108,144,36,0,36,36,0,72,72,36,72,36,72,0,72,72,36,36,36,36,72,36,144,72
75,36,36,72,72,0,36,72,72,108,144,36,0,36,36,0,72,72,36,72,36,72,0,72,72,36,36,36,36,72,36,144,72
76,36,36,72,72,0,36,72,72,108,144,36,0,36,36,0,72,72,36,72,36,72,0,72,72,36,36,36,36,72,36,144,72
77,38,38,76,76,0,38,76,76,114,152,38,0,38,38,0,76,76,38,76,38,76,0,76,76,38,38,38,38,76,38,152,76
78,38,38,76,76,0,38,76,76,114,152,38,0,38,38,0,76,76,38,76,38,76,0,76,76,38,38,38,38,76,38,152,76
79,38,38,76,76,0,38,76,76,114,152,38,0,38,38,0,76,76,38,76,38,76,0,76,76,38,38,38,38,76,38,152,76
80,38,38,76,76,0,38,76,76,114,152,38,0,38,38,0,76,76,38,76,38,76,0,76,76,38,38,38,38,76,38,152,76
81,40,40,80,80,0,40,80,80,120,160,40,0,40,40,0,80,80,40,80,40,80,0,80,80,40,40,40,40,80,40,160,80
82,40,40,80,80,0,40,80,80,120,160,40,0,40,40,0,80,80,40,80,40,80,0,80,80,40,40,40,40,80,40,160,80
83,40,40,80,80,0,40,80,80,120,160,40,0,40,40,0,80,80,40,80,40,80,0,80,80,40,40,40,40,80,40,160,80
84,40,40,80,80,0,40,80,80,120,160,40,0,40,40,0,80,80,40,80,40,80,0,80,80,40,40,40,40,80,40,160,80
85,40,40,80,80,0,40,80,80,120,160,40,0,40,40,0,80,80,40,80,40,80,0,80,80,40,40,40,40,80,40,160,80
86,42,42,84,84,0,42,84,84,126,168,42,0,42,42,0,84,84,42,84,42,84,0,84,84,42,42,42,42,84,42,168,84
87,42,42,84,84,0,42,84,84,126,168,42,0,42,42,0,84,84,42,84,42,84,0,84,84,42,42,42,42,84,42,168,84
88,42,42,84,84,0,42,84,84,126,168,42,0,42,42,0,84,84,42,84,42,84,0,84,84,42,42,42,42,84,42,168,84
89,42,42,84,84,0,42,84,84,126,168,42,0,42,42,0,84,84,42,84,42,84,0,84,84,42,42,42,42,84,42,168,84
90,42,42,84,84,0,42,84,84,126,168,42,0,42,42,0,84,84,42,84,42,84,0,84,84,42,42,42,42,84,42,168,84
91,44,44,88,88,0,44,88,88,132,176,44,0,44,44,0,88,88,44,88,44,88,0,88,88,44,44,44,44,88,44,176,88
92,44,44,88,88,0,44,88,88,132,176,44,0,44,44,0,88,88,44,88,44,88,0,88,88,44,44,44,44,88,44,176,88
93,44,44,88,88,0,44,88,88,132,176,44,0,44,44,0,88,88,44,88,44,88,0,88,88,44,44,44,44,88,44,176,88
94,44,44,88,88,0,44,88,88,132,176,44,0,44,44,0,88,88,44,88,44,88,0,88,88,44,44,44,44,88,44,176,88
95,46,46,88,88,0,44,88,88,132,176,44,0,46,44,0,88,88,44,88,44,88,0,88,88,44,46,44,44,88,44,176,88
96,46,46,92,92,0,46,92,92,138,184,46,0,46,46,0,92,92,46,92,46,92,0,92,92,46,46,46,46,92,46,184,92
97,46,46,92,92,0,46,92,92,138,184,46,0,46,46,0,92,92,46,92,46,92,0,92,92,46,46,46,46,92,46,184,92
98,46,46,92,92,0,46,92,92,138,184,46,0,46,46,0,92,92,46,92,46,92,0,92,92,46,46,46,46,92,46,184,92
99,46,46,92,92,0,46,92,92,138,184,46,0,46,46,0,92,92,46,92,46,92,0,92,92,46,46,46,46,92,46,184,92
100,48,48,96,96,0,48,96,96,144,192,48,0,48,48,0,96,96,48,96,46,96,0,96,96,48,48,48,48,96,48,192,96
101,48,48,96,96,0,48,96,96,144,192,48,0,48,48,0,96,96,48,96,48,96,0,96,96,48,48,48,48,96,48,192,96
102,48,48,96,96,0,48,96,96,144,192,48,0,48,48,0,96,96,48,96,48,96,0,96,96,48,48,48,48,96,48,192,96
103,48,48,96,96,0,48,96,96,144,192,48,0,48,48,0,96,96,48,96,48,96,0,96,96,48,48,48,48,96,48,192,96
104,48,48,96,96,0,48,96,96,144,192,48,0,48,48,0,96,96,48,96,48,96,0,96,96,48,48,48,48,96,48,192,96
105,50,50,100,100,0,50,100,100,150,200,50,0,50,50,0,100,100,50,100,50,100,0,100,100,50,50,50,50,100,50,200,100
106,50,50,100,100,0,50,100,100,150,200,50,0,50,50,0,100,100,50,100,50,100,0,100,100,50,50,50,50,100,50,200,100
107,50,50,100,100,0,50,100,100,150,200,50,0,50,50,0,100,100,50,100,50,100,0,100,100,50,50,50,50,100,50,200,100
108,50,50,100,100,0,50,100,100,150,200,50,0,50,50,0,100,100,50,100,50,100,0,100,100,50,50,50,50,100,50,200,100
109,50,50,100,100,0,50,100,100,150,200,50,0,50,50,0,100,100,50,100,50,100,0,100,100,50,50,50,50,100,50,200,100
110,52,52,104,104,0,52,104,104,156,208,52,0,52,52,0,104,104,52,104,52,104,0,104,104,52,52,52,52,104,52,208,104
111,52,52,104,104,0,52,104,104,156,208,52,0,52,52,0,104,104,52,104,52,104,0,104,104,52,52,52,52,104,52,208,104
112,52,52,104,104,0,52,104,104,156,208,52,0,52,52,0,104,104,52,104,52,104,0,104,104,52,52,52,52,104,52,208,104
113,52,52,104,104,0,52,104,104,156,208,52,0,52,52,0,104,104,52,104,52,104,0,104,104,52,52,52,52,104,52,208,104
114,54,54,108,108,0,54,108,108,162,216,54,0,54,54,0,108,104,52,104,52,104,0,104,104,54,54,54,54,108,54,216,108
115,54,54,108,108,0,54,108,108,162,216,54,0,54,54,0,108,108,54,108,54,108,0,108,108,54,54,54,54,108,54,216,108
116,54,54,108,108,0,54,108,108,162,216,54,0,54,54,0,108,108,54,108,54,108,0,108,108,54,54,54,54,108,54,216,108
117,54,54,108,108,0,54,108,108,162,216,54,0,54,54,0,108,108,54,108,54,108,0,108,108,54,54,54,54,108,54,216,108
118,54,54,108,108,0,54,108,108,162,216,54,0,54,54,0,108,108,54,108,54,108,0,108,108,54,54,54,54,108,54,216,108
119,56,56,112,112,0,56,112,112,168,224,56,0,56,56,0,112,108,54,108,54,108,0,108,108,56,56,56,56,112,56,224,112
120,56,56,112,112,0,56,112,112,168,224,56,0,56,56,0,112,112,56,112,56,112,0,112,112,56,56,56,56,112,56,224,112
121,56,56,112,112,0,56,112,112,168,224,56,0,56,56,0,112,112,56,112,56,112,0,112,112,56,56,56,56,112,56,224,112
122,56,56,112,112,0,56,112,112,168,224,56,0,56,56,0,112,112,56,112,56,112,0,112,112,56,56,56,56,112,56,224,112
123,56,56,112,112,0,56,112,112,168,224,56,0,56,56,0,112,112,56,112,56,112,0,112,112,56,56,56,56,112,56,224,112
124,58,58,116,116,0,58,116,116,174,232,58,0,58,58,0,116,116,58,116,58,116,0,116,116,58,58,58,58,116,58,232,116
125,58,58,116,116,0,58,116,116,174,232,58,0,58,58,0,116,116,58,116,58,116,0,116,116,58,58,58,58,116,58,232,116
126,58,58,116,116,0,58,116,116,174,232,58,0,58,58,0,116,116,58,116,58,116,0,116,116,58,58,58,58,116,58,232,116
127,58,58,116,116,0,58,116,116,174,232,58,0,58,58,0,116,116,58,116,58,116,0,116,116,58,58,58,58,116,58,232,116
128,58,60,116,116,0,58,116,116,174,234,58,0,60,60,0,116,116,58,116,58,116,0,116,116,58,58,58,58,116,58,232,116
129,60,60,120,120,0,60,120,120,180,240,60,0,60,60,0,120,120,60,120,60,120,0,120,120,60,60,60,60,120,60,240,120
130,60,60,120,120,0,60,120,120,180,240,60,0,60,60,0,120,120,60,120,60,120,0,120,120,60,60,60,60,120,60,240,120
131,60,60,120,120,0,60,120,120,180,240,60,0,60,60,0,120,120,60,120,60,120,0,120,120,60,60,60,60,120,60,240,120
132,60,60,120,120,0,60,120,120,180,240,60,0,60,60,0,120,120,60,120,60,120,0,120,120,60,60,60,60,120,60,240,120
133,62,62,124,124,0,62,124,124,186,248,62,0,62,62,0,124,120,60,120,60,120,0,120,120,62,62,62,62,124,62,248,124
134,62,62,124,124,0,62,124,124,186,248,62,0,62,62,0,124,124,62,124,62,124,0,124,124,62,62,62,62,124,62,248,124
135,62,62,124,124,0,62,124,124,186,248,62,0,62,62,0,124,124,62,124,62,124,0,124,124,62,62,62,62,124,62,248,124
136,62,62,124,124,0,62,124,124,186,248,62,0,62,62,0,124,124,62,124,62,124,0,124,124,62,62,62,62,124,62,248,124
137,62,62,124,124,0,62,124,124,186,248,62,0,62,62,0,124,124,62,124,62,124,0,124,124,62,62,62,62,124,62,248,124
138,64,64,128,128,0,64,128,128,192,256,64,0,64,64,0,128,124,62,124,62,124,0,124,124,64,64,64,64,128,64,256,128
139,64,64,128,128,0,64,128,128,192,256,64,0,64,64,0,128,128,64,128,64,128,0,128,128,64,64,64,64,128,64,256,128
140,64,64,128,128,0,64,128,128,192,256,64,0,64,64,0,128,128,64,128,64,128,0,128,128,64,64,64,64,128,64,256,128
141,64,64,128,128,0,64,128,128,192,256,64,0,64,64,0,128,128,64,128,64,128,0,128,128,64,64,64,64,128,64,256,128
142,64,64,128,128,0,64,128,128,192,256,64,0,64,64,0,128,128,64,128,64,128,0,128,128,64,64,64,64,128,64,256,128
143,66,66,132,132,0,66,132,132,198,264,66,0,66,66,0,132,132,66,132,66,132,0,132,132,66,66,66,66,132,66,264,132
144,66,66,132,132,0,66,132,132,198,264,66,0,66,66,0,132,132,66,132,66,132,0,132,132,66,66,66,66,132,66,264,132
145,66,66,132,132,0,66,132,132,198,264,66,0,66,66,0,132,132,66,132,66,132,0,132,132,66,66,66,66,132,66,264,132
146,66,66,132,132,0,66,132,132,198,264,66,0,66,66,0,132,132,66,132,66,132,0,132,132,66,66,66,66,132,66,264,132
147,68,68,134,136,0,68,134,136,204,266,66,0,68,66,0,136,132,66,132,66,132,0,132,132,68,68,68,68,136,68,264,132
148,68,68,136,136,0,68,136,136,204,272,68,0,68,68,0,136,136,68,136,68,136,0,136,136,68,68,68,68,136,68,272,136
149,68,68,136,136,0,68,136,136,204,272,68,0,68,68,0,136,136,68,136,68,136,0,136,136,68,68,68,68,136,68,272,136
150,68,68,136,136,0,68,136,136,204,272,68,0,68,68,0,136,136,68,136,68,136,0,136,136,68,68,68,68,136,68,272,136
151,68,68,136,136,0,68,136,136,204,272,68,0,68,68,0,136,136,68,136,68,136,0,136,136,68,68,68,68,136,68,272,136
152,70,70,140,140,0,70,140,140,210,280,70,0,70,70,0,140,136,68,136,68,136,0,136,136,70,70,70,70,140,70,280,140
153,70,70,140,140,0,70,140,140,210,280,70,0,70,70,0,140,140,70,140,70,140,0,140,140,70,70,70,70,140,70,280,140
154,70,70,140,140,0,70,140,140,210,280,70,0,70,70,0,140,140,70,140,70,140,0,140,140,70,70,70,70,140,70,280,140
155,70,70,140,140,0,70,140,140,210,280,70,0,70,70,0,140,140,70,140,70,140,0,140,140,70,70,70,70,140,70,280,140
156,70,70,140,140,0,70,140,140,210,280,70,0,70,70,0,140,140,70,140,70,140,0,140,140,70,70,70,70,140,70,280,140
157,72,72,144,144,0,72,144,144,216,288,72,0,72,72,0,144,140,70,140,70,140,0,140,140,72,72,72,72,144,72,288,144
158,72,72,144,144,0,72,144,144,216,288,72,0,72,72,0,144,144,72,144,72,144,0,144,144,72,72,72,72,144,72,288,144
159,72,72,144,144,0,72,144,144,216,288,72,0,72,72,0,144,144,72,144,72,144,0,144,144,72,72,72,72,144,72,288,144
160,72,72,144,144,0,72,144,144,216,288,72,0,72,72,0,144,144,72,144,72,144,0,144,144,72,72,72,72,144,72,288,144
161,72,72,144,144,0,72,144,144,216,288,72,0,74,72,0,144,144,72,144,72,144,0,144,144,72,72,72,72,144,72,288,144
162,74,74,148,148,0,74,148,148,222,296,74,0,74,74,0,148,148,74,148,74,148,0,146,148,74,74,74,74,148,74,296,148
163,74,74,148,148,0,74,148,148,222,296,74,0,74,74,0,148,148,74,148,74,148,0,148,148,74,74,74,74,148,74,296,148
164,74,74,148,148,0,74,148,148,222,296,74,0,74,74,0,148,148,74,148,74,148,0,148,148,74,74,74,74,148,74,296,148
165,74,74,148,148,0,74,148,148,222,296,74,0,74,74,0,148,148,74,148,74,148,0,148,148,74,74,74,74,148,74,296,148
166,76,76,152,152,0,76,152,152,228,304,76,0,76,76,0,152,148,74,148,74,148,0,148,148,76,76,76,76,152,76,296,148
167,76,76,152,152,0,76,152,152,228,304,76,0,76,76,0,152,152,76,152,76,152,0,152,152,76,76,76,76,152,76,304,152
168,76,76,152,152,0,76,152,152,228,304,76,0,76,76,0,152,152,76,152,76,152,0,152,152,76,76,76,76,152,76,304,152
169,76,76,152,152,0,76,152,152,228,304,76,0,76,76,0,152,152,76,152,76,152,0,152,152,76,76,76,76,152,76,304,152
170,76,76,152,152,0,76,152,152,228,304,76,0,76,76,0,152,152,76,152,76,152,0,152,152,76,76,76,76,152,76,304,152
171,78,78,156,156,0,78,156,156,234,312,78,0,78,78,0,156,152,76,152,76,152,0,152,152,78,78,78,78,156,78,312,156
172,78,78,156,156,0,78,156,156,234,312,78,0,78,78,0,156,156,78,156,78,156,0,156,156,78,78,78,78,156,78,312,156
173,78,78,156,156,0,78,156,156,234,312,78,0,78,78,0,156,156,78,156,78,156,0,156,156,78,78,78,78,156,78,312,156
174,78,78,156,156,0,78,156,156,234,312,78,0,78,78,0,156,156,78,156,78,156,0,156,156,78,78,78,78,156,78,312,156
175,78,78,156,156,0,78,156,156,234,312,78,0,78,78,0,156,156,78,156,78,156,0,156,156,78,78,78,78,156,78,312,156
176,80,80,160,160,0,80,160,160,240,320,80,0,80,80,0,160,156,78,156,78,156,0,156,156,80,80,80,80,160,80,320,160
177,80,80,160,160,0,80,160,160,240,320,80,0,80,80,0,160,160,80,160,80,160,0,160,160,80,80,80,80,160,80,320,160
178,80,80,160,160,0,80,160,160,240,320,80,0,80,80,0,160,160,80,160,80,160,0,160,160,80,80,80,80,160,80,320,160
179,80,80,160,160,0,80,160,160,240,320,80,0,80,80,0,160,160,80,160,80,160,0,160,160,80,80,80,80,160,80,320,160
180,80,80,160,160,0,80,160,160,240,320,80,0,80,80,0,160,160,80,160,80,160,0,160,160,80,80,80,80,160,80,320,160
181,82,82,164,164,0,82,164,164,246,328,82,0,82,82,0,164,160,80,160,80,160,0,160,160,82,82,82,82,164,82,328,164
182,82,82,164,164,0,82,164,164,246,328,82,0,82,82,0,164,164,82,164,82,164,0,164,164,82,82,82,82,164,82,328,164
183,82,82,164,164,0,82,164,164,246,328,82,0,82,82,0,164,164,82,164,82,164,0,164,164,82,82,82,82,164,82,328,164
184,82,82,164,164,0,82,164,164,246,328,82,0,82,82,0,164,164,82,164,82,164,0,164,164,82,82,82,82,164,82,328,164
185,84,84,168,168,0,84,168,168,252,336,84,0,84,84,0,168,164,82,164,82,164,0,164,164,84,84,84,84,168,84,336,165
186,84,84,168,168,0,84,168,168,252,336,84,0,84,84,0,168,168,84,168,84,168,0,168,168,84,84,84,84,168,84,336,168
187,84,84,168,168,0,84,168,168,252,336,84,0,84,84,0,168,168,84,168,84,168,0,168,168,84,84,84,84,168,84,336,168
188,84,84,168,168,0,84,168,168,252,336,84,0,84,84,0,168,168,84,168,84,168,0,168,168,84,84,84,84,168,84,336,168
189,84,84,168,168,0,84,168,168,252,336,84,0,84,84,0,168,168,84,168,84,168,0,168,168,84,84,84,84,168,84,336,168
190,86,86,172,172,0,86,172,172,258,344,86,0,86,86,0,172,168,84,168,84,168,0,168,168,86,86,86,86,172,86,344,172
191,86,86,172,172,0,86,172,172,258,344,86,0,86,86,0,172,172,86,172,86,172,0,172,172,86,86,86,86,172,86,344,172
192,86,86,172,172,0,86,172,172,258,344,86,0,86,86,0,172,172,86,172,86,172,0,172,172,86,86,86,86,172,86,344,172
193,86,86,172,172,0,86,172,172,258,344,86,0,86,86,0,172,172,86,172,86,172,0,172,172,86,86,86,86,172,86,344,172
194,86,86,172,172,0,86,172,172,258,344,86,0,86,86,0,172,172,86,172,86,172,0,172,172,86,86,86,86,172,86,344,172
195,88,88,176,176,0,88,176,176,264,352,88,0,88,88,0,176,172,86,172,86,172,0,172,172,88,88,88,88,176,88,352,176
196,88,88,176,176,0,88,176,176,264,352,88,0,88,88,0,176,176,88,176,88,176,0,176,176,88,88,88,88,176,88,352,176
197,88,88,176,176,0,88,176,176,264,352,88,0,88,88,0,176,176,88,176,88,176,0,176,176,88,88,88,88,176,88,352,176
198,88,88,176,176,0,88,176,176,264,352,88,0,88,88,0,176,176,88,176,88,176,0,176,176,88,88,88,88,176,88,352,176
199,88,88,176,176,0,88,176,176,264,352,88,0,88,88,0,176,176,88,176,88,176,0,176,176,88,88,88,88,176,88,352,176
200,90,90,180,180,0,90,180,180,270,360,90,0,90,90,0,180,176,88,176,88,176,0,176,176,90,90,90,90,180,90,360,180
201,90,90,180,180,0,90,180,180,270,360,90,0,90,90,0,180,180,90,180,90,180,0,180,180,90,90,90,90,180,90,360,180
202,90,90,180,180,0,90,180,180,270,360,90,0,90,90,0,180,180,90,180,90,180,0,180,180,90,90,90,90,180,90,360,180
203,90,90,180,180,0,90,180,180,270,360,90,0,90,90,0,180,180,90,180,90,180,0,180,180,90,90,90,90,180,90,360,180
204,92,92,184,184,0,92,184,184,276,368,92,0,92,92,0,184,180,90,180,90,180,0,180,180,92,92,92,92,184,92,368,184
205,92,92,184,184,0,92,184,184,276,368,92,0,92,92,0,184,184,92,184,92,184,0,184,184,92,92,92,92,184,92,368,184
206,92,92,184,184,0,92,184,184,276,368,92,0,92,92,0,184,184,92,184,92,184,0,184,184,92,92,92,92,184,92,368,184
207,92,92,184,184,0,92,184,184,276,368,92,0,92,92,0,184,184,92,184,92,184,0,184,184,92,92,92,92,184,92,368,184
208,92,92,184,184,0,92,184,184,276,368,92,0,92,92,0,184,184,92,184,92,184,0,184,184,92,92,92,92,184,92,368,184
209,94,94,188,188,0,94,188,188,282,376,94,0,94,94,0,188,184,92,184,92,184,0,184,184,94,94,94,94,188,94,376,188
210,94,94,188,188,0,94,188,188,282,376,94,0,94,94,0,188,188,94,188,94,188,0,188,188,94,94,94,94,188,94,376,188
211,94,94,188,188,0,94,188,188,282,376,94,0,94,94,0,188,188,94,188,94,188,0,188,188,94,94,94,94,188,94,376,188
212,94,94,188,188,0,94,188,188,282,376,94,0,94,94,0,188,188,94,188,94,188,0,188,188,94,94,94,94,188,94,376,188
213,94,94,188,188,0,94,188,188,282,376,94,0,94,94,0,188,188,94,188,94,188,0,188,188,94,94,94,94,188,94,376,188
214,96,96,192,192,0,96,192,192,288,384,96,0,96,96,0,192,188,94,188,94,188,0,188,188,96,96,96,96,192,96,384,192
215,96,96,192,192,0,96,192,192,288,384,96,0,96,96,0,192,192,96,192,96,192,0,192,192,96,96,96,96,192,96,384,192
216,96,96,192,192,0,96,192,192,288,384,96,0,96,96,0,192,192,96,192,96,192,0,192,192,96,96,96,96,192,96,384,192
217,96,96,192,192,0,96,192,192,288,384,96,0,96,96,0,192,192,96,192,96,192,0,192,192,96,96,96,96,192,96,384,192
218,96,96,192,192,0,96,192,192,290,386,96,0,98,96,0,194,192,96,192,96,192,0,192,192,96,96,96,96,192,96,384,192
219,98,98,196,196,0,98,196,196,294,392,98,0,98,98,0,196,192,96,192,96,192,0,192,192,98,98,98,98,196,98,392,196
220,98,98,196,196,0,98,196,196,294,392,98,0,98,98,0,196,196,98,196,98,196,0,196,196,98,98,98,98,196,98,392,196
221,98,98,196,196,0,98,196,196,294,392,98,0,98,98,0,196,196,98,196,98,196,0,196,196,98,98,98,98,196,98,392,196
222,98,98,196,196,0,98,196,196,294,392,98,0,98,98,0,196,196,98,196,98,196,0,196,196,98,98,98,98,196,98,392,196
223,100,100,200,200,0,100,200,200,300,400,100,0,100,100,0,200,196,98,196,98,196,0,196,196,98,98,100,98,199,98,400,200
224,100,100,200,200,0,100,200,200,300,400,100,0,100,100,0,200,196,98,196,98,196,0,196,196,100,100,100,100,200,100,400,200
225,100,100,200,200,0,100,200,200,300,400,100,0,100,100,0,200,200,100,200,100,200,0,200,200,100,100,100,100,200,100,400,200
226,100,100,200,200,0,100,200,200,300,400,100,0,100,100,0,200,200,100,200,100,200,0,200,200,100,100,100,100,200,100,400,200
227,100,100,200,200,0,100,200,200,300,400,100,0,100,100,0,200,200,100,200,100,200,0,200,200,100,100,100,100,200,100,400,200
228,102,102,204,204,0,102,204,204,306,408,102,0,102,102,0,204,200,100,200,100,200,0,200,200,102,102,102,102,204,102,408,204
229,102,102,204,204,0,102,204,204,306,408,102,0,102,102,0,204,200,101,202,100,200,0,202,200,102,102,102,102,204,102,408,204
230,102,102,204,204,0,102,204,204,306,408,102,0,102,102,0,204,204,102,204,102,204,0,204,204,102,102,102,102,204,102,408,204
231,102,102,204,204,0,102,204,204,306,408,102,0,102,102,0,204,204,102,204,102,204,0,204,204,102,102,102,102,204,102,408,204
232,102,102,204,204,0,102,204,204,306,408,102,0,102,102,0,204,204,102,204,102,204,0,204,204,102,102,102,102,204,102,408,204
233,104,104,208,208,0,104,208,208,312,416,104,0,104,104,0,208,204,102,204,102,204,0,204,204,104,104,104,104,208,104,416,208
234,104,104,208,208,0,104,208,208,312,416,104,0,104,104,0,208,208,104,208,104,208,0,208,208,104,104,104,104,208,104,416,208
235,104,104,208,208,0,104,208,208,312,416,104,0,104,104,0,208,208,104,208,104,208,0,208,208,104,104,104,104,208,104,416,208
236,104,104,208,208,0,104,208,208,312,416,104,0,104,104,0,208,208,104,208,104,208,0,208,208,104,104,104,104,208,104,416,208
237,104,104,208,208,0,104,208,208,314,424,104,0,106,104,0,212,208,104,208,104,208,0,208,208,104,104,104,104,208,104,416,208
238,106,106,212,212,0,106,212,212,318,424,106,0,106,106,0,212,208,104,208,104,208,0,208,208,106,106,106,106,212,106,424,212
239,106,106,212,212,0,106,212,212,318,424,106,0,106,106,0,212,212,106,212,106,212,0,212,212,106,106,106,106,212,106,424,212
240,106,106,212,212,0,106,212,212,318,424,106,0,106,106,0,212,212,106,212,106,212,0,212,212,106,106,106,106,212,106,424,212
241,106,106,212,212,0,106,212,212,318,424,106,0,106,106,0,212,212,106,212,106,212,0,212,212,106,106,106,106,212,106,424,212
242,106,108,213,216,0,106,212,216,324,432,108,0,108,108,0,216,212,106,212,106,212,0,212,212,106,106,106,108,212,106,424,212
243,108,108,216,216,0,108,216,216,324,432,108,0,108,108,0,216,212,106,212,106,212,0,212,212,108,108,108,108,216,108,432,216
244,108,108,216,216,0,108,216,216,324,432,108,0,108,108,0,216,216,108,216,108,216,0,216,216,108,108,108,108,216,108,432,216
245,108,108,216,216,0,108,216,216,324,432,108,0,108,108,0,216,216,108,216,108,216,0,216,216,108,108,108,108,216,108,432,216
246,108,108,216,216,0,108,216,216,324,432,108,0,108,108,0,216,216,108,216,108,216,0,216,216,108,108,108,108,216,108,432,216
247,110,110,220,220,0,110,220,220,330,440,110,0,110,110,0,220,216,108,216,108,216,0,216,216,110,110,110,110,220,110,440,220
248,110,110,220,220,0,110,220,220,330,440,110,0,110,110,0,220,220,110,220,110,220,0,220,220,110,110,110,110,220,110,440,220
249,110,110,220,220,0,110,220,220,330,440,110,0,110,110,0,220,220,110,220,110,220,0,220,220,110,110,110,110,220,110,440,220
250,110,110,220,220,0,110,220,220,330,440,110,0,110,110,0,220,220,110,220,110,220,0,220,220,110,110,110,110,220,110,440,220
251,110,110,220,220,0,110,220,220,330,440,110,0,112,110,0,220,220,110,220,110,220,0,220,220,110,110,110,110,220,110,440,220
252,112,112,224,224,0,112,224,224,336,448,112,0,112,112,0,224,220,110,220,110,220,0,220,220,112,112,112,112,224,112,448,224
253,112,112,224,224,0,112,224,224,336,448,112,0,112,112,0,224,224,112,224,112,224,0,224,224,112,112,112,112,224,112,448,224
254,112,112,224,224,0,112,224,224,336,448,112,0,112,112,0,224,224,112,224,112,224,0,224,224,112,112,112,112,224,112,448,224
255,112,112,224,224,0,112,224,224,336,448,112,0,112,112,0,224,224,112,224,112,224,0,224,224,112,112,112,112,224,112,448,224
256,112,112,224,224,0,112,224,224,342,456,114,0,114,114,0,228,224,112,224,112,224,0,224,224,112,112,112,112,224,112,448,224
257,114,114,228,228,0,114,228,228,342,456,114,0,114,114,0,228,224,112,224,112,224,0,224,224,114,114,114,114,228,114,456,228
258,114,114,228,228,0,114,228,228,342,456,114,0,114,114,0,228,228,114,228,114,228,0,228,228,114,114,114,114,228,114,456,228
259,114,114,228,228,0,114,228,228,342,456,114,0,114,114,0,228,228,114,228,114,228,0,228,228,114,114,114,114,228,114,456,228
260,114,114,228,228,0,114,228,228,342,456,114,0,114,114,0,228,228,114,228,114,228,0,228,228,114,114,114,114,228,114,456,228
261,116,114,228,228,0,114,228,228,348,464,116,0,116,116,0,232,228,114,228,114,228,0,228,228,114,114,114,114,228,114,456,228
262,116,116,232,232,0,116,232,232,348,464,116,0,116,116,0,232,228,114,228,114,228,0,228,228,116,116,116,116,232,116,464,232
263,116,116,232,232,0,116,232,232,348,464,116,0,116,116,0,232,232,116,232,116,232,0,232,232,116,116,116,116,232,116,464,232
264,116,116,232,232,0,116,232,232,348,464,116,0,116,116,0,232,232,116,232,116,232,0,232,232,116,116,116,116,232,116,464,232
265,116,116,232,232,0,116,232,232,348,464,116,0,116,116,0,232,232,116,232,116,232,0,232,232,116,116,116,116,232,116,464,232
266,118,118,236,236,0,118,236,236,354,472,118,0,118,118,0,236,232,116,232,116,232,0,232,232,118,118,118,118,236,118,472,236
267,118,118,236,236,0,118,236,236,354,472,118,0,118,118,0,236,236,118,234,116,232,0,234,234,118,118,118,118,236,118,472,236
268,118,118,236,236,0,118,236,236,354,472,118,0,118,118,0,236,236,118,236,118,236,0,236,236,118,118,118,118,236,118,472,236
269,118,118,236,236,0,118,236,236,354,472,118,0,118,118,0,236,236,118,236,118,236,0,236,236,118,118,118,118,236,118,472,236
270,118,118,236,236,0,118,236,236,354,472,118,0,118,118,0,236,236,118,236,118,236,0,236,236,118,118,118,118,236,118,472,236
271,120,120,240,240,0,120,240,240,360,480,120,0,120,120,0,240,236,118,236,118,236,0,236,236,120,120,120,120,240,120,480,240
272,120,120,240,240,0,120,240,240,360,480,120,0,120,120,0,240,240,120,240,120,240,0,240,240,120,120,120,120,240,120,480,240
273,120,120,240,240,0,120,240,240,360,480,120,0,120,120,0,240,240,120,240,120,240,0,240,240,120,120,120,120,240,120,480,240
274,120,120,240,240,0,120,240,240,360,480,120,0,120,120,0,240,240,120,240,120,240,0,240,240,120,120,120,120,240,120,480,240
275,120,120,240,240,0,120,240,240,362,488,120,0,122,120,0,244,240,120,240,120,240,0,240,240,120,120,120,120,240,120,480,240
276,122,122,244,244,0,122,244,244,366,488,122,0,122,122,0,244,240,120,240,120,240,0,240,240,122,122,122,122,244,122,488,244
277,122,122,244,244,0,122,244,244,366,488,122,0,122,122,0,244,244,122,244,122,244,0,244,244,122,122,122,122,244,122,488,244
278,122,122,244,244,0,122,244,244,366,488,122,0,122,122,0,244,244,122,244,122,244,0,244,244,122,122,122,122,244,122,488,244
279,122,122,244,244,0,122,244,244,366,488,122,0,122,122,0,244,244,122,244,122,244,0,244,244,122,122,122,122,244,122,488,244
280,122,122,244,244,0,122,244,244,372,496,124,0,124,124,0,248,244,122,244,122,244,0,244,244,124,124,124,122,246,124,493,244
281,124,124,248,248,0,124,248,248,372,496,124,0,124,124,0,248,244,122,244,122,244,0,244,244,124,124,124,124,248,124,496,248
282,124,124,248,248,0,124,248,248,372,496,124,0,124,124,0,248,248,124,248,124,248,0,248,248,124,124,124,124,248,124,496,248
283,124,124,248,248,0,124,248,248,372,496,124,0,124,124,0,248,248,124,248,124,248,0,248,248,124,124,124,124,248,124,496,248
284,124,124,248,248,0,124,248,248,372,496,124,0,124,124,0,248,248,124,248,124,248,0,248,248,124,124,124,124,248,124,496,248
285,126,126,252,252,0,126,252,252,378,504,126,0,126,126,0,252,248,124,248,124,248,0,248,248,126,126,126,126,252,126,504,252
286,126,126,252,252,0,126,252,252,378,504,126,0,126,126,0,252,252,124,250,124,248,0,248,248,126,126,126,126,252,126,504,252
287,126,126,252,252,0,126,252,252,378,504,126,0,126,126,0,252,252,126,252,126,252,0,252,252,126,126,126,126,252,126,504,252
288,126,126,252,252,0,126,252,252,378,504,126,0,126,126,0,252,252,126,252,126,252,0,252,252,126,126,126,126,252,126,504,252
289,126,126,252,252,0,126,252,252,378,504,126,0,126,126,0,252,252,126,252,126,252,0,252,252,126,126,126,126,252,126,504,252
290,128,128,256,256,0,128,256,256,384,512,128,0,128,128,0,256,252,126,252,126,252,0,252,252,128,128,128,128,256,128,512,256
291,128,128,256,256,0,128,256,256,384,512,128,0,128,128,0,256,256,128,256,128,256,0,256,256,128,128,128,128,256,128,512,256
292,128,128,256,256,0,128,256,256,384,512,128,0,128,128,0,256,256,128,256,128,256,0,256,256,128,128,128,128,256,128,512,256
293,128,128,256,256,0,128,256,256,384,512,128,0,128,128,0,256,256,128,256,128,256,0,256,256,128,128,128,128,256,128,512,256
294,128,128,256,256,0,128,256,256,386,512,128,0,130,128,0,258,256,128,256,128,256,0,256,256,128,128,128,128,256,128,512,256
295,130,130,260,260,0,130,260,260,390,520,130,0,130,130,0,260,256,128,256,128,256,0,256,256,130,130,130,130,260,130,520,260
296,130,130,260,260,0,130,260,260,390,520,130,0,130,130,0,260,260,130,260,130,260,0,260,260,130,130,130,130,260,130,520,260
297,130,130,260,260,0,130,260,260,390,520,130,0,130,130,0,260,260,130,260,130,260,0,260,260,130,130,130,130,260,130,520,260
298,130,130,260,260,0,130,260,260,390,520,130,0,130,130,0,260,260,130,260,130,260,0,260,260,130,130,130,130,260,130,520,260
299,132,130,264,260,0,132,260,260,396,528,132,0,132,132,0,264,260,130,260,130,260,0,260,260,132,132,132,132,263,131,520,260
300,132,132,264,264,0,132,264,264,396,528,132,0,132,132,0,264,260,130,260,130,260,0,260,260,132,132,132,132,264,132,528,264
301,132,132,264,264,0,132,264,264,396,528,132,0,132,132,0,264,264,132,264,132,264,0,264,264,132,132,132,132,264,132,528,264
302,132,132,264,264,0,132,264,264,396,528,132,0,132,132,0,264,264,132,264,132,264,0,264,264,132,132,132,132,264,132,528,264
303,132,132,264,264,0,132,264,264,396,528,132,0,132,132,0,264,264,132,264,132,264,0,264,264,132,132,132,132,264,132,528,264
304,134,134,268,268,0,134,268,268,402,536,134,0,134,134,0,268,264,132,264,132,264,0,264,264,134,134,134,134,268,134,536,268
305,134,134,268,268,0,134,268,268,402,536,134,0,134,134,0,268,268,134,268,134,268,0,268,268,134,134,134,134,268,134,536,268
306,134,134,268,268,0,134,268,268,402,536,134,0,134,134,0,268,268,134,268,134,268,0,268,268,134,134,134,134,268,134,536,268
307,134,134,268,268,0,134,268,268,402,536,134,0,134,134,0,268,268,134,268,134,268,0,268,268,134,134,134,134,268,134,536,268
308,134,134,268,268,0,134,268,268,402,536,134,0,134,134,0,268,268,134,268,134,268,0,268,268,134,134,134,134,268,134,536,268
309,136,136,272,272,0,136,272,272,408,544,136,0,136,136,0,272,268,134,268,134,268,0,268,268,136,136,136,136,272,136,544,272
310,136,136,272,272,0,136,272,272,408,544,136,0,136,136,0,272,272,136,272,136,272,0,272,272,136,136,136,136,272,136,544,272
311,136,136,272,272,0,136,272,272,408,544,136,0,136,136,0,272,272,136,272,136,272,0,272,272,136,136,136,136,272,136,544,272
312,136,136,272,272,0,136,272,272,408,544,136,0,136,136,0,272,272,136,272,136,272,0,272,272,136,136,136,136,272,136,544,272
313,136,136,272,272,0,136,272,272,408,544,136,0,138,136,0,272,272,136,272,136,272,0,272,272,136,136,136,136,272,136,544,272
314,138,138,276,276,0,138,276,276,414,552,138,0,138,138,0,276,272,136,272,136,272,0,272,272,138,138,138,138,276,138,552,276
315,138,138,276,276,0,138,276,276,414,552,138,0,138,138,0,276,276,138,276,138,276,0,276,276,138,138,138,138,276,138,552,276
316,138,138,276,276,0,138,276,276,414,552,138,0,138,138,0,276,276,138,276,138,276,0,276,276,138,138,138,138,276,138,552,276
317,138,138,276,276,0,138,276,276,414,552,138,0,138,138,0,276,276,138,276,138,276,0,276,276,138,138,138,138,276,138,552,276
318,140,140,280,276,0,138,278,276,420,560,140,0,140,140,0,280,276,138,276,138,276,0,276,276,140,140,140,138,280,138,552,276
319,140,140,280,280,0,140,280,280,420,560,140,0,140,140,0,280,276,140,279,140,276,0,280,278,140,140,140,140,280,140,560,280
320,140,140,280,280,0,140,280,280,420,560,140,0,140,140,0,280,280,140,280,140,280,0,280,280,140,140,140,140,280,140,560,280
321,140,140,280,280,0,140,280,280,420,560,140,0,140,140,0,280,280,140,280,140,280,0,280,280,140,140,140,140,280,140,560,280
322,140,140,280,280,0,140,280,280,420,560,140,0,140,140,0,280,280,140,280,140,280,0,280,280,140,140,140,140,280,140,560,280
323,142,142,284,284,0,142,284,284,426,568,142,0,142,142,0,284,280,140,280,140,280,0,280,280,142,142,142,142,284,142,568,284
324,142,142,284,284,0,142,284,284,426,568,142,0,142,142,0,284,284,142,284,142,284,0,284,284,142,142,142,142,284,142,568,284
325,142,142,284,284,0,142,284,284,426,568,142,0,142,142,0,284,284,142,284,142,284,0,284,284,142,142,142,142,284,142,568,284
326,142,142,284,284,0,142,284,284,426,568,142,0,142,142,0,284,284,142,284,142,284,0,284,284,142,142,142,142,284,142,568,284
327,142,142,284,284,0,142,284,284,426,568,142,0,142,142,0,284,284,142,284,142,284,0,284,284,142,142,142,142,284,142,568,284
328,144,144,288,288,0,144,288,288,432,576,144,0,144,144,0,288,284,142,284,142,284,0,284,284,144,144,144,144,288,144,576,288
329,144,144,288,288,0,144,288,288,432,576,144,0,144,144,0,288,288,144,288,144,288,0,288,288,144,144,144,144,288,144,576,288
330,144,144,288,288,0,144,288,288,432,576,144,0,144,144,0,288,288,144,288,144,288,0,288,288,144,144,144,144,288,144,576,288
331,144,144,288,288,0,144,288,288,432,576,144,0,144,144,0,288,288,144,288,144,288,0,288,288,144,144,144,144,288,144,576,288
332,144,144,288,288,0,144,288,288,432,576,144,0,144,144,0,288,288,144,288,144,288,0,288,288,144,144,144,144,288,144,576,288
333,146,146,292,292,0,146,292,292,438,584,146,0,146,146,0,292,288,144,288,144,288,0,288,288,146,146,146,146,292,146,584,292
334,146,146,292,292,0,146,292,292,438,584,146,0,146,146,0,292,292,146,292,146,292,0,292,292,146,146,146,146,292,146,584,292
335,146,146,292,292,0,146,292,292,438,584,146,0,146,146,0,292,292,146,292,146,292,0,292,292,146,146,146,146,292,146,584,292
336,146,146,292,292,0,146,292,292,438,584,146,0,146,146,0,292,292,146,292,146,292,0,292,292,146,146,146,146,292,146,584,292
337,148,146,292,292,0,146,292,292,440,586,146,0,148,146,0,296,292,146,292,146,292,0,292,292,148,146,146,146,292,146,584,292
338,148,148,296,296,0,148,296,296,444,592,148,0,148,148,0,296,292,146,294,146,292,0,292,292,148,148,148,148,296,148,592,296
339,148,148,296,296,0,148,296,296,444,592,148,0,148,148,0,296,296,148,296,148,296,0,296,296,148,148,148,148,296,148,592,296
340,148,148,296,296,0,148,296,296,444,592,148,0,148,148,0,296,296,148,296,148,296,0,296,296,148,148,148,148,296,148,592,296
341,148,148,296,296,0,148,296,296,444,592,148,0,148,148,0,296,296,148,296,148,296,0,296,296,148,148,148,148,296,148,592,296
342,150,150,300,300,0,150,300,300,450,600,150,0,150,150,0,300,296,148,296,148,296,0,296,296,150,150,150,150,300,150,600,300
343,150,150,300,300,0,150,300,300,450,600,150,0,150,150,0,300,300,150,300,150,300,0,300,300,150,150,150,150,300,150,600,300
344,150,150,300,300,0,150,300,300,450,600,150,0,150,150,0,300,300,150,300,150,300,0,300,300,150,150,150,150,300,150,600,300
345,150,150,300,300,0,150,300,300,450,600,150,0,150,150,0,300,300,150,300,150,300,0,300,300,150,150,150,150,300,150,600,300
346,150,150,300,300,0,150,300,300,450,600,150,0,150,150,0,300,300,150,300,150,300,0,300,300,150,150,150,150,300,150,600,300
347,152,152,304,304,0,152,304,304,456,608,152,0,152,152,0,304,300,150,300,150,300,0,300,300,152,152,152,152,304,152,608,304
348,152,152,304,304,0,152,304,304,456,608,152,0,152,152,0,304,304,152,304,152,304,0,304,304,152,152,152,152,304,152,608,304
349,152,152,304,304,0,152,304,304,456,608,152,0,152,152,0,304,304,152,304,152,304,0,304,304,152,152,152,152,304,152,608,304
350,152,152,304,304,0,152,304,304,456,608,152,0,152,152,0,304,304,152,304,152,304,0,304,304,152,152,152,152,304,152,608,304
351,152,152,304,304,0,152,304,304,456,608,152,0,152,152,0,304,304,152,304,152,304,0,304,304,152,152,152,152,304,152,608,304
352,154,154,308,308,0,154,308,308,462,616,154,0,154,154,0,308,304,152,304,152,304,0,304,304,154,154,154,154,308,154,616,308
353,154,154,308,308,0,154,308,308,462,616,154,0,154,154,0,308,308,154,308,154,308,0,308,308,154,154,154,154,308,154,616,308
354,154,154,308,308,0,154,308,308,462,616,154,0,154,154,0,308,308,154,308,154,308,0,308,308,154,154,154,154,308,154,616,308
355,154,154,308,308,0,154,308,308,462,616,154,0,154,154,0,308,308,154,308,154,308,0,308,308,154,154,154,154,308,154,616,308
356,154,154,308,308,0,154,308,308,462,618,154,0,156,154,0,310,308,154,308,154,308,0,308,308,156,154,156,154,308,154,616,308
357,156,156,312,312,0,156,312,312,468,624,156,0,156,156,0,312,308,154,308,154,308,0,308,308,156,156,156,156,312,156,624,312
358,156,156,312,312,0,156,312,312,468,624,156,0,156,156,0,312,312,156,312,156,312,0,312,312,156,156,156,156,312,156,624,312
359,156,156,312,312,0,156,312,312,468,624,156,0,156,156,0,312,312,156,312,156,312,0,312,312,156,156,156,156,312,156,624,312
360,156,156,312,312,0,156,312,312,468,624,156,0,156,156,0,312,312,156,312,156,312,0,312,312,156,156,156,156,312,156,624,312
361,156,156,312,312,0,156,312,312,474,632,158,0,158,158,0,316,312,156,312,156,312,0,312,312,158,158,158,158,316,158,632,316
362,158,158,316,316,0,158,316,316,474,632,158,0,158,158,0,316,312,156,312,156,312,0,312,312,158,158,158,158,316,158,632,316
363,158,158,316,316,0,158,316,316,474,632,158,0,158,158,0,316,316,158,316,158,316,0,316,316,158,158,158,158,316,158,632,316
364,158,158,316,316,0,158,316,316,474,632,158,0,158,158,0,316,316,158,316,158,316,0,316,316,158,158,158,158,316,158,632,316
365,158,158,316,316,0,158,316,316,474,632,158,0,158,158,0,316,316,158,316,158,316,0,316,316,158,158,158,158,316,158,632,316
366,160,160,320,320,0,160,320,320,480,640,160,0,160,160,0,320,316,158,316,158,316,0,316,316,160,160,160,160,320,160,640,320
367,160,160,320,320,0,160,320,320,480,640,160,0,160,160,0,320,320,160,320,160,320,0,320,320,160,160,160,160,320,160,640,320
368,160,160,320,320,0,160,320,320,480,640,160,0,160,160,0,320,320,160,320,160,320,0,320,320,160,160,160,160,320,160,640,320
369,160,160,320,320,0,160,320,320,480,640,160,0,160,160,0,320,320,160,320,160,320,0,320,320,160,160,160,160,320,160,640,320
370,160,160,320,320,0,160,320,320,480,640,160,0,160,160,0,320,320,160,320,160,320,0,320,320,160,160,160,160,320,160,640,320
371,162,162,324,324,0,162,324,324,486,648,162,0,162,162,0,324,320,160,320,160,320,0,320,320,162,162,162,162,324,162,648,324
372,162,162,324,324,0,162,324,324,486,648,162,0,162,162,0,324,324,162,324,162,324,0,324,324,162,162,162,162,324,162,648,324
373,162,162,324,324,0,162,324,324,486,648,162,0,162,162,0,324,324,162,324,162,324,0,324,324,162,162,162,162,324,162,648,324
374,162,162,324,324,0,162,324,324,486,648,162,0,162,162,0,324,324,162,324,162,324,0,324,324,162,162,162,162,324,162,648,324
375,162,162,324,324,0,162,324,324,488,648,162,0,164,162,0,326,324,162,324,162,324,0,324,324,164,164,164,164,328,164,655,328
376,164,164,328,328,0,164,328,328,492,656,164,0,164,164,0,328,324,162,324,162,324,0,324,324,164,164,164,164,328,164,656,328
377,164,164,328,328,0,164,328,328,492,656,164,0,164,164,0,328,328,164,328,164,328,0,328,328,164,164,164,164,328,164,656,328
378,164,164,328,328,0,164,328,328,492,656,164,0,164,164,0,328,328,164,328,164,328,0,328,328,164,164,164,164,328,164,656,328
379,164,164,328,328,0,164,328,328,492,656,164,0,164,164,0,328,328,164,328,164,328,0,328,328,164,164,164,164,328,164,656,328
380,164,164,328,328,0,164,328,328,498,664,166,0,166,166,0,332,328,164,328,164,328,0,328,328,166,166,166,166,332,166,664,332
381,166,166,332,332,0,166,332,332,498,664,166,0,166,166,0,332,328,164,328,164,328,0,328,328,166,166,166,166,332,166,664,332
382,166,166,332,332,0,166,332,332,498,664,166,0,166,166,0,332,332,166,332,166,332,0,332,332,166,166,166,166,332,166,664,332
383,166,166,332,332,0,166,332,332,498,664,166,0,166,166,0,332,332,166,332,166,332,0,332,332,166,166,166,166,332,166,664,332
384,166,166,332,332,0,166,332,332,498,664,166,0,166,166,0,332,332,166,332,166,332,0,332,332,166,166,166,166,332,166,664,332
385,168,168,336,336,0,168,336,336,504,672,168,0,168,168,0,336,332,166,332,166,332,0,332,332,168,168,168,168,336,168,672,336
386,168,168,336,336,0,168,336,336,504,672,168,0,168,168,0,336,336,168,336,168,336,0,336,336,168,168,168,168,336,168,672,336
387,168,168,336,336,0,168,336,336,504,672,168,0,168,168,0,336,336,168,336,168,336,0,336,336,168,168,168,168,336,168,672,336
388,168,168,336,336,0,168,336,336,504,672,168,0,168,168,0,336,336,168,336,168,336,0,336,336,168,168,168,168,336,168,672,336
389,168,168,336,336,0,168,336,336,504,672,168,0,168,168,0,336,336,168,336,168,336,0,336,336,168,168,168,168,336,168,672,336
390,170,170,340,340,0,170,340,340,510,680,170,0,170,170,0,340,336,168,336,168,336,0,336,336,170,170,170,170,340,170,680,340
391,170,170,340,340,0,170,340,340,510,680,170,0,170,170,0,340,340,170,340,170,340,0,340,340,170,170,170,170,340,170,680,340
392,170,170,340,340,0,170,340,340,510,680,170,0,170,170,0,340,340,170,340,170,340,0,340,340,170,170,170,170,340,170,680,340
393,170,170,340,340,0,170,340,340,510,680,170,0,170,170,0,340,340,170,340,170,340,0,340,340,170,170,170,170,340,170,680,340
394,170,170,340,340,0,170,340,340,510,680,171,0,172,170,0,342,340,170,340,170,340,0,340,340,172,172,172,172,344,172,688,344
395,172,172,344,344,0,172,344,344,516,688,172,0,172,172,0,344,340,170,340,170,340,0,340,340,172,172,172,172,344,172,688,344
396,172,172,344,344,0,172,344,344,516,688,172,0,172,172,0,344,344,172,344,172,344,0,344,344,172,172,172,172,344,172,688,344
397,172,172,344,344,0,172,344,344,516,688,172,0,172,172,0,344,344,172,344,172,344,0,344,344,172,172,172,172,344,172,688,344
398,172,172,344,344,0,172,344,344,516,688,172,0,172,172,0,344,344,172,344,172,344,0,344,344,172,172,172,172,344,172,688,344
399,174,174,344,344,0,173,344,344,522,696,174,0,174,174,0,348,344,172,344,172,344,0,344,344,174,174,174,174,348,174,696,348
400,174,174,348,348,0,174,348,348,522,696,174,0,174,174,0,348,348,174,346,172,348,0,344,346,174,174,174,174,348,174,696,348
401,174,174,348,348,0,174,348,348,522,696,174,0,174,174,0,348,348,174,348,174,348,0,348,348,174,174,174,174,348,174,696,348
402,174,174,348,348,0,174,348,348,522,696,174,0,174,174,0,348,348,174,348,174,348,0,348,348,174,174,174,174,348,174,696,348
403,174,174,348,348,0,174,348,348,522,696,174,0,174,174,0,348,348,174,348,174,348,0,348,348,174,174,174,174,348,174,696,348
404,176,176,352,352,0,176,352,352,528,704,176,0,176,176,0,352,348,174,348,174,348,0,348,348,176,176,176,176,352,176,704,352
405,176,176,352,352,0,176,352,352,528,704,176,0,176,176,0,352,352,176,352,176,352,0,352,352,176,176,176,176,352,176,704,352
406,176,176,352,352,0,176,352,352,528,704,176,0,176,176,0,352,352,176,352,176,352,0,352,352,176,176,176,176,352,176,704,352
407,176,176,352,352,0,176,352,352,528,704,176,0,176,176,0,352,352,176,352,176,352,0,352,352,176,176,176,176,352,176,704,352
408,176,176,352,352,0,176,352,352,528,704,176,0,176,176,0,352,352,176,352,176,352,0,352,352,178,178,178,178,352,178,704,352
409,178,178,356,356,0,178,356,356,534,712,178,0,178,178,0,356,352,176,352,176,352,0,352,352,178,178,178,178,356,178,712,356
410,178,178,356,356,0,178,356,356,534,712,178,0,178,178,0,356,356,178,356,178,356,0,356,356,178,178,178,178,356,178,712,356
411,178,178,356,356,0,178,356,356,534,712,178,0,178,178,0,356,356,178,356,178,356,0,356,356,178,178,178,178,356,178,712,356
412,178,178,356,356,0,178,356,356,534,712,178,0,178,178,0,356,356,178,356,178,356,0,356,356,178,178,178,178,356,178,712,356
413,178,178,356,356,0,178,356,356,540,720,180,0,180,180,0,360,356,178,356,178,356,0,356,356,180,180,180,180,360,180,720,360
414,180,180,360,360,0,180,360,360,540,720,180,0,180,180,0,360,356,178,356,178,356,0,356,356,180,180,180,180,360,180,720,360
415,180,180,360,360,0,180,360,360,540,720,180,0,180,180,0,360,360,180,360,180,360,0,360,360,180,180,180,180,360,180,720,360
416,180,180,360,360,0,180,360,360,540,720,180,0,180,180,0,360,360,180,360,180,360,0,360,360,180,180,180,180,360,180,720,360
417,180,180,360,360,0,180,360,360,540,720,180,0,180,180,0,360,360,180,360,180,360,0,360,360,180,180,180,180,360,180,720,360
418,180,180,360,360,0,180,360,360,546,728,182,0,182,182,0,364,360,180,360,180,360,0,360,360,182,182,182,182,364,182,728,364
419,182,182,364,364,0,182,364,364,546,728,182,0,182,182,0,364,360,182,360,180,360,0,360,360,182,182,182,182,364,182,728,364
420,182,182,364,364,0,182,364,364,546,728,182,0,182,182,0,364,364,182,364,182,364,0,364,364,182,182,182,182,364,182,728,364
421,182,182,364,364,0,182,364,364,546,728,182,0,182,182,0,364,364,182,364,182,364,0,364,364,182,182,182,182,364,182,728,364
422,182,182,364,364,0,182,364,364,546,728,182,0,182,182,0,364,364,182,364,182,364,0,364,364,182,182,182,182,364,182,728,364
423,184,184,368,368,0,184,368,368,552,736,184,0,184,184,0,368,364,182,364,182,364,0,364,364,184,184,184,184,368,184,736,368
424,184,184,368,368,0,184,368,368,552,736,184,0,184,184,0,368,368,184,368,184,368,0,368,368,184,184,184,184,368,184,736,368
425,184,184,368,368,0,184,368,368,552,736,184,0,184,184,0,368,368,184,368,184,368,0,368,368,184,184,184,184,368,184,736,368
426,184,184,368,368,0,184,368,368,552,736,184,0,184,184,0,368,368,184,368,184,368,0,368,368,184,184,184,184,368,184,736,368
427,184,184,368,368,0,184,368,368,552,736,184,0,184,184,0,368,368,184,368,184,368,0,368,368,184,184,184,184,368,184,736,368
428,186,186,372,372,0,186,372,372,558,744,186,0,186,186,0,372,368,184,368,184,368,0,368,368,186,186,186,186,372,186,744,372
429,186,186,372,372,0,186,372,372,558,744,186,0,186,186,0,372,372,186,372,186,372,0,372,372,186,186,186,186,372,186,744,372
430,186,186,372,372,0,186,372,372,558,744,186,0,186,186,0,372,372,186,372,186,372,0,372,372,186,186,186,186,372,186,744,372
431,186,186,372,372,0,186,372,372,558,744,186,0,186,186,0,372,372,186,372,186,372,0,372,372,186,186,186,186,372,186,744,372
432,186,186,372,372,0,186,372,372,564,752,188,0,188,188,0,376,372,186,372,186,372,0,372,372,188,188,188,188,376,188,752,376
433,188,188,376,376,0,188,376,376,564,752,188,0,188,188,0,376,372,186,372,186,372,0,372,372,188,188,188,188,376,188,752,376
434,188,188,376,376,0,188,376,376,564,752,188,0,188,188,0,376,376,188,376,188,376,0,376,376,188,188,188,188,376,188,752,376
435,188,188,376,376,0,188,376,376,564,752,188,0,188,188,0,376,376,188,376,188,376,0,376,376,188,188,188,188,376,188,752,376
436,188,188,376,376,0,188,376,376,564,752,188,0,188,188,0,376,376,188,376,188,376,0,376,376,188,188,188,188,376,188,752,376
437,188,188,376,376,0,188,376,376,570,760,190,0,190,190,0,380,376,188,376,188,376,0,376,376,190,190,190,190,380,190,760,380
438,190,190,380,380,0,190,380,380,570,760,190,0,190,190,0,380,380,190,380,190,380,0,380,380,190,190,190,190,380,190,760,380
439,190,190,380,380,0,190,380,380,570,760,190,0,190,190,0,380,380,190,380,190,380,0,380,380,190,190,190,190,380,190,760,380
440,190,190,380,380,0,190,380,380,570,760,190,0,190,190,0,380,380,190,380,190,380,0,380,380,190,190,190,190,380,190,760,380
441,190,190,380,380,0,190,380,380,570,760,190,0,190,190,0,380,380,190,380,190,380,0,380,380,190,190,190,190,380,190,760,380
442,192,192,384,384,0,192,384,384,576,768,192,0,192,192,0,384,380,190,380,190,380,0,380,380,192,192,192,192,384,192,768,384
443,192,192,384,384,0,192,384,384,576,768,192,0,192,192,0,384,384,192,384,192,384,0,384,384,192,192,192,192,384,192,768,384
444,192,192,384,384,0,192,384,384,576,768,192,0,192,192,0,384,384,192,384,192,384,0,384,384,192,192,192,192,384,192,768,384
445,192,192,384,384,0,192,384,384,576,768,192,0,192,192,0,384,384,192,384,192,384,0,384,384,192,192,192,192,384,192,768,384
446,192,192,384,384,0,192,384,384,576,770,192,0,194,192,0,384,384,192,384,192,384,0,384,384,192,194,193,192,388,194,769,388
447,194,194,388,388,0,194,388,388,582,776,194,0,194,194,0,388,384,192,384,192,384,0,384,384,194,194,194,194,388,194,776,388
448,194,194,388,388,0,194,388,388,582,776,194,0,194,194,0,388,388,194,388,194,388,0,388,388,194,194,194,194,388,194,776,388
449,194,194,388,388,0,194,388,388,582,776,194,0,194,194,0,388,388,194,388,194,388,0,388,388,194,194,194,194,388,194,776,388
450,194,194,388,388,0,194,388,388,582,776,194,0,194,194,0,388,388,194,388,194,388,0,388,388,194,194,194,194,388,194,776,388
451,194,194,388,388,0,194,388,388,588,784,196,0,196,196,0,392,388,194,388,194,388,0,388,388,196,196,196,196,392,196,784,392
452,196,196,392,392,0,196,392,392,588,784,196,0,196,196,0,392,388,194,388,194,388,0,388,388,196,196,196,196,392,196,784,392
453,196,196,392,392,0,196,392,392,588,784,196,0,196,196,0,392,392,196,392,196,392,0,392,392,196,196,196,196,392,196,784,392
454,196,196,392,392,0,196,392,392,588,784,196,0,196,196,0,392,392,196,392,196,392,0,392,392,196,196,196,196,392,196,784,392
455,196,196,392,392,0,196,392,392,588,784,196,0,196,196,0,392,392,196,392,196,392,0,392,392,196,196,196,196,392,196,784,392
456,196,196,392,392,0,196,392,392,594,792,198,0,198,198,0,396,392,196,392,196,392,0,392,392,198,198,198,198,396,198,792,396
457,198,198,396,396,0,198,396,396,594,792,198,0,198,198,0,396,394,198,394,196,392,0,394,393,198,198,198,198,396,198,792,396
458,198,198,396,396,0,198,396,396,594,792,198,0,198,198,0,396,396,198,396,198,396,0,396,396,198,198,198,198,396,198,792,396
459,198,198,396,396,0,198,396,396,594,792,198,0,198,198,0,396,396,198,396,198,396,0,396,396,198,198,198,198,396,198,792,396
460,198,198,396,396,0,198,396,396,594,792,198,0,198,198,0,396,396,198,396,198,396,0,396,396,198,198,198,198,396,198,792,396
461,200,200,400,400,0,200,398,400,600,800,200,0,200,200,0,400,396,198,396,198,396,0,396,396,200,200,200,200,400,200,800,400
462,200,200,400,400,0,200,400,400,600,800,200,0,200,200,0,400,400,200,400,200,400,0,400,400,200,200,200,200,400,200,800,400
463,200,200,400,400,0,200,400,400,600,800,200,0,200,200,0,400,400,200,400,200,400,0,400,400,200,200,200,200,400,200,800,400
464,200,200,400,400,0,200,400,400,600,800,200,0,200,200,0,400,400,200,400,200,400,0,400,400,200,200,200,200,400,200,800,400
465,200,200,400,400,0,200,400,400,600,800,200,0,202,200,0,400,400,200,400,200,400,0,400,400,202,202,202,202,404,202,808,404
466,202,202,404,404,0,202,404,404,606,808,202,0,202,202,0,404,400,200,400,200,400,0,400,400,202,202,202,202,404,202,808,404
467,202,202,404,404,0,202,404,404,606,808,202,0,202,202,0,404,404,202,404,202,404,0,404,404,202,202,202,202,404,202,808,404
468,202,202,404,404,0,202,404,404,606,808,202,0,202,202,0,404,404,202,404,202,404,0,404,404,202,202,202,202,404,202,808,404
469,202,202,404,404,0,202,404,404,606,808,202,0,202,202,0,404,404,202,404,202,404,0,404,404,202,202,202,202,404,202,808,404
470,202,202,404,404,0,202,404,404,612,816,204,0,204,204,0,408,404,202,404,202,404,0,404,404,204,204,204,204,408,204,816,408
471,204,204,408,408,0,204,408,408,612,816,204,0,204,204,0,408,404,202,404,202,404,0,404,404,204,204,204,204,408,204,816,408
472,204,204,408,408,0,204,408,408,612,816,204,0,204,204,0,408,408,204,408,204,408,0,408,408,204,204,204,204,408,204,816,408
473,204,204,408,408,0,204,408,408,612,816,204,0,204,204,0,408,408,204,408,204,408,0,408,408,204,204,204,204,408,204,816,408
474,204,204,408,408,0,204,408,408,612,816,204,0,204,204,0,408,408,204,408,204,408,0,408,408,204,204,204,204,408,204,816,408
475,204,204,412,408,0,204,408,408,618,825,206,0,207,206,0,412,408,204,408,204,408,0,408,408,208,207,208,208,416,208,828,416
476,208,208,416,416,0,208,416,416,624,832,208,0,208,208,0,416,412,205,410,205,412,0,408,410,208,208,208,208,416,208,832,416
477,208,208,416,416,0,208,416,416,624,832,208,0,208,208,0,416,416,208,416,208,416,0,416,416,208,208,208,208,416,208,832,416
478,208,208,416,416,0,208,416,416,624,832,208,0,208,208,0,416,416,208,416,208,416,0,416,416,208,208,208,208,416,208,832,416
479,208,208,416,416,0,208,416,416,Null,Null,Null,Null,Null,Null,Null,Null,416,208,416,208,416,0,416,416,Null,Null,Null,Null,Null,Null,Null,Null
480,Null,Null,Null,Null,Null,Null,Null,Null,Null,Null,Null,Null,Null,Null,Null,Null,416,208,416,208,416,0,416,416,Null,Null,Null,Null,Null,Null,Null,Null