commitcycle_latency,ceph01_ceph-osd.0.asok.txt,ceph01_ceph-osd.1.asok.txt,ceph01_ceph-osd.2.asok.txt,ceph01_ceph-osd.3.asok.txt,ceph01_ceph-osd.4.asok.txt,ceph01_ceph-osd.5.asok.txt,ceph01_ceph-osd.6.asok.txt,ceph01_ceph-osd.7.asok.txt,ceph02_ceph-osd.10.asok.txt,ceph02_ceph-osd.11.asok.txt,ceph02_ceph-osd.12.asok.txt,ceph02_ceph-osd.13.asok.txt,ceph02_ceph-osd.14.asok.txt,ceph02_ceph-osd.15.asok.txt,ceph02_ceph-osd.8.asok.txt,ceph02_ceph-osd.9.asok.txt,ceph03_ceph-osd.16.asok.txt,ceph03_ceph-osd.17.asok.txt,ceph03_ceph-osd.18.asok.txt,ceph03_ceph-osd.19.asok.txt,ceph03_ceph-osd.20.asok.txt,ceph03_ceph-osd.21.asok.txt,ceph03_ceph-osd.22.asok.txt,ceph03_ceph-osd.23.asok.txt,ceph04_ceph-osd.24.asok.txt,ceph04_ceph-osd.25.asok.txt,ceph04_ceph-osd.26.asok.txt,ceph04_ceph-osd.27.asok.txt,ceph04_ceph-osd.28.asok.txt,ceph04_ceph-osd.29.asok.txt,ceph04_ceph-osd.30.asok.txt,ceph04_ceph-osd.31.asok.txt
0,0,0,0,0,0,0,0,0,0,0,0.001657,0.001454,0.045085,0.045566,0,0,0.023424,0.042077,0,0,0,0,0,0,0,0,0,0,0,0,0,0
1,0,0,0,0,0,0,0,0,0,0,0,0,0,0,0,0,0,0,0.087927,0.085759,0.062312,0.069022,0.060429,0.102788,0,0.24299,0,0,0,0,0,0
2,0,0,0,0,0,0,0,0,0,0,0,0,0,0,0,0,0,0,0,0,0,0,0,0,0.303626,0,0.207954,0.205952,0.098911,0.160469,0.178293,0.160281
3,0.327395,0.239972,0.206203,0.170935,0,0,0,0,0,0,0,0,0,0,0,0,0,0,0,0,0,0,0,0,0,0,0,0,0,0,0,0
4,0,0,0,0,0.350542,0.345152,0.382061,0.388183,0,0,0,0,0,0,0.313407,0.337457,0,0,0,0,0,0,0,0,0,0,0,0,0,0,0,0
5,0,0,0,0,0,0,0,0,0.521834,0.502207,0.329689,0.400921,0.637005,0.623769,0,0,0.566257,0.459113,0,0,0,0,0,0,0,0,0,0,0,0,0,0
6,0,0,0,0,0,0,0,0,0,0,0,0,0,0,0,0,0,0,0.310759,0.469899,0.76862,0.675289,0.619864,0.465737,0,0,0,0,0,0,0,0
7,0,0,0,0,0,0,0,0,0,0,0,0,0,0,0,0,0,0,0,0,0,0,0,0,0.689783,0.676312,0.784542,0.804043,0.436547,0.446827,0,0
8,0.878313,0.909251,0.458955,0.549181,0,0,0,0,0,0,0,0,0,0,0,0,0,0,0,0,0,0,0,0,0,0,0,0,0,0,0.772703,0.695095
9,0,0,0,0,0.868083,0.870067,0,0,0,0,0,0,0,0,0.475507,0.586414,0,0,0,0,0,0,0,0,0,0,0,0,0,0,0,0
10,0,0,0,0,0,0,0.950511,0.962095,1.097185,1.123199,0.591504,0.699757,0,0,0,0,0,0,0,0,0,0,0,0,0,0,0,0,0,0,0,0
11,0,0,0,0,0,0,0,0,0,0,0,0,0.911082,0.950475,0,0,0.847919,0.865217,0.587347,0.732089,0,0,0,0,0,0,0,0,0,0,0,0
12,0,0,0,0,0,0,0,0,0,0,0,0,0,0,0,0,0,0,0,0,0.941837,0.952727,1.036744,1.040198,0,0,0,0,0.515131,0,0,0
13,0,0,0.690599,0,0,0,0,0,0,0,0,0,0,0,0,0,0,0,0,0,0,0,0,0,1.229992,1.20874,1.209192,1.214061,0,0.585732,1.015357,0.994448
14,1.202258,1.201182,0,0.808104,0,0,0,0,0,0,0,0,0,0,0,0,0,0,0,0,0,0,0,0,0,0,0,0,0,0,0,0
15,0,0,0,0,1.045743,1.093738,0,1.191292,0,0,0.743739,0,0,0,0.646585,0.793595,0,0,0,0,0,0,0,0,0,0,0,0,0,0,0,0
16,0,0,0,0,0,0,1.171881,0,1.051842,1.005562,0,0.84619,0,0,0,0,0,0,0,0,0,0,0,0,0,0,0,0,0,0,0,0
17,0,0,0,0,0,0,0,0,0,0,0,0,1.189007,1.162105,0,0,1.240452,1.201764,1.385528,1.001161,0,0,0,0,0,0,0,0,0,0,0,0
18,0,0,0,0,0,0,0,0,0,0,0,0,0,0,0,0,0,0,0,0,1.374081,1.33903,1.159739,1.18908,0,0,0,0,0.74162,0.76556,0,0
19,0,0,0.808062,0.884714,0,0,0,0,0,0,0,0,0,0,0,0,0,0,0,0,0,0,0,0,1.252565,1.254187,1.377433,1.401099,0,0,1.269735,1.260503
20,1.113133,1.091283,0,0,0,0,0,0,0,0,0,0,0,0,0,0,0,0,0,0,0,0,0,0,0,0,0,0,0,0,0,0
21,0,0,0,0,1.302478,1.306867,1.023473,1.112745,0,0,0.883886,0.964964,0,0,1.35509,0.960152,0,0,0,0,0,0,0,0,0,0,0,0,0,0,0,0
22,0,0,0,0,0,0,0,0,1.05993,1.056166,0,0,0,0,0,0,0,0,0,0,0,0,0,0,0,0,0,0,0,0,0,0
23,0,0,0,0,0,0,0,0,0,0,0,0,1.335623,1.313745,0,0,1.244699,1.233118,1.224261,1.209222,0,0,0,0,0,0,0,0,0.678262,0.792012,0,0
24,0,0,0.938718,0,0,0,0,0,0,0,0,0,0,0,0,0,0,0,0,0,1.415136,1.413341,1.422848,1.410682,0,0,0,0,0,0,0,0
25,0,0,0,0.90142,0,0,0,0,0,0,0,0,0,0,0,0,0,0,0,0,0,0,0,0,1.278426,1.246232,1.145955,1.142197,0,0,1.427865,1.422702
26,1.244492,1.267548,0,0,0,0,0,0,0,0,0.735525,0,0,0,1.251208,1.192387,0,0,0,0,0,0,0,0,0,0,0,0,0,0,0,0
27,0,0,0,0,1.297574,1.281914,1.265831,1.198964,0,0,0,0.749212,0,0,0,0,0,0,0,0,0,0,0,0,0,0,0,0,0,0,0,0
28,0,0,0,0,0,0,0,0,1.265482,1.333966,0,0,0,0,0,0,0,0,0,0,0,0,0,0,0,0,0,0,0,0,0,0
29,0,0,0,0,0,0,0,0,0,0,0,0,1.350396,1.460492,0,0,1.1656,1.166965,1.184994,1.18535,0,0,0,0,0,0,0,0,1.292913,0.832849,0,0
30,0,0,0.785531,0.7,0,0,0,0,0,0,0,0,0,0,0,0,0,0,0,0,1.287884,1.178984,1.1184,1.128007,0,0,0,0,0,0,0,0
31,0,0,0,0,0,0,0,0,0,0,0,0,0,0,0,0,0,0,0,0,0,0,0,0,1.319117,1.38161,1.156385,1.152049,0,0,1.31662,1.319978
32,1.201022,1.192784,0,0,0,0,0,0,0,0,0.837445,0.793953,0,0,1.232758,1.109754,0,0,0,0,0,0,0,0,0,0,0,0,0,0,0,0
33,0,0,0,0,1.409045,1.3115,1.258068,1.294623,1.087352,0,0,0,0,0,0,0,0,0,0,0,0,0,0,0,0,0,0,0,0,0,0,0
34,0,0,0,0,0,0,0,0,0,1.076368,0,0,0,0,0,0,0,0,0,0,0,0,0,0,0,0,0,0,0,0,0,0
35,0,0,0,0,0,0,0,0,0,0,0,0,1.212207,1.102908,0,0,1.52835,1.407801,1.357942,1.341503,0,0,0,0,0,0,0,0,1.168293,1.188274,0,0
36,0,0,0.827008,0.654205,0,0,0,0,0,0,0,0,0,0,0,0,0,0,0,0,1.250121,1.319647,1.423747,1.456518,0,0,0,0,0,0,0,0
37,0,0,0,0,0,0,0,0,0,0,0.70141,0,0,0,0,0,0,0,0,0,0,0,0,0,1.224548,1.431194,1.222737,1.314303,0,0,1.255521,1.300664
38,1.241439,1.304984,0,0,0,0,0,0,0,0,0,0.759879,0,0,0.976171,1.105677,0,0,0,0,0,0,0,0,0,0,0,0,0,0,0,0
39,0,0,0,0,1.29574,1.2705,1.234867,1.235309,0,0,0,0,0,0,0,0,0,0,0,0,0,0,0,0,0,0,0,0,0,0,0,0
40,0,0,0,0,0,0,0,0,1.495343,1.450905,0,0,0,0,0,0,1.07724,1.090062,0,0,0,0,0,0,0,0,0,0,0,0,0,0
41,0,0,0.708017,0.929179,0,0,0,0,0,0,0,0,1.391797,1.409268,0,0,0,0,1.260853,1.312833,0,0,0,0,0,0,0,0,1.10972,1.105307,0,0
42,0,0,0,0,0,0,0,0,0,0,0,0,0,0,0,0,0,0,0,0,1.38671,1.42554,1.187959,1.156464,0.79288,0.872154,1.063363,0,0,0,0,0
43,0,0,0,0,0,0,0,0,0,0,0.75448,0.528324,0,0,0,0,0,0,0,0,0,0,0,0,0,0,0,1.032462,0,0,1.307122,1.282205
44,1.220191,1.218008,0,0,0,0,0,0,0,0,0,0,0,0,1.49751,1.417139,0,0,0,0,0,0,0,0,0,0,0,0,0,0,0,0
45,0,0,0,0,1.209301,1.293248,1.209043,1.170998,0,0,0,0,0,0,0,0,0,0,0,0,0,0,0,0,0,0,0,0,0,0,0,0
46,0,0,0.703982,0,0,0,0,0,1.229824,1.301442,0,0,0,0,0,0,1.244143,1.238328,0,0,0,0,0,0,0,0,0,0,0,0,0,0
47,0,0,0,0.67575,0,0,0,0,0,0,0,0,1.190645,1.206406,0,0,0,0,1.44914,1.438336,0,0,0,0,0,0,0,0,1.461941,1.526279,0,0
48,0,0,0,0,0,0,0,0,0,0,0.784736,0,0,0,0,0,0,0,0,0,1.130233,1.084211,1.255991,1.179642,0.678916,0.782528,0,0,0,0,0,0
49,0.566122,0.969346,0,0,0,0,0,0,0,0,0,0.876003,0,0,0,0,0,0,0,0,0,0,0,0,0,0,1.261796,1.21362,0,0,1.207606,1.147942
50,0,0,0,0,0,0,0,0,0,0,0,0,0,0,1.17414,1.253953,0,0,0,0,0,0,0,0,0,0,0,0,0,0,0,0
51,0,0,0,0,1.500789,1.473961,1.280485,1.136362,1.202416,1.125973,0,0,0,0,0,0,0,0,0,0,0,0,0,0,0,0,0,0,0,0,0,0
52,0,0,0.655051,0.598544,0,0,0,0,0,0,0,0,0,0,0,0,1.261421,1.253358,0,0,0,0,0,0,0,0,0,0,0,0,0,0
53,0,0,0,0,0,0,0,0,0,0,0,0,1.248973,1.232676,0,0,0,0,1.167433,1.169082,0,0,1.051786,1.008609,0.655634,0.716955,0,0,1.196477,1.174337,0,0
54,0,0,0,0,0,0,0,0,0,0,0.862715,0.944559,0,0,0,0,0,0,0,0,1.003908,1.027362,0,0,0,0,1.229192,0,0,0,0,0
55,0.959704,0.80822,0,0,0,0,0,0,0,0,0,0,0,0,0,0,0,0,0,0,0,0,0,0,0,0,0,1.271003,0,0,1.314193,1.34272
56,0,0,0,0,0,0,0,0,0,0,0,0,0,0,1.306352,1.381793,0,0,0,0,0,0,0,0,0,0,0,0,0,0,0,0
57,0,0,0.821397,0,1.263385,1.310163,1.081495,1.218695,1.319736,1.344562,0,0,0,0,0,0,0,0,0,0,0,0,0,0,0,0,0,0,0,0,0,0
58,0,0,0,0.77587,0,0,0,0,0,0,0,0,0,0,0,0,1.294165,1.241198,0,0,0,0,0,0,0.731939,0,0,0,0,0,0,0
59,0,0,0,0,0,0,0,0,0,0,0.922019,0,1.120719,1.156844,0,0,0,0,1.208811,1.225426,0,0,0,1.397571,0,0.685494,0,0,1.136047,1.148928,0,0
60,0.806727,0,0,0,0,0,0,0,0,0,0,0.838561,0,0,0,0,0,0,0,0,1.237486,1.237955,1.414423,0,0,0,1.094743,1.076217,0,0,0,0
61,0,0.949483,0,0,0,0,0,0,0,0,0,0,0,0,0,0,0,0,0,0,0,0,0,0,0,0,0,0,0,0,1.270635,1.265145
62,0,0,0,0,0,0,0,1.176924,0,0,0,0,0,0,1.306228,1.305445,0,0,0,0,0,0,0,0,0,0,0,0,0,0,0,0
63,0,0,1.184837,0.870598,1.394585,1.394322,1.175756,0,1.333335,1.3246,0,0,0,0,0,0,0,0,0,0,0,0,0,0,0,0,0,0,0,0,0,0
64,0,0,0,0,0,0,0,0,0,0,0,0,1.195581,1.188408,0,0,1.04029,1.104229,0,0,0,0,0,0,0.728629,0.768644,0,0,0,0,0,0
65,0,0,0,0,0,0,0,0,0,0,0.68086,0.773208,0,0,0,0,0,0,1.326275,1.322711,1.194211,1.142385,0.945254,0.993726,0,0,0,0,1.195672,1.226823,0,0
66,0.69362,0.807788,0,0,0,0,0,0,0,0,0,0,0,0,0,0,0,0,0,0,0,0,0,0,0,0,1.394656,1.398266,0,0,0,0
67,0,0,0,0,0,0,0,0,0,0,0,0,0,0,0,0,0,0,0,0,0,0,0,0,0,0,0,0,0,0,1.390256,1.296094
68,0,0,0,0,0,0,0,0,0,0,0,0,0,0,1.302198,1.303326,0,0,0,0,0,0,0,0,0,0,0,0,0,0,0,0
69,0,0,1.355228,1.356151,1.336325,1.46069,1.297056,1.305818,0,0,0,0,0,0,0,0,0,0,0,0,0,0,0,0,0.675877,0,0,0,0,0,0,0
70,0,0,0,0,0,0,0,0,1.521686,1.515671,0.769992,0,0,0,0,0,1.114422,1.016655,1.08141,1.118903,0,0,0,0,0,0.605289,0,0,0,1.182933,0,0
71,0.764765,0,0,0,0,0,0,0,0,0,0,0.69541,1.333535,1.34056,0,0,0,0,0,0,0,0,1.256109,1.267159,0,0,0,0,1.243262,0,0,0
72,0,0.66987,0,0,0,0,0,0,0,0,0,0,0,0,0,0,0,0,0,0,1.321768,1.427111,0,0,0,0,0,0,0,0,0,0
73,0,0,0,0,0,0,0,0,0,0,0,0,0,0,0,0,0,0,0,0,0,0,0,0,0,0,1.496029,1.480791,0,0,1.156684,1.242744
74,0,0,0,0,0,0,0,0,0,0,0,0,0,0,1.22576,1.152764,0,0,0,0,0,0,0,0,0,0,0,0,0,0,0,0
75,0,0,1.02539,1.125252,1.042406,0.943205,1.41103,1.468726,0,0,0,0,0,0,0,0,0,0,0,0,0,0,0,0,0.636184,0.683199,0,0,0,0,0,0
76,0,0,0,0,0,0,0,0,1.318625,1.3483,0.683607,0.67813,1.160635,1.171071,0,0,1.115467,1.178529,1.300952,1.288185,0,0,0,0,0,0,0,0,1.113035,1.064879,0,0
77,0.791895,1.013349,0,0,0,0,0,0,0,0,0,0,0,0,0,0,0,0,0,0,1.156793,1.215712,1.251643,1.240428,0,0,0,0,0,0,0,0
78,0,0,0,0,0,0,0,0,0,0,0,0,0,0,0,0,0,0,0,0,0,0,0,0,0,0,0,0,0,0,0,0
79,0,0,0,0,0,0,0,0,0,0,0,0,0,0,0,0,0,0,0,0,0,0,0,0,0,0,1.608206,1.627155,0,0,1.552922,1.561734
80,0,0,0,0,0,0,0,0,0,0,0,0,0,0,1.272928,1.287428,0,0,0,0,0,0,0,0,0.708192,0,0,0,0,0,0,0
81,0,0,1.327284,1.365685,1.476977,1.495145,1.480398,1.438844,1.039591,0,0.7868,0,0,0,0,0,0,0,0,0,0,0,0,0,0,0.859774,0,0,0,0,0,0
82,0.613371,0,0,0,0,0,0,0,0,1.11342,0,0.723816,1.204807,1.221183,0,0,1.045711,1.033578,1.149777,1.12574,0,0,0,0,0,0,0,0,1.204792,1.254514,0,0
83,0,0.629815,0,0,0,0,0,0,0,0,0,0,0,0,0,0,0,0,0,0,0,0,1.322016,1.344515,0,0,0,0,0,0,0,0
84,0,0,0,0,0,0,0,0,0,0,0,0,0,0,0,0,0,0,0,0,1.594445,1.504622,0,0,0,0,0,0,0,0,0,0
85,0,0,0,0,0,0,0,0,0,0,0,0,0,0,0,0,0,0,0,0,0,0,0,0,0,0,1.379425,1.390054,0,0,1.311499,1.31181
86,0,0,0,0,0,0,0,0,0,0,0,0,0,0,1.172108,1.193949,0,0,0,0,0,0,0,0,0.677997,0.558043,0,0,0,0,0,0
87,0.474776,0,1.236495,1.098942,1.283548,1.346454,1.36014,1.619209,1.100495,0.88099,0.761809,0.715661,0,0,0,0,0.827921,0.882172,0,0,0,0,0,0,0,0,0,0,0,0,0,0
88,0,0.50164,0,0,0,0,0,0,0,0,0,0,1.322077,1.285322,0,0,0,0,1.210565,1.204393,0,0,0,0,0,0,0,0,1.409167,1.387428,0,0
89,0,0,0,0,0,0,0,0,0,0,0,0,0,0,0,0,0,0,0,0,0,0,1.195257,1.164315,0,0,0,0,0,0,0,0
90,0,0,0,0,0,0,0,0,0,0,0,0,0,0,0,0,0,0,0,0,1.677827,1.636539,0,0,0,0,0,0,0,0,0,0
91,0,0,0,0,0,0,0,0,0,0,0,0,0,0,0,0,0,0,0,0,0,0,0,0,0.924273,0.908782,1.414336,1.450753,0,0,0,0
92,0,0,0,0,0,0,0,0,0,0,1.001055,0,0,0,1.17798,1.157656,0,0,0,0,0,0,0,0,0,0,0,0,0,0,1.484735,1.465684
93,0.588299,0.521834,1.434412,1.452797,1.382935,1.325573,1.19676,1.233278,0.856953,0.707017,0,0.81121,0,0,0,0,1.136654,1.116528,0,0,0,0,0,0,0,0,0,0,0,0,0,0
94,0,0,0,0,0,0,0,0,0,0,0,0,1.288248,1.293395,0,0,0,0,1.32033,1.348589,0,0,0,0,0,0,0,0,1.328736,1.309945,0,0
95,0,0,0,0,0,0,0,0,0,0,0,0,0,0,0,0,0,0,0,0,0,0,1.360469,1.347813,0,0,0,0,0,0,0,0
96,0,0,0,0,0,0,0,0,0,0,0,0,0,0,0,0,0,0,0,0,1.555533,1.555665,0,0,0,0,0,0,0,0,0,0
97,0,0,0,0,0,0,0,0,0,0,0,0,0,0,0,0,0,0,0,0,0,0,0,0,0.853852,0.91973,1.196609,1.18396,0,0,1.20331,1.185869
98,0.641365,0,0,0,0,0,0,0,0.897126,1.161311,1.034136,1.084211,0,0,1.381697,1.374076,0,0,0,0,0,0,0,0,0,0,0,0,0,0,0,0
99,0,0.786711,1.317972,1.360152,1.497226,1.45703,1.336346,1.105276,0,0,0,0,0,0,0,0,1.546681,1.565712,0,0,0,0,0,0,0,0,0,0,0,0,0,0
100,0,0,0,0,0,0,0,0,0,0,0,0,1.482135,1.463516,0,0,0,0,1.290631,1.253355,0,0,0,0,0,0,0,0,1.366445,1.373715,0,0
101,0,0,0,0,0,0,0,0,0,0,0,0,0,0,0,0,0,0,0,0,0,0,1.596929,1.561874,0,0,0,0,0,0,0,0
102,0,0,0,0,0,0,0,0,0,0,0,0,0,0,0,0,0,0,0,0,1.448954,1.496731,0,0,0.917995,0,0,0,0,0,0,0
103,0.618908,0,0,0,0,0,0,0,0,0,0,0,0,0,0,0,0,0,0,0,0,0,0,0,0,0.792645,1.356843,1.378594,0,0,1.237971,1.25539
104,0,0.629193,0,0,0,0,0,0,1.207957,1.186362,1.240631,1.198544,0,0,1.362005,1.303709,0,0,0,0,0,0,0,0,0,0,0,0,0,0,0,0
105,0,0,1.517206,1.453146,1.304193,1.374508,1.530521,1.402991,0,0,0,0,0,0,0,0,1.391314,1.352953,0,0,0,0,0,0,0,0,0,0,0,0,0,0
106,0,0,0,0,0,0,0,0,0,0,0,0,1.384657,1.325628,0,0,0,0,1.529335,1.503731,0,0,0,0,0,0,0,0,1.34108,1.250317,0,0
107,0,0,0,0,0,0,0,0,0,0,0,0,0,0,0,0,0,0,0,0,0,0,0,0,0,0,0,0,0,0,0,0
108,0.623454,0,0,0,0,0,0,0,0,0,0,0,0,0,0,0,0,0,0,0,0,0,1.411716,1.395996,0.679788,0.763194,0,0,0,0,0,0
109,0,0.681851,0,0,0,0,0,0,0,0,0,0,0,0,1.203189,1.200697,0,0,0,0,1.293211,1.294862,0,0,0,0,1.254834,1.303112,0,0,1.279607,1.274303
110,0,0,0,0,0,0,0,0,1.243245,1.288441,1.183104,1.208196,0,0,0,0,0,0,0,0,0,0,0,0,0,0,0,0,0,0,0,0
111,0,0,1.347886,1.301834,1.532449,1.504775,1.39145,1.453347,0,0,0,0,0,0,0,0,1.184715,1.210548,0,0,0,0,0,0,0,0,0,0,0,0,0,0
112,0,0,0,0,0,0,0,0,0,0,0,0,1.265658,1.294425,0,0,0,0,0,0,0,0,0,0,0,0,0,0,1.360115,1.450042,0,0
113,0,0,0,0,0,0,0,0,0,0,0,0,0,0,0,0,0,0,1.485045,1.457016,0,0,0,0,0.802613,0.822518,0,0,0,0,0,0
114,0.693017,0,0,0,0,0,0,0,0,0,0,0,0,0,0,0,0,0,0,0,1.239713,1.188844,1.354103,1.285967,0,0,0,0,0,0,0,0
115,0,0.8496,0,0,0,0,0,0,0,0,0,0,0,0,0,0,0,0,0,0,0,0,0,0,0,0,1.629773,1.564355,0,0,1.246078,1.166008
116,0,0,0,0,0,0,0,0,1.199913,1.242262,1.469505,1.569078,0,0,1.451446,1.486139,0,0,0,0,0,0,0,0,0,0,0,0,0,0,0,0
117,0,0,1.26767,1.315182,1.565907,1.423435,1.335284,1.389463,0,0,0,0,0,0,0,0,0.886594,0.98931,0,0,0,0,0,0,0,0,0,0,0,0,0,0
118,0,0,0,0,0,0,0,0,0,0,0,0,1.291506,1.318813,0,0,0,0,0,0,0,0,0,0,0,0,0,0,1.570677,1.492418,0,0
119,0.670129,0,0,0,0,0,0,0,0,0,0,0,0,0,0,0,0,0,1.243483,1.28856,0,0,0,1.167399,0.763236,0.77512,0,0,0,0,0,0
120,0,0.61922,0,0,0,0,0,0,0,0,0,0,0,0,0,0,0,0,0,0,0,1.309802,1.090569,0,0,0,0,0,0,0,0,0
121,0,0,0,0,0,0,0,0,0,0,0,0,0,0,0,1.136597,0,0,0,0,1.369859,0,0,0,0,0,1.438697,1.440605,0,0,1.011634,1.09149
122,0,0,0,0,0,0,0,0,1.369137,1.356762,1.046441,0.979522,0,0,1.235558,0,0,0,0,0,0,0,0,0,0,0,0,0,0,0,0,0
123,0,0,1.254825,1.17437,0,1.348737,1.435247,1.46193,0,0,0,0,0,0,0,0,1.108473,1.083123,0,0,0,0,0,0,0,0,0,0,0,0,0,0
124,0,0,0,0,1.371581,0,0,0,0,0,0,0,1.251288,1.216138,0,0,0,0,0,0,0,0,0,0,0.867869,0,0,0,0,0,0,0
125,0.747811,0,0,0,0,0,0,0,0,0,0,0,0,0,0,0,0,0,1.281187,1.236711,0,0,0,0,0,0.865209,0,0,1.308809,1.413464,0,0
126,0,0.788363,0,0,0,0,0,0,0,0,0,0,0,0,0,0,0,0,0,0,1.197702,1.294085,1.383854,1.405185,0,0,0,0,0,0,0,0
127,0,0,0,0,0,0,0,0,0,0,0,0,0,0,1.263311,1.156469,0,0,0,0,0,0,0,0,0,0,1.23006,1.274469,0,0,1.479612,1.49437
128,0,0,0,0,0,0,0,0,1.423239,1.444569,1.458048,1.430965,0,0,0,0,0,0,0,0,0,0,0,0,0,0,0,0,0,0,0,0
129,0,0,1.317224,1.325305,1.189679,1.295575,1.353945,1.349226,0,0,0,0,0,0,0,0,1.181636,1.186315,0,0,0,0,0,0,0,0,0,0,0,0,0,0
130,0.673248,0,0,0,0,0,0,0,0,0,0,0,1.218787,1.373199,0,0,0,0,0,1.058835,0,0,0,0,0.856018,0.806819,0,0,1.132281,1.052483,0,0
131,0,0.829318,0,0,0,0,0,0,0,0,0,0,0,0,0,0,0,0,1.147276,0,0,0,0,0,0,0,0,0,0,0,0,0
132,0,0,0,0,0,0,0,0,0,0,0,0,0,0,0,0,0,0,0,0,0,0,1.383105,1.354919,0,0,0,0,0,0,0,0
133,0,0,0,0,0,0,0,0,0,0,0,0,0,0,0.891271,0.953819,0,0,0,0,1.418695,1.396975,0,0,0,0,1.225799,1.229538,0,0,1.560253,1.581258
134,0,0,0,0,0,0,0,0,1.233644,1.202555,1.207868,1.17467,0,0,0,0,0,0,0,0,0,0,0,0,0,0,0,0,0,0,0,0
135,0.486922,0,1.183956,1.186514,1.041386,1.091189,1.359322,1.291016,0,0,0,0,0.679101,0,0,0,1.21775,1.149402,0,0,0,0,0,0,0.762956,0.893846,0,0,0,0,0,0
136,0,0.684789,0,0,0,0,0,0,0,0,0,0,0,0.930626,0,0,0,0,0.991281,1.078348,0,0,0,0,0,0,0,0,1.074537,1.09957,0,0
137,0,0,0,0,0,0,0,0,0,0,0,0,0,0,0,0,0,0,0,0,0,0,0,0,0,0,0,0,0,0,0,0
138,0,0,0,0,0,0,0,0,0,0,0,0,0,0,0,0,0,0,0,0,0,0,1.268618,1.288117,0,0,0,0,0,0,0,0
139,0,0,0,0,0,0,0,0,0,0,0,0,0,0,0.942675,0.971645,0,0,0,0,1.391376,1.419358,0,0,0,0,1.301975,1.269528,0,0,1.274836,1.356231
140,0,0,0,1.127996,0,0,0,0,1.359489,1.324598,1.52146,1.498196,0,0,0,0,1.3426,0,0,0,0,0,0,0,0.675017,0,0,0,0,0,0,0
141,0.806975,0,1.199867,0,1.472516,1.4537,1.499963,1.554687,0,0,0,0,0.884249,0.788515,0,0,0,1.389536,0,0,0,0,0,0,0,0.725352,0,0,0,0,0,0
142,0,0.726471,0,0,0,0,0,0,0,0,0,0,0,0,0,0,0,0,1.330978,1.291563,0,0,0,0,0,0,0,0,1.306675,1.287518,0,0
143,0,0,0,0,0,0,0,0,0,0,0,0,0,0,0,0,0,0,0,0,0,0,0,0,0,0,0,0,0,0,0,0
144,0,0,0,0,0,0,0,0,0,0,0,0,0,0,1.017144,1.122209,0,0,0,0,1.116356,1.147809,1.479026,1.518953,0,0,0,0,0,0,0,0
145,0,0,0,0,0,0,0,0,0,0,0,0,0,0,0,0,0,0,0,0,0,0,0,0,0,0,1.09107,1.146858,0,0,1.368054,1.337762
146,0.497993,0,0.841989,0.912145,0,0,0,0,1.44726,1.489867,1.289038,1.294227,0.739239,0,0,0,1.167287,1.192303,0,0,0,0,0,0,0.768046,0.623495,0,0,0,0,0,0
147,0,0.545174,0,0,1.226159,1.135349,0.841997,0.919039,0,0,0,0,0,1.004142,0,0,0,0,0,0,0,0,0,0,0,0,0,0,0,0,0,0
148,0,0,0,0,0,0,0,0,0,0,0,0,0,0,0,0,0,0,1.083491,1.182232,0,0,0,0,0,0,0,0,1.085591,1.078334,0,0
149,0,0,0,0,0,0,0,0,0,0,0,0,0,0,0,0,0,0,0,0,0,0,0,0,0,0,0,0,0,0,0,0
150,0,0,0,0,0,0,0,0,0,0,0,0,0,0,0.661593,0.769875,0,0,0,0,1.195842,1.187711,1.347368,1.376434,0,0,1.126576,1.079591,0,0,0,0
151,0.759343,0,0,0,0,0,0,0,0,0,0,0,0,0,0,0,0,0,0,0,0,0,0,0,0.672598,0,0,0,0,0,1.366322,1.402964
152,0,0.765114,1.002348,1.004724,0,0,1.060064,0,1.344486,1.332708,1.378746,1.411166,0.816698,0.746422,0,0,1.05819,1.029932,0,0,0,0,0,0,0,0.72919,0,0,0,0,0,0
153,0,0,0,0,1.232346,1.318212,0,1.128082,0,0,0,0,0,0,0,0,0,0,0,0,0,0,0,0,0,0,0,0,0,1.298221,0,0
154,0,0,0,0,0,0,0,0,0,0,0,0,0,0,0,0,0,0,1.39933,1.335604,0,0,0,0,0,0,0,0,1.367677,0,0,0
155,0,0,0,0,0,0,0,0,0,0,0,0,0,0,0.823288,0.898497,0,0,0,0,0,0,0,0,0,0,0,0,0,0,0,0
156,0,0,0,0,0,0,0,0,0,0,0,0,0,0,0,0,0,0,0,0,1.106241,1.135686,1.257669,1.201783,0,0,1.277833,1.349693,0,0,0,0
157,0.66935,0,1.060088,1.079256,0,0,0,0,0,0,0,0,0.827889,0,0,0,0,0,0,0,0,0,0,0,0.67793,0.742463,0,0,0,0,1.302799,1.350034
158,0,0.560467,0,0,0,0,1.070887,0.957159,1.289293,1.159507,1.165338,1.153304,0,0.886769,0,0,1.134437,1.111772,0,0,0,0,0,0,0,0,0,0,0,0,0,0
159,0,0,0,0,1.408402,1.395569,0,0,0,0,0,0,0,0,0,0,0,0,0,0,0,0,0,0,0,0,0,0,0,1.363704,0,0
160,0,0,0,0,0,0,0,0,0,0,0,0,0,0,0,0,0,0,1.294728,1.28602,0,0,0,0,0,0,0,0,1.341634,0,0,0
161,0,0,0,0,0,0,0,0,0,0,0,0,0,0,1.299762,1.04268,0,0,0,0,0,0,0,0,0,0,0,0,0,0,0,0
162,0.595863,0,0,0,0,0,0,0,0,0,0,0,0,0,0,0,0,0,0,0,1.382588,1.366882,1.499458,1.587721,0.856217,0.665521,1.36392,1.292289,0,0,0,0
163,0,0.45487,1.015535,1.005547,0,0,0,0.492814,0,0,0,0,0.670274,0.832168,0,0,0,0,0,0,0,0,0,0,0,0,0,0,0,0,1.110781,1.07393
164,0,0,0,0,0,0,0.937406,0,1.447534,1.585614,1.754015,1.77636,0,0,0,0,1.008566,1.003795,0,0,0,0,0,0,0,0,0,0,0,0,0,0
165,0,0,0,0,0.967335,0.980491,0,0,0,0,0,0,0,0,0,0,0,0,0,0,0,0,0,0,0,0,0,0,0,0,0,0
166,0,0,0,0,0,0,0,0,0,0,0,0,0,0,0.558355,0.561556,0,0,1.085658,1.091749,0,0,0,0,0,0,0,0,1.282162,1.300147,0,0
167,0.373854,0,0,0,0,0,0,0,0,0,0,0,0,0,0,0,0,0,0,0,0,0,0,0,0.376027,0,0,0,0,0,0,0
168,0,0.411164,0,0,0,0,0,0,0,0,0,0,0.282963,0.448236,0,0,0,0,0,0,1.181834,1.155258,1.029797,0.955012,0,0.700206,0.806512,0.735638,0,0,0.71248,0.692071
169,0,0,0.937951,0.986132,0,0,0.518832,0.875286,0,0,0,0,0,0,0,0,0.398827,0.543633,0,0,0,0,0,0,0,0,0,0,0,0,0,0
170,0,0,0,0,0.800018,0.823951,0,0,0.911826,0.891313,0.952039,0.946799,0,0,0,0,0,0,0,0,0,0,0,0,0,0,0,0,0,0,0,0
171,0,0,0,0,0,0,0,0,0,0,0,0,0,0,0,0,0,0,0.704415,0.745558,0,0,0,0,0,0,0,0,0.972977,0.955876,0,0
172,0.494029,0,0,0,0,0,0,0,0,0,0,0,0,0,0.841361,0.822275,0,0,0,0,0,0,0,0,0,0,0,0,0,0,0,0
173,0,0.416355,0,0,0,0,0,0,0,0,0,0,0.458869,0,0,0,0,0,0,0,0,0,0,0,0.860663,0.751803,0,0,0,0,0,0
174,0,0,0,0,0,0,0,0,0,0,0,0,0,0.572845,0,0,0,0,0,0,1.343769,1.300401,1.171859,1.16486,0,0,0.987104,1.095096,0,0,1.010932,1.011203
175,0,0,1.016694,1.042839,0,0,1.35792,1.217683,0,0,0,0,0,0,0,0,1.4182,1.391238,0,0,0,0,0,0,0,0,0,0,0,0,0,0
176,0,0,0,0,1.14426,1.079512,0,0,1.380316,1.277591,1.226338,1.294239,0,0,0,0,0,0,0,0,0,0,0,0,0,0,0,0,0,0,0,0
177,0,0,0,0,0,0,0,0,0,0,0,0,0,0,0,0,0,0,0,0,0,0,0,0,0,0,0,0,1.207001,1.253367,0,0
178,0.594773,0,0,0,0,0,0,0,0,0,0,0,0.791117,0,1.249894,1.237343,0,0,2.037727,2.065133,0,0,0,0,0.679514,0,0,0,0,0,0,0
179,0,0.612217,0,0,0,0,0,0,0,0,0,0,0,0.606693,0,0,0,0,0,0,0,0,0,0,0,0.616603,1.057645,0,0,0,0,0
180,0,0,1.212786,0,0,0,0,0.782072,0,0,0,0,0,0,0,0,0,0,0,0,1.112888,1.073217,1.274596,1.251431,0,0,0,1.087403,0,0,1.298676,1.336091
181,0,0,0,1.228982,0,0,0.839968,0,0,0,0,0,0,0,0,0,1.269338,1.083531,0,0,0,0,0,0,0,0,0,0,0,0,0,0
182,0,0,0,0,1.322356,1.398893,0,0,1.503296,1.567824,1.277993,1.230555,0,0,0,0,0,0,0,0,0,0,0,0,0,0,0,0,0,0,0,0
183,0.759444,0,0,0,0,0,0,0,0,0,0,0,0,0,0,0,0,0,0,0,0,0,0,0,0,0,0,0,1.430202,1.454263,0,0
184,0,0.519699,0,0,0,0,0,0,0,0,0,0,0.706089,0,1.243978,1.164134,0,0,1.280631,1.149753,0,0,0,0,0.936614,0.799234,0,0,0,0,0,0
185,0,0,0,0,0,0,0,0,0,0,0,0,0,0.586347,0,0,0,0,0,0,0,0,1.202059,0,0,0,1.144369,1.225817,0,0,0,0
186,0,0,0,0,0,0,0.783666,0.586747,0,0,0,0,0,0,0,0,0,0,0,0,1.302505,1.293348,0,1.275879,0,0,0,0,0,0,1.32609,1.272927
187,0,0,1.500519,1.42792,0,0,0,0,0,0,0,0,0,0,0,0,1.016536,1.077184,0,0,0,0,0,0,0,0,0,0,0,0,0,0
188,0.623581,0,0,0,1.393731,1.404223,0,0,1.434576,1.445352,1.341688,1.304434,0,0,0,0,0,0,0,0,0,0,0,0,0,0,0,0,0,0,0,0
189,0,0.542733,0,0,0,0,0,0,0,0,0,0,0.756339,0,0,0,0,0,0,0,0,0,0,0,0,0,0,0,1.320576,1.319566,0,0
190,0,0,0,0,0,0,0,0,0,0,0,0,0,0.718163,1.042246,1.130488,0,0,1.058767,1.151006,0,0,0,0,1.376832,1.135722,0,0,0,0,0,0
191,0,0,0,0,0,0,0,0.664331,0,0,0,0,0,0,0,0,0,0,0,0,0,0,0,0,0,0,0.684336,0.805475,0,0,0,0
192,0,0,0,1.201179,0,0,0.762995,0,0,0,0,0,0,0,0,0,0,0,0,0,1.31411,1.332939,1.269255,1.23789,0,0,0,0,0,0,1.436715,1.400927
193,0,0,1.247786,0,0,0,0,0,0,0,0,0,0,0,0,0,1.323705,1.296768,0,0,0,0,0,0,0,0,0,0,0,0,0,0
194,0.738323,0.5439,0,0,1.29972,1.311886,0,0,1.363585,1.395282,1.503187,1.540458,0,0,0,0,0,0,0,0,0,0,0,0,0,0,0,0,0,0,0,0
195,0,0,0,0,0,0,0,0,0,0,0,0,0.737816,0.81569,0,0,0,0,0,0,0,0,0,0,0,0,0,0,1.263434,1.19712,0,0
196,0,0,0,0,0,0,0,0.717837,0,0,0,0,0,0,1.352313,1.349998,0,0,1.369804,1.345101,0,0,0,0,1.256659,1.268561,0.823333,0,0,0,0,0
197,0,0,0,0,0,0,0.526645,0,0,0,0,0,0,0,0,0,0,0,0,0,0,0,1.033093,1.061867,0,0,0,1.031292,0,0,0,0
198,0,0,0,0,0,0,0,0,0,0,0,0,0,0,0,0,0,0,0,0,1.332868,1.258323,0,0,0,0,0,0,0,0,1.607408,1.555989
199,0.682458,0,1.362349,1.394033,0,0,0,0,0,0,0,0,0,0,0,0,1.424633,1.402457,0,0,0,0,0,0,0,0,0,0,0,0,0,0
200,0,0.772918,0,0,1.344515,1.320508,0,0,1.452125,1.423581,1.335574,1.353908,0.629916,0,0,0,0,0,0,0,0,0,0,0,0,0,0,0,0,0,0,0
201,0,0,0,0,0,0,0,0,0,0,0,0,0,0.671504,1.165214,1.115074,0,0,0,0,0,0,0,0,0,0,0,0,1.345694,1.31367,0,0
202,0,0,0,0,0,0,0.779874,0.697103,0,0,0,0,0,0,0,0,0,0,1.3121,1.318414,0,0,0,0,1.207883,1.228604,0.658051,0.770043,0,0,0,0
203,0,0,0,0,0,0,0,0,0,0,0,0,0,0,0,0,0,0,0,0,0,0,1.363773,1.253874,0,0,0,0,0,0,0,0
204,0,0,0,0,0,0,0,0,0,0,0,0,0,0,0,0,0,0,0,0,1.312784,1.359015,0,0,0,0,0,0,0,0,1.28227,1.325727
205,1.016126,0.58608,1.558023,1.558579,0,0,0,0,0,0,0,0.527777,0,0,0,0,1.220669,1.221707,0,0,0,0,0,0,0,0,0,0,0,0,0,0
206,0,0,0,0,1.11756,1.071893,0,0,1.156446,1.162837,1.163144,0,0.805919,0.682658,0,0,0,0,0,0,0,0,0,0,0,0,0,0,0,0,0,0
207,0,0,0,0,0,0,0,0.422358,0,0,0,0,0,0,0.772387,0.790475,0,0,0,0,0,0,0,0,0,0,0.471268,0.578355,1.210021,1.210256,0,0
208,0,0,0,0,0,0,0.904435,0,0,0,0,0,0,0,0,0,0,0,1.500995,1.333453,0,0,0,0,1.198675,1.246124,0,0,0,0,0,0
209,0,0,0,0,0,0,0,0,0,0,0,0,0,0,0,0,0,0,0,0,0,0,1.214421,1.181947,0,0,0,0,0,0,0,0
210,0,0,0,0,0,0,0,0,0,0,0,0,0,0,0,0,0,0,0,0,1.25487,1.298586,0,0,0,0,0,0,0,0,1.212824,1.154983
211,1.272365,1.242478,1.314499,1.32756,0,0,0,0,0,0,0.814713,0.86412,0.614221,0,0,0,1.319823,1.306159,0,0,0,0,0,0,0,0,0,0,0,0,0,0
212,0,0,0,0,1.321122,1.36358,0,0,1.283369,1.318516,0,0,0,0.741407,0,0,0,0,0,0,0,0,0,0,0,0,0.56494,0,0,0,0,0
213,0,0,0,0,0,0,0.706189,0.70836,0,0,0,0,0,0,1.161333,1.240388,0,0,0,0,0,0,0,0,0,0,0,0.636143,1.25491,1.203241,0,0
214,0,0,0,0,0,0,0,0,0,0,0,0,0,0,0,0,0,0,0.866242,0.791696,0,0,0,0,1.151091,1.110772,0,0,0,0,0,0
215,0,0,0,0,0,0,0,0,0,0,0,0,0,0,0,0,0,0,0,0,0,0,0,0,0,0,0,0,0,0,0,0
216,0,0,0,0,0,0,0,0,0,0,0.674455,0.611895,0.631296,0,0,0,0,0,0,0,1.263162,1.218605,1.518765,1.480097,0,0,0,0,0,0,0,1.384157
217,1.227772,1.329139,1.394069,1.37579,0,0,0,0,0,0,0,0,0,0.635063,0,0,1.35168,1.349668,0,0,0,0,0,0,0,0,0.597571,0,0,0,1.330994,0
218,0,0,0,0,1.206987,1.210305,0,0.616586,1.291884,1.30381,0,0,0,0,1.133303,0,0,0,0,0,0,0,0,0,0,0,0,0.492927,0,0,0,0
219,0,0,0,0,0,0,0.565417,0,0,0,0,0,0,0,0,1.231054,0,0,0,0.842891,0,0,0,0,0,0,0,0,1.392807,1.397518,0,0
220,0,0,0,0,0,0,0,0,0,0,0,0,0,0,0,0,0,0,0.88298,0,0,0,0,0,1.224448,1.234248,0,0,0,0,0,0
221,0,0,0,0,0,0,0,0,0,0,0,0,0,0,0,0,0,0,0,0,0,0,0,0,0,0,0,0,0,0,0,0
222,0,0,0,0,0,0,0,0,0,0,0.810032,0.843309,0.689182,0.755233,0,0,0,0,0,0,1.302715,1.27912,1.452614,1.470881,0,0,0,0,0,0,1.184919,1.199844
223,1.567814,1.558466,1.312539,1.318298,0,0,0,0.655155,0,0,0,0,0,0,0,0,1.51463,1.505827,0,0,0,0,0,0,0,0,0.653681,0.537304,0,0,0,0
224,0,0,0,0,1.174703,1.262261,0.561305,0,1.083127,1.086959,0,0,0,0,0.669859,0.734536,0,0,0,0,0,0,0,0,0,0,0,0,0,0,0,0
225,0,0,0,0,0,0,0,0,0,0,0,0,0,0,0,0,0,0,0.85422,0.897598,0,0,0,0,0,0,0,0,1.458175,1.505095,0,0
226,0,0,0,0,0,0,0,0,0,0,0,0,0,0,0,0,0,0,0,0,0,0,0,0,1.326023,1.351651,0,0,0,0,0,0
227,0,0,0,0,0,0,0,0,0,0,0.647979,0.688457,0.682587,0,0,0,0,0,0,0,0,0,0,0,0,0,0,0,0,0,0,0
228,0,0,0,0,0,0,0,0,0,0,0,0,0,0.710578,0,0,0,0,0,0,0,0,1.428703,1.277392,0,0,0.847877,0.560997,0,0,1.487687,1.502995
229,1.10384,1.056845,1.33155,1.219501,0,0,0.548487,0.590649,1.14516,1.141675,0,0,0,0,0.703982,0,1.157593,1.15185,0,0,1.527289,1.559873,0,0,0,0,0,0,0,0,0,0
230,0,0,0,0,1.23965,1.143113,0,0,0,0,0,0,0,0,0,0.775938,0,0,0,0.618244,0,0,0,0,0,0,0,0,0,0,0,0
231,0,0,0,0,0,0,0,0,0,0,0,0,0,0,0,0,0,0,0.702096,0,0,0,0,0,0,0,0,0,1.233089,1.335617,0,0
232,0,0,0,0,0,0,0,0,0,0,0,0.799824,0,0,0,0,0,0,0,0,0,0,0,0,1.601255,1.551985,0,0,0,0,0,0
233,0,0,0,0,0,0,0,0,0,0,0.758142,0,0.655854,0.594605,0,0,0,0,0,0,0,0,0,0,0,0,0,0,0,0,0,0
234,0,0,0,0,0,0,0,0.526772,0,0,0,0,0,0,0,0,0,0,0,0,0,0,1.313017,1.347091,0,0,0.698555,0.825756,0,0,1.0654,1.134864
235,1.211629,1.143051,1.032571,1.19218,0.901657,0.894649,0.719859,0,0.890978,0.88035,0,0,0,0,0.598355,0.898851,1.157982,1.161518,0,0,1.24339,1.358842,0,0,0,0,0,0,0,0,0,0
236,0,0,0,0,0,0,0,0,0,0,0,0,0,0,0,0,0,0,0.68839,0.639127,0,0,0,0,0,0,0,0,0,0,0,0
237,0,0,0,0,0,0,0,0,0,0,0,0,0,0,0,0,0,0,0,0,0,0,0,0,0,0,0,0,0,0,0,0
238,0,0,0,0,0,0,0,0,0,0,0.597276,0.581014,0.602808,0,0,0,0,0,0,0,0,0,0,0,1.14339,1.201382,0,0,1.425774,1.333509,0,0
239,0,0,0,0,0,0,0,0.489083,0,0,0,0,0,0.757212,0,0,0,0,0,0,0,0,0,0,0,0,0.606058,0,0,0,0,0
240,0,0,0,0,0,0,0,0,0,0,0,0,0,0,0.744133,0.682382,0,0,0,0,1.06823,0.962222,0.938162,1.041865,0,0,0,0.737773,0,0,1.152146,1.165659
241,1.343168,1.356199,1.331961,1.314131,1.176852,1.216958,0.938686,0,1.321021,1.310331,0,0,0,0,0,0,1.195542,1.197267,0.688282,0.691937,0,0,0,0,0,0,0,0,0,0,0,0
242,0,0,0,0,0,0,0,0,0,0,0,0,0,0,0,0,0,0,0,0,0,0,0,0,0,0,0,0,0,0,0,0
243,0,0,0,0,0,0,0,0,0,0,0.719238,0.698575,0.69316,0,0,0,0,0,0,0,0,0,0,0,0,0,0,0,0,0,0,0
244,0,0,0,0,0,0,0,0,0,0,0,0,0,0.669212,0,0,0,0,0,0,0,0,0,0,1.211721,1.247861,0,0,1.351726,1.346587,0,0
245,0,0,0,0,0,0,0,0.670021,0,0,0,0,0,0,0,0,0,0,0,0,0,0,0,1.183115,0,0,0.69906,0.540077,0,0,0,0
246,0,0,0,0,0,0,0.685243,0,0,0,0,0,0,0,0.743031,0.641078,0,0,0,0,1.141875,1.199348,1.190093,0,0,0,0,0,0,0,1.37308,1.297067
247,1.492595,1.410029,1.168242,1.078486,0,0,0,0,1.494933,1.49234,0,0,0,0,0,0,1.396819,1.374761,1.199538,1.598095,0,0,0,0,0,0,0,0,0,0,0,0
248,0,0,0,0,1.682808,1.67189,0,0,0,0,0,0,0,0,0,0,0,0,0,0,0,0,0,0,0,0,0,0,0,0,0,0
249,0,0,0,0,0,0,0,0,0,0,0.824884,0.736434,0.717645,0.736905,0,0,0,0,0,0,0,0,0,0,0,0,0,0,0,0,0,0
250,0,0,0,0,0,0,0,0.715352,0,0,0,0,0,0,0,0,0,0,0,0,0,0,0,0,1.403617,1.346024,0.824552,0.861364,1.390516,1.264366,0,0
251,0,0,0,0,0,0,0.570757,0,0,0,0,0,0,0,0.743307,0.846031,0,0,0,0,0,0,0,1.36895,0,0,0,0,0,0,0,0
252,0,0,0,0,0,0,0,0,0,0,0,0,0,0,0,0,0,0,0,0,1.339224,1.26622,1.368768,0,0,0,0,0,0,0,1.273513,1.316642
253,1.363406,1.38442,1.089802,1.106437,0,0,0,0,1.403361,1.454885,0,0,0,0,0,0,1.318464,1.265348,1.295032,1.325006,0,0,0,0,0,0,0,0,0,0,0,0
254,0,0,0,0,1.502288,1.531845,0,0,0,0,0,0.880502,0,0,0,0,0,0,0,0,0,0,0,0,0,0,0,0,0,0,0,0
255,0,0,0,0,0,0,0,0.616276,0,0,0.900191,0,0.878788,0.82916,0,0,0,0,0,0,0,0,0,0,0,0,0,0,1.0504,0,0,0
256,0,0,0,0,0,0,0,0,0,0,0,0,0,0,0.722681,0,0,0,0,0,0,0,0,0,1.45889,1.381031,1.267823,0.88767,0,1.159109,0,0
257,0,0,0,0,0,0,0.667066,0,0,0,0,0,0,0,0,0.695173,0,0,0,0,0,0,0,0,0,0,0,0,0,0,0,0
258,0,0,0,1.139083,0,0,0,0,0,0,0,0,0,0,0,0,0,0,0,0,1.30571,1.303763,1.465027,1.440486,0,0,0,0,0,0,1.264147,0
259,1.173465,1.200681,1.130407,0,0,0,0,0,1.299245,1.304694,0,0,0,0,0,0,1.158161,1.140652,1.330702,1.296113,0,0,0,0,0,0,0,0,0,0,0,1.549294
260,0,0,0,0,1.127201,1.175654,0,0,0,0,0.708631,0.763812,0.658881,0.760399,0,0,0,0,0,0,0,0,0,0,0,0,0,0,0,0,0,0
261,0,0,0,0,0,0,0,0.477517,0,0,0,0,0,0,0,0,0,0,0,0,0,0,0,0,0,0.647462,0,0,1.171288,1.164784,0,0
262,0,0,0,0,0,0,0.519833,0,0,0,0,0,0,0,0.474779,0.628282,0,0,0,0,0,0,0,0,0.915056,0,1.024382,1.01495,0,0,0,0
263,0,0,0,0,0,0,0,0,0,0,0,0,0,0,0,0,0,0,0,0,0,0,0,0,0,0,0,0,0,0,0,0
264,0,0,1.131768,1.237353,0,0,0,0,0,0,0,0,0,0,0,0,0,0,0,0,1.513182,1.510398,1.625506,1.594395,0,0,0,0,0,0,1.371081,1.305939
265,1.164947,1.130705,0,0,0,0,0,0,0,0,0,0.705742,0.823815,0,0,0,0.973962,1.008403,1.248351,1.143393,0,0,0,0,0,0,0,0,0,0,0,0
266,0,0,0,0,1.32114,1.260572,0,0.592602,1.624039,1.557017,0.882464,0,0,0.843812,0,0,0,0,0,0,0,0,0,0,0,0,0,0,0,0,0,0
267,0,0,0,0,0,0,0.513871,0,0,0,0,0,0,0,0.8562,0,0,0,0,0,0,0,0,0,0.786525,0.623151,0,0,0,0,0,0
268,0,0,0,0,0,0,0,0,0,0,0,0,0,0,0,0.70499,0,0,0,0,0,0,0,0,0,0,1.323965,1.318331,1.685747,1.645572,0,0
269,0,0,0,0,0,0,0,0,0,0,0,0,0,0,0,0,0,0,0,0,0,0,0,0,0,0,0,0,0,0,0,0
270,0,0,1.239917,1.110045,0,0,0,0,0,0,0,0,0,0,0,0,0,0,0,0,1.319726,1.337038,1.303808,1.282211,0,0,0,0,0,0,1.167088,1.120637
271,1.339447,1.336194,0,0,0,0,0,0.538519,0,1.164968,0.670008,0.696967,0.628503,0,0,0,1.528279,1.436766,1.244299,1.267527,0,0,0,0,0,0,0,0,0,0,0,0
272,0,0,0,0,1.372793,1.379601,0,0,1.206116,0,0,0,0,0.85553,0,0,0,0,0,0,0,0,0,0,0,0.729129,0,0,0,0,0,0
273,0,0,0,0,0,0,0.609254,0,0,0,0,0,0,0,0.737331,0.822483,0,0,0,0,0,0,0,0,0.804574,0,0,0,0,1.118604,0,0
274,0,0,0,0,0,0,0,0,0,0,0,0,0,0,0,0,0,0,0,0,0,0,0,0,0,0,1.275095,1.296449,1.136272,0,0,0
275,0,0,0,0,0,0,0,0,0,0,0,0,0,0,0,0,0,0,0,0,0,0,0,0,0,0,0,0,0,0,0,0
276,0,0,1.158596,1.205248,0,0,0,0,0,0,0,0.838787,0.601673,0,0,0,0,0,0,0,1.393635,1.382981,1.277993,1.308259,0,0,0,0,0,0,1.317715,1.324507
277,1.229528,1.202228,0,0,0,0,0,0.70713,1.171625,1.179154,0.758769,0,0,0.703939,0,0,1.248464,1.223158,0,1.517043,0,0,0,0,0,0.710441,0,0,0,0,0,0
278,0,0,0,0,1.333367,1.32133,0.6521,0,0,0,0,0,0,0,0.880452,0,0,0,1.523779,0,0,0,0,0,0.70666,0,0,0,0,0,0,0
279,0,0,0,0,0,0,0,0,0,0,0,0,0,0,0,0.929872,0,0,0,0,0,0,0,0,0,0,0,0,1.305119,1.358354,0,0
280,0,0,0,0,0,0,0,0,0,0,0,0,0,0,0,0,0,0,0,0,0,0,0,0,0,0,1.235663,1.239036,0,0,0,0
281,0,0,0,0,0,0,0,0,0,0,0,0.64406,0,0,0,0,0,0,0,0,0,0,0,0,0,0,0,0,0,0,0,0
282,0,0,1.266334,1.18804,0,0,0,0.749513,0,0,0.709256,0,0.686112,0.600925,0,0,0,0,0,0,0,0,1.43927,1.429823,0,0,0,0,0,0,1.393368,1.381468
283,1.114352,1.162595,0,0,0,0,0.658598,0,0,0,0,0,0,0,0,0,1.171087,1.247999,1.246387,1.289027,1.372404,1.381406,0,0,0,0.8039,0,0,0,0,0,0
284,0,0,0,0,1.43019,1.437371,0,0,1.517458,1.503111,0,0,0,0,0.819438,0.912637,0,0,0,0,0,0,0,0,0.965528,0,0,0,0,0,0,0
285,0,0,0,0,0,0,0,0,0,0,0,0,0,0,0,0,0,0,0,0,0,0,0,0,0,0,0,0,0,0,0,0
286,0,0,0,0,0,0,0,0,0,0,0,0,0,0,0,0,0,0,0,0,0,0,0,0,0,0,1.607794,1.580413,1.599122,1.563295,0,0
287,0,0,0,0,0,0,0,0.553251,0,0,0.662675,0.745646,0.590879,0,0,0,0,0,0,0,0,0,0,0,0,0,0,0,0,0,0,0
288,0,0,0.943918,1.0117,0,0,0,0,0,0,0,0,0,0.900227,0,0,0,0,0,0,0,0,1.477096,1.410381,0,0.67757,0,0,0,0,0,0
289,1.263736,1.260703,0,0,0,0,0.597851,0,0,0,0,0,0,0,0.551634,0,1.470403,1.355314,1.100361,1.060257,1.704022,1.709981,0,0,0.80948,0,0,0,0,0,1.55775,1.696715
290,0,0,0,0,1.310652,1.209119,0,0,1.401199,1.487603,0,0,0,0,0,0.687952,0,0,0,0,0,0,0,0,0,0,0,0,0,0,0,0
291,0,0,0,0,0,0,0,0,0,0,0,0,0,0,0,0,0,0,0,0,0,0,0,0,0,0,0,0,0,0,0,0
292,0,0,0,0,0,0,0,0,0,0,0,0.714512,0.592032,0,0,0,0,0,0,0,0,0,0,0,0,0,1.637337,1.637009,1.366837,1.320582,0,0
293,0,0,0.987854,0.937179,0,0,0,0.592545,0,0,0.735448,0,0,0.630128,0,0,0,0,0,0,0,0,0,0,0,0,0,0,0,0,0,0
294,1.179479,0,0,0,0,0,0.633649,0,0,0,0,0,0,0,0,0,0,0,0,0,0,0,1.351685,1.378309,0,0.559612,0,0,0,0,0,1.143212
295,0,1.171211,0,0,0,0,0,0,0,0,0,0,0,0,0.64115,0.670482,1.41682,1.520385,1.365261,1.236805,1.165025,1.317438,0,0,0.723837,0,0,0,0,0,1.279962,0
296,0,0,0,0,1.055378,1.170304,0,0,1.443457,1.39788,0,0,0,0,0,0,0,0,0,0,0,0,0,0,0,0,0,0,0,0,0,0
297,0,0,0,0,0,0,0,0,0,0,0,0,0,0,0,0,0,0,0,0,0,0,0,0,0,0,0,0,0,0,0,0
298,0,0,0,0,0,0,0,0.636022,0,0,0.553237,0.622736,0.623258,0,0,0,0,0,0,0,0,0,0,0,0,0,1.342776,1.325372,1.302931,1.344029,0,0
299,0,0,0.91969,0.718548,0,0,0.541982,0,0,0,0,0,0,0.587852,0,0,0,0,0,0,0,0,0,0,0,0.548691,0,0,0,0,0,0
300,0,0,0,0,0,0,0,0,0,0,0,0,0,0,0.796027,0,0,0,0,0,0.803472,0.871053,1.204273,1.186721,0.555025,0,0,0,0,0,0,0
301,1.358512,1.372657,0,0,0,0,0,0,0,0,0,0,0,0,0,0.60675,1.525567,1.394438,1.286255,1.436923,0,0,0,0,0,0,0,0,0,0,1.705944,1.657871
302,0,0,0,0,1.400554,1.407596,0,0,1.610792,1.66087,0,0,0,0,0,0,0,0,0,0,0,0,0,0,0,0,0,0,0,0,0,0
303,0,0,0,0,0,0,0,0.678141,0,0,0,0.659246,0.797343,0,0,0,0,0,0,0,0,0,0,0,0,0,0,0,0,0,0,0
304,0,0,0,0.703252,0,0,0.501811,0,0,0,0.686952,0,0,0.722262,0,0,0,0,0,0,0,0,0,0,0,0.545256,1.21394,1.241613,1.217687,1.184371,0,0
305,0,0,0.97444,0,0,0,0,0,0,0,0,0,0,0,0,0,0,0,0,0,0,0,0,0,0.531702,0,0,0,0,0,0,0
306,0,0,0,0,0,0,0,0,0,0,0,0,0,0,0.777165,0.84633,0,0,0,0,0.659933,0.821426,1.183505,1.15224,0,0,0,0,0,0,0,0
307,1.38639,1.429703,0,0,1.176387,0,0,0,0,0,0,0,0,0,0,0,1.054527,1.181894,1.340814,1.390865,0,0,0,0,0,0,0,0,0,0,1.379021,1.361248
308,0,0,0,0,0,1.177354,0,0,1.50258,1.481279,0,0,0,0,0,0,0,0,0,0,0,0,0,0,0,0,0,0,0,0,0,0
309,0,0,0,0.757926,0,0,0,0.636954,0,0,0.75195,1.111905,0.613401,0,0,0,0,0,0,0,0,0,0,0,0,0,0,0,0,0,0,0
310,0,0,0.643892,0,0,0,0.606064,0,0,0,0,0,0,0.605487,0,0,0,0,0,0,0,0,0,0,0.565689,0.749675,1.420624,1.412114,1.300144,1.419351,0,0
311,0,0,0,0,0,0,0,0,0,0,0,0,0,0,0.785319,0,0,0,0,0,0.794137,0.802462,0,0,0,0,0,0,0,0,0,0
312,0,0,0,0,0,0,0,0,0,0,0,0,0,0,0,0.734073,0,0,0,0,0,0,1.186139,1.234063,0,0,0,0,0,0,0,0
313,1.251472,1.309821,0,0,1.211814,0,0,0,0,0,0,0,0,0,0,0,1.324415,1.3288,1.260563,1.222117,0,0,0,0,0,0,0,0,0,0,1.313608,1.300754
314,0,0,0,0,0,1.236578,0,0.68284,1.260569,1.279222,0,0,0.978779,0,0,0,0,0,0,0,0,0,0,0,0,0,0,0,0,0,0,0
315,0,0,0,0.767939,0,0,0.538803,0,0,0,1.124114,1.088951,0,0.686884,0,0,0,0,0,0,0,0,0,0,0,0.544851,0,0,0.576008,0.846284,0,0
316,0,0,0.822212,0,0,0,0,0,0,0,0,0,0,0,0,0,0,0,0,0,0.610669,0,0,0,0.595178,0,1.141725,1.19545,0,0,0,0
317,0,0,0,0,0,0,0,0,0,0,0,0,0,0,1.034641,0.937848,0,0,0,0,0,0.59863,0,0,0,0,0,0,0,0,0,0
318,0.659925,0.916319,0,0,0,0,0,0,0,0,0,0,0,0,0,0,0,1.199845,0,0,0,0,1.233447,1.237642,0,0,0,0,0,0,0,0
319,0,0,0,0,0,0,0,0,0,0,0,0,0,0,0,0,1.281731,0,1.416723,1.337528,0,0,0,0,0,0,0,0,0,0,1.538122,1.531744
320,0,0,0,0,1.414145,1.468938,0.724332,0.810286,1.348834,1.212701,0,0,0.758277,0,0,0,0,0,0,0,0,0,0,0,0,0.426433,0,0,0.660148,0,0,0
321,0,0,0.786459,1.253288,0,0,0,0,0,0,1.395026,1.385703,0,0.844963,0,0,0,0,0,0,0,0,0,0,0.671354,0,0,0,0,0.66117,0,0
322,0,0,0,0,0,0,0,0,0,0,0,0,0,0,0,0,0,0,0,0,0.69942,0.78343,0,0,0,0,1.190793,1.248209,0,0,0,0
323,0,0,0,0,0,0,0,0,0,0,0,0,0,0,0.707801,0.956861,0,0,0,0,0,0,0,0,0,0,0,0,0,0,0,0
324,0.820965,0.755717,0,0,0,0,0,0,0,0,0,0,0,0,0,0,0,0,0,0,0,0,1.316741,1.283356,0,0,0,0,0,0,0,0
325,0,0,0,0,0,0,0,0.745091,0,0,0,0,0.563765,0,0,0,1.303644,1.329196,1.341074,1.457291,0,0,0,0,0,0,0,0,0,0,1.338215,1.320805
326,0,0,0,0,1.481081,1.407093,0.80054,0,0.951295,1.053038,0.601399,0,0,0.884136,0,0,0,0,0,0,0,0,0,0,0,0.719468,0,0,0.588309,0.673299,0,0
327,0,0,1.15937,1.119426,0,0,0,0,0,0,0,0.958316,0,0,0,0,0,0,0,0,0.621296,0.530282,0,0,0.559776,0,0,0,0,0,0,0
328,0,0,0,0,0,0,0,0,0,0,0,0,0,0,0.809714,0,0,0,0,0,0,0,0,0,0,0,1.318128,1.256774,0,0,0,0
329,0.577995,0.645094,0,0,0,0,0,0,0,0,0,0,0,0,0,0.671451,0,0,0,0,0,0,0,0,0,0,0,0,0,0,0,0
330,0,0,0,0,0,0,0,0.673084,0,0,0,0,0,0,0,0,0,0,0,0,0,0,1.297447,1.306951,0,0,0,0,0,0,0,0
331,0,0,0,0,0,0,0.530824,0,0,0,0,0,0.6465,0,0,0,1.3848,1.389041,1.235367,1.251714,0,0,0,0,0,0.59672,0,0,0.717393,0.598681,1.461926,1.45625
332,0,0,1.035028,1.10392,1.160737,1.180897,0,0,1.200367,1.236295,0.71859,0.691334,0,0.96425,0,0,0,0,0,0,0.530971,0,0,0,0.48095,0,0,0,0,0,0,0
333,0,0,0,0,0,0,0,0,0,0,0,0,0,0,0,0,0,0,0,0,0,0.5167,0,0,0,0,0,0,0,0,0,0
334,0.689218,0,0,0,0,0,0,0,0,0,0,0,0,0,1.198113,0.742943,0,0,0,0,0,0,0,0,0,0,1.435715,1.447039,0,0,0,0
335,0,0.754732,0,0,0,0,0,0,0,0,0,0,0,0,0,0,0,0,0,0,0,0,0,0,0,0,0,0,0,0,0,0
336,0,0,0,0,0,0,0,1.034234,0,0,0,0,0.6615,0,0,0,1.13886,1.184683,0,0,0,0,1.482271,1.527091,0,0.545262,0,0,0.559757,0,0,0
337,0,0,0,0,1.049045,1.090761,0.962781,0,0,0,0.65299,0,0,0.463837,0,0,0,0,1.265466,1.240438,0,0,0,0,0.556063,0,0,0,0,0.557692,0,0
338,0,0,0,0,0,0,0,0,1.213682,1.180669,0,0.476189,0,0,0,0,0,0,0,0,0.657791,0.60091,0,0,0,0,0,0,0,0,1.685724,1.703485
339,0.289853,0,1.300655,1.280058,0,0,0,0,0,0,0,0,0,0,0,0,0,0,0,0,0,0,0,0,0,0,0,0,0,0,0,0
340,0,0.748484,0,0,0,0,0,0,0,0,0,0,0,0,1.235257,1.227763,0,0,0,0,0,0,0,0,0,0,0.949884,0.892208,0,0,0,0
341,0,0,0,0,0,0,0,0.431128,0,0,0,0,0.544985,0,0,0,0,0,0,0,0,0,0.797813,0.418888,0,0.592309,0,0,0,0,0,0
342,0,0,0,0,0,0,0.700106,0,0,0,0,0,0,0.295097,0,0,1.12901,1.125508,0,0.727544,0,0,0,0,0.37509,0,0,0,0.755335,0.645522,0,0
343,0,0,0,0,0.749803,0.758875,0,0,0,0,0.48579,0.693875,0,0,0,0,0,0,0.815814,0,0.750934,0.491352,0,0,0,0,0,0,0,0,0.819167,0.827624
344,0.491481,0,0.320469,0.808954,0,0,0,0,0.80564,0.892213,0,0,0,0,0,0,0,0,0,0,0,0,0,0,0,0,0,0,0,0,0,0
345,0,0.305635,0,0,0,0,0,0,0,0,0,0,0,0,0.362338,0.70723,0,0,0,0,0,0,0,0,0,0,0.539445,0.365766,0,0,0,0
346,0,0,0,0,0,0,0,0,0,0,0,0,0,0,0,0,0,0,0,0,0,0,0,0.287103,0,0,0,0,0,0,0,0
347,0,0,0,0,0,0,0,0.305258,0,0,0,0,0.441617,0.297673,0,0,0,0,0,0,0,0,0.470633,0,0.496274,0.313064,0,0,0.770498,0,0,0
348,0,0,0,0,0,0,0.42359,0,0,0,0.504077,0.532831,0,0,0,0,0.963868,1.016041,0.82444,0.963184,0,0,0,0,0,0,0,0,0,0.847252,0,0
349,0,0,0.704582,0,0.973874,0.926296,0,0,0.887444,0.878567,0,0,0,0,0,0,0,0,0,0,0.836292,0.84249,0,0,0,0,0,0,0,0,1.12275,1.02818
350,0.605389,0,0,0.862215,0,0,0,0,0,0,0,0,0,0,0.322553,0,0,0,0,0,0,0,0,0,0,0,0,0.855647,0,0,0,0
351,0,0.417303,0,0,0,0,0,0,0,0,0,0,0,0,0,0.711496,0,0,0,0,0,0,0,0.411175,0,0,1.020946,0,0,0,0,0
352,0,0,0,0,0,0,0,0.401656,0,0,0,0,0.551269,0.440358,0,0,0,0,0,0,0,0,0.905714,0,0,0.613617,0,0,0,0,0,0
353,0,0,0,0,0,0,0.820506,0,0,0,0.764582,0,0,0,0,0,0,0,0,0,0,0,0,0,0.636782,0,0,0,0.633943,0.563673,0,0
354,0,0,0,0,0,0,0,0,0,0,0,0.620049,0,0,0,0,0.917915,0.902757,0.933188,0.979183,0,0,0,0,0,0,0,0,0,0,0,0
355,0.570344,0,0.464198,0.521491,1.045887,1.113672,0,0,1.163953,1.139523,0,0,0,0,0.46483,0,0,0,0,0,0.931081,0.989106,0,0,0,0,0,0,0,0,1.297286,1.327453
356,0,0.470253,0,0,0,0,0,0,0,0,0,0,0,0,0,0.605708,0,0,0,0,0,0,0,0,0,0,0.532257,0.467984,0,0,0,0
357,0,0,0,0,0,0,0,0.562127,0,0,0,0,0,0,0,0,0,0,0,0,0,0,0,0.480165,0,0.584605,0,0,0,0,0,0
358,0,0,0,0,0,0,0.495147,0,0,0,0.535432,0,1.686219,1.21577,0,0,0,0,0,0,0,0,0.703236,0,0.426465,0,0,0,0.426791,0.45647,0,0
359,0,0,0,0,0,0,0,0,0,0,0,0.608512,0,0,0,0,0.702638,0.686317,0.493252,0,0,0,0,0,0,0,0,0,0,0,0,0
360,0,0,0.482377,0,0.520849,0.638135,0,0,0,0,0,0,0,0,0,0,0,0,0,0.660461,1.115142,1.083775,0,0,0,0,0,0,0,0,0,0
361,1.049297,0.644706,0,0.570609,0,0,0,0,0.985719,0.978545,0,0,0,0,0.568872,0.574913,0,0,0,0,0,0,0,0,0,0,0.631055,0.422349,0,0,0,0
362,0,0,0,0,0,0,0,0.524747,0,0,0,0,0,0,0,0,0,0,0,0,0,0,0,0.504695,0,0.577278,0,0,0,0,2.537921,2.759624
363,0,0,0,0,0,0,0,0,0,0,0,0,0,0.407314,0,0,0,0,0,0,0,0,0.676212,0,0.608236,0,0,0,0.671697,0.441361,0,0
364,0,0,0,0,0,0,0.437907,0,0,0,0.638851,0.524993,0.978767,0,0,0,0,0,0,0,0,0,0,0,0,0,0,0,0,0,0,0
365,0,0,0.615278,0,0,0,0,0,0,0,0,0,0,0,0,0,0.437083,0.913286,0.465523,0.729126,0,0,0,0,0,0,0,0,0,0,0,0
366,0,0,0,0.687346,1.039822,0.867702,0,0,1.167381,1.084121,0,0,0,0,0.468068,0,0,0,0,0,1.219356,1.285208,0,0,0,0,0,0.485858,0,0,0,0
367,0.982547,0.941182,0,0,0,0,0,0,0,0,0,0,0,0,0,0.749661,0,0,0,0,0,0,0,0.478397,0,0,0.614921,0,0,0,0,0
368,0,0,0,0,0,0,0,0.472785,0,0,0,0,0,0,0,0,0,0,0,0,0,0,0,0,0.603148,0.624054,0,0,0,0,1.248708,1.112244
369,0,0,0,0,0,0,0.547913,0,0,0,0.727648,0,0.629427,0.569334,0,0,0,0,0,0,0,0,0.848603,0,0,0,0,0,1.046646,0.99458,0,0
370,0,0,0.439547,0,0,0,0,0,0,0,0,0.739722,0,0,0,0,0.481809,0,0.541579,0,0,0,0,0,0,0,0,0,0,0,0,0
371,0,0,0,0.684341,0,0,0,0,0,0,0,0,0,0,0.533314,0,0,0.773363,0,0.854535,0,0,0,0,0,0,0,0.590086,0,0,0,0
372,0,0,0,0,1.31757,1.267844,0,0,0,1.202509,0,0,0,0,0,0.868756,0,0,0,0,1.158589,1.07951,0,0.611926,0,0,0.720469,0,0,0,0,0
373,0.904168,0.961707,0,0,0,0,0,0.661252,1.26582,0,0,0,0,0,0,0,0,0,0,0,0,0,0,0,0,0.619007,0,0,0,0,0,0
374,0,0,0,0,0,0,0.715415,0,0,0,0,0,0,0.756916,0,0,0,0,0,0,0,0,0.630102,0,0.626724,0,0,0,0,0,1.504257,1.426777
375,0,0,0,0,0,0,0,0,0,0,0.743026,0.903646,0.663498,0,0,0,0.518648,0,0.56033,0,0,0,0,0,0,0,0,0,1.054142,1.042059,0,0
376,0,0,0.793201,0,0,0,0,0,0,0,0,0,0,0,0.596236,0,0,0.808147,0,0.796056,0,0,0,0,0,0,0,0,0,0,0,0
377,0,0,0,0.4732,0,0,0,0,0,0,0,0,0,0,0,0,0,0,0,0,0,0,0,0,0,0,0.545169,0.78311,0,0,0,0
378,0,1.31911,0,0,1.340999,1.334884,0,0,0.793459,0.633969,0,0,0,0,0,0.576743,0,0,0,0,1.36503,1.250343,0,0.566336,0,0.649826,0,0,0,0,0,0
379,1.355384,0,0,0,0,0,0,0.824493,0,0,0,0,0,0.542448,0,0,0,0,0,0,0,0,0,0,0.665364,0,0,0,0,0,0,0
380,0,0,0,0,0,0,0.647893,0,0,0,0.815265,0,0.56601,0,0,0,0.752794,0,0.666309,0,0,0,0.655398,0,0,0,0,0,1.261454,1.23538,1.33594,1.3736
381,0,0,0.698905,0,0,0,0,0,0,0,0,0.658584,0,0,0,0,0,0.716571,0,0.716891,0,0,0,0,0,0,0,0,0,0,0,0
382,0,0,0,0.695035,0,0,0,0,0,0,0,0,0,0,0.689892,0,0,0,0,0,0,0,0,0,0,0,0,0.91442,0,0,0,0
383,0,0,0,0,0,0,0,0,0,0.829856,0,0,0,0,0,0.577886,0,0,0,0,0,0,0,0.501012,0,0,0.745561,0,0,0,0,0
384,0,1.26797,0,0,1.189375,1.200934,0,0.431427,0.892627,0,0,0,0,0,0,0,0,0,0,0,1.272739,1.300588,0,0,0.63831,0.73637,0,0,0,0,0,0
385,1.347933,0,0,0,0,0,0.733814,0,0,0,0,0,0.781121,0.741315,0,0,0,0,0,0,0,0,0.730898,0,0,0,0,0,0,0,0,0
386,0,0,0,0,0,0,0,0,0,0,0.761267,0.978461,0,0,0,0,0.729694,0,0.730369,0,0,0,0,0,0,0,0,0,1.191719,1.200364,1.298372,1.23105
387,0,0,0.596043,0.451514,0,0,0,0,0,0,0,0,0,0,0.888239,0,0,0.70091,0,0.472434,0,0,0,0,0,0,0,0,0,0,0,0
388,0,0,0,0,0,0,0,0,0,0,0,0,0,0,0,0.336501,0,0,0,0,0,0,0,0.713537,0,0,0.615396,0.8355,0,0,0,0
389,0,0,0,0,0.918101,0.897885,0,0.555435,1.030239,1.370253,0,0,0,0,0,0,0,0,0,0,0,0,0,0,0,0.746089,0,0,0,0,0,0
390,1.166737,1.115663,0,0,0,0,0.67554,0,0,0,0,0,0,0.783993,0,0,0,0,0,0,0.691683,0.965142,0.582199,0,0.770204,0,0,0,0,0,0,0
391,0,0,0,0,0,0,0,0,0,0,0.769008,0,0.882094,0,0,0,0.742266,0,0.782927,0,0,0,0,0,0,0,0,0,0,0,0,0
392,0,0,0.747673,0,0,0,0,0,0,0,0,0.601005,0,0,0,0,0,0.588733,0,0.564709,0,0,0,0,0,0,0,0,1.222223,1.236286,1.069048,1.041422
393,0,0,0,0.922165,0,0,0,0,0,0,0,0,0,0,0.687508,0,0,0,0,0,0,0,0,0,0,0,0,0.77456,0,0,0,0
394,0,0,0,0,0,0,0,0.455605,0,0,0,0,0,0,0,0.69477,0,0,0,0,0,0,0,0.608061,0,0,0.727883,0,0,0,0,0
395,0,0,0,0,0.966684,1.05958,0,0,1.094796,1.111823,0,0,0,0,0,0,0,0,0,0,0.742766,0.865134,0,0,0.7407,0.884914,0,0,0,0,0,0
396,0.917718,1.018928,0,0,0,0,0.560545,0,0,0,0,0,0,0.855718,0,0,0,0,0,0,0,0,0.609328,0,0,0,0,0,0,0,0,0
397,0,0,0.650235,0,0,0,0,0,0,0,1.184623,0.814312,0.872362,0,0,0,0.626677,0.668294,0.774254,0.699662,0,0,0,0,0,0,0,0,0,0,0,0
398,0,0,0,0.688334,0,0,0,0,0,0,0,0,0,0,0.610494,0,0,0,0,0,0,0,0,0,0,0,0,0,1.299043,1.258006,1.457471,1.44903
399,0,0,0,0,0,0,0,0.540684,0,0,0,0,0,0,0,0.617122,0,0,0,0,0,0,0,0.569645,0,0,0.873964,0.870046,0,0,0,0
400,0,0,0,0,0,0,0,0,0,0,0,0,0,0,0,0,0,0,0,0,0.661591,0,0,0,0,0.860931,0,0,0,0,0,0
401,0,0,0,0,1.159144,1.131772,0.630218,0,1.13783,1.123476,0,0,0,0,0,0,0,0,0,0,0,0.750495,0.860321,0,0.951336,0,0,0,0,0,0,0
402,1.300657,1.492015,0,0,0,0,0,0,0,0,0,0,0.769516,0.771653,0,0,0.491122,0,0.666913,0,0,0,0,0,0,0,0,0,0,0,0,0
403,0,0,0.729904,0.534629,0,0,0,0,0,0,1.0125,1.00383,0,0,0.609967,0,0,0.589889,0,0.756653,0,0,0,0,0,0,0,0,0,0,0,0
404,0,0,0,0,0,0,0,0,0,0,0,0,0,0,0,0.541604,0,0,0,0,0,0,0,0.776984,0,0,0,0,1.351339,1.332824,1.383998,1.449009
405,0,0,0,0,0,0,0,0.628754,0,0,0,0,0,0,0,0,0,0,0,0,0,0,0,0,0,0,1.177584,1.381296,0,0,0,0
406,0,0,0,0,1.119364,1.094474,0.670325,0,0,0,0,0,0,0,0,0,0,0,0,0,0.599548,0.63827,0,0,0.737832,0.828292,0,0,0,0,0,0
407,0,0,0,0,0,0,0,0,1.247114,1.196471,0,0,0.806215,0.753869,0,0,0.595649,0,0,0,0,0,0.710768,0,0,0,0,0,0,0,0,0
408,1.352536,1.183179,0.723492,0,0,0,0,0,0,0,0,0,0,0,0,0,0,0.591601,0.737972,0.731816,0,0,0,0,0,0,0,0,0,0,0,0
409,0,0,0,0.752455,0,0,0,0,0,0,1.310999,1.265407,0,0,0.887565,0,0,0,0,0,0,0,0,0,0,0,0,0,0,0,0,0
410,0,0,0,0,0,0,0,0.618505,0,0,0,0,0,0,0,0.662194,0,0,0,0,0,0,0,0.686008,0,0,0,0,1.381282,1.425693,1.256372,1.232163
411,0,0,0,0,0,0,0,0,0,0,0,0,0,0,0,0,0,0,0,0,0.711305,0,0,0,0,0,1.335882,1.358615,0,0,0,0
412,0,0,0,0,0,0,0.599636,0,0,0,0,0,0,0,0,0,0,0,0,0,0,0.618732,0.749458,0,0.976821,0.990825,0,0,0,0,0,0
413,0,0,0,0,1.463483,1.519723,0,0,1.250819,1.298884,0,0,0.753489,1.032066,0,0,0.616922,0.644667,0.565593,0.505919,0,0,0,0,0,0,0,0,0,0,0,0
414,1.392591,1.388986,0.787899,0.644292,0,0,0,0,0,0,0,0,0,0,0,0,0,0,0,0,0,0,0,0,0,0,0,0,0,0,0,0
415,0,0,0,0,0,0,0,0.630508,0,0,1.393907,1.438635,0,0,0.773185,0.768181,0,0,0,0,0,0,0,0.710106,0,0,0,0,0,0,0,0
416,0,0,0,0,0,0,0,0,0,0,0,0,0,0,0,0,0,0,0,0,0,0,0,0,0,0,0,0,1.221933,1.236907,1.338699,1.347785
417,0,0,0,0,0,0,0.627479,0,0,0,0,0,0,0,0,0,0,0,0,0,0.823227,0.889545,0.651442,0,0.667033,0.607879,1.127633,1.128697,0,0,0,0
418,0,0,0,0,0,0,0,0,0,0,0,0,1.044308,0,0,0,0.671667,0,0,0,0,0,0,0,0,0,0,0,0,0,0,0
419,0,0,0,0,1.357434,1.287287,0,0,1.551571,1.469957,0,0,0,1.264722,0,0,0,0.757531,0.778689,0.84435,0,0,0,0,0,0,0,0,0,0,0,0
420,1.483759,1.509059,1.310401,0.946833,0,0,0,0,0,0,1.264546,1.241859,0,0,1.262436,0.876827,0,0,0,0,0,0,0,0,0,0,0,0,0,0,0,0
421,0,0,0,0,0,0,0,0.669533,0,0,0,0,0,0,0,0,0,0,0,0,0,0,0,0.797194,0,0,0,0,0,0,0,0
422,0,0,0,0,0,0,0.546751,0,0,0,0,0,0,0,0,0,0,0,0,0,0.621611,0.591245,0,0,0,0,0,0,1.37582,1.371464,1.111537,1.162233
423,0,0,0,0,0,0,0,0,0,0,0,0,0,0,0,0,0.649926,0,0,0,0,0,0.610784,0,0.717516,0.874978,1.453893,1.470191,0,0,0,0
424,0,0,0,0,0,0,0,0,0,0,0,0,0,0,0,0,0,0.682231,0.704227,0.648552,0,0,0,0,0,0,0,0,0,0,0,0
425,0,0,0,0,1.311856,1.362131,0,0,1.283299,1.320548,0,0,1.367107,1.331417,0,0,0,0,0,0,0,0,0,0,0,0,0,0,0,0,0,0
426,1.292541,1.28107,1.406761,1.341908,0,0,0,0.546767,0,0,0,0,0,0,0,0,0,0,0,0,0,0,0,0.632979,0,0,0,0,0,0,0,0
427,0,0,0,0,0,0,0,0,0,0,1.42882,1.395414,0,0,1.367621,1.345694,0,0,0,0,0.663831,0,0,0,0,0,0,0,0,0,0,0
428,0,0,0,0,0,0,0.629937,0,0,0,0,0,0,0,0,0,0.725627,0,0,0,0,0.709907,0.650844,0,0.826727,0.631771,0,0,1.267855,1.245603,1.266134,1.204929
429,0,0,0,0,0,0,0,0,0,0,0,0,0,0,0,0,0,0.605225,0.541855,0.599405,0,0,0,0,0,0,1.45183,1.432671,0,0,0,0
430,0,0,0,0,0,0,0,0,0,0,0,0,0,0,0,0,0,0,0,0,0,0,0,0,0,0,0,0,0,0,0,0
431,0,0,0,0,1.24932,1.295669,0,0.538126,1.243336,1.27319,0,0,1.474146,1.432773,0,0,0,0,0,0,0,0,0,0.622937,0,0,0,0,0,0,0,0
432,0,0,1.325003,1.326825,0,0,0,0,0,0,0,0,0,0,1.123183,1.106216,0,0,0,0,0,0,0,0,0,0,0,0,0,0,0,0
433,1.432065,1.48631,0,0,0,0,0.698645,0,0,0,1.279387,1.281425,0,0,0,0,0,0,0,0,0.737891,0.822144,0.621674,0,0,0.777376,0,0,0,0,0,0
434,0,0,0,0,0,0,0,0,0,0,0,0,0,0,0,0,0.592337,0,0.646165,0,0,0,0,0,0.792341,0,0,0,1.1349,1.053995,1.540858,1.500417
435,0,0,0,0,0,0,0,0,0,0,0,0,0,0,0,0,0,0.499587,0,0.633778,0,0,0,0,0,0,1.350309,1.339559,0,0,0,0
436,0,0,0,0,0,0,0,0,1.123953,0,0,0,0,0,0,0,0,0,0,0,0,0,0,0,0,0,0,0,0,0,0,0
437,0,0,0,0,1.404324,1.461548,0,0.678814,0,1.126316,0,0,1.502533,1.517565,0,0,0,0,0,0,0,0,0,0.580251,0,0,0,0,0,0,0,0
438,1.087438,1.016091,1.115695,1.154902,0,0,0,0,0,0,0,0,0,0,1.297442,1.26531,0,0,0,0,0.855729,0,0,0,0,0,0,0,0,0,0,0
439,0,0,0,0,0,0,0.517267,0,0,0,1.231464,1.239992,0,0,0,0,0.589244,0,0,0,0,0.898118,0.813925,0,0.872822,0.715822,0,0,0,0,0,0
440,0,0,0,0,0,0,0,0,0,0,0,0,0,0,0,0,0,0.635093,0.713163,0.730218,0,0,0,0,0,0,0,0,1.430116,1.526886,1.584786,1.600559
441,0,0,0,0,0,0,0,0,0,0,0,0,0,0,0,0,0,0,0,0,0,0,0,0,0,0,1.2533,1.254573,0,0,0,0
442,0,0,0,0,0,0,0,0.530628,0,0,0,0,0,0,0,0,0,0,0,0,0,0,0,0.575262,0,0,0,0,0,0,0,0
443,0,0,0,0,1.142028,1.072212,0,0,1.432015,1.375931,0,0,1.28106,1.333941,0,0,0,0,0,0,0,0,0,0,0,0,0,0,0,0,0,0
444,1.177855,1.187024,1.274892,1.261868,0,0,0.618654,0,0,0,0,0,0,0,1.289568,1.281871,0,0,0,0,0.689902,0.793535,0.655199,0,0,0.715334,0,0,0,0,0,0
445,0,0,0,0,0,0,0,0,0,0,1.558028,1.541733,0,0,0,0,0.681366,0,0.817409,0,0,0,0,0,0.797788,0,0,0,0,0,0,0
446,0,0,0,0,0,0,0,0,0,0,0,0,0,0,0,0,0,0.733588,0,0.615751,0,0,0,0,0,0,0,0,1.340823,1.27567,1.48955,1.421772
447,0,0,0,0,0,0,0,0.647196,0,0,0,0,0,0,0,0,0,0,0,0,0,0,0,0.694568,0,0,1.363507,1.348888,0,0,0,0
448,0,0,0,0,0,1.156766,0,0,0.919095,0,0,0,0,0,0,0,0,0,0,0,0,0,0,0,0,0,0,0,0,0,0,0
449,0,0,0,0,1.173347,0,0.490639,0,0,1.135456,0,0,1.405066,1.456162,0,0,0,0,0,0,0.755362,0,0,0,0,0,0,0,0,0,0,0
450,1.176443,1.25745,1.265249,1.353582,0,0,0,0,0,0,0,0,0,0,1.417747,1.356144,0.543987,0,0,0,0,0.652814,0.614168,0,0.616757,0.599936,0,0,0,0,0,0
451,0,0,0,0,0,0,0,0,0,0,1.483402,1.422831,0,0,0,0,0,0.555672,0.823015,0.826955,0,0,0,0,0,0,0,0,0,0,0,0
452,0,0,0,0,0,0,0,0,0,0,0,0,0,0,0,0,0,0,0,0,0,0,0,0,0,0,0,0,1.173732,1.226751,0,0
453,0,0,0,0,0,0,0,0.55829,0,0,0,0,0,0,0,0,0,0,0,0,0,0,0,0.790074,0,0,1.671932,1.639106,0,0,1.728151,1.724423
454,0,0,0,0,1.154309,1.191927,0.654196,0,0.654097,0.785285,0,0,0,0,0,0,0,0,0,0,0,0,0,0,0,0,0,0,0,0,0,0
455,0,0,0,0,0,0,0,0,0,0,0,0,1.185232,1.170335,0,0,0.659105,0,0,0,0.858235,0.673862,0.578709,0,0.725071,0.586767,0,0,0,0,0,0
456,1.11571,1.096066,1.132465,1.020712,0,0,0,0,0,0,0,0,0,0,1.342394,1.379538,0,0.556666,0,0,0,0,0,0,0,0,0,0,0,0,0,0
457,0,0,0,0,0,0,0,0,0,0,1.316028,1.364391,0,0,0,0,0,0,0.947241,0.974827,0,0,0,0,0,0,0,0,0,0,0,0
458,0,0,0,0,0,0,0,0.707283,0,0,0,0,0,0,0,0,0,0,0,0,0,0,0,0,0,0,0,0,1.160717,1.119992,1.228934,0
459,0,0,0,0,0,0,0,0,0.657594,0,0,0,0,0,0,0,0,0,0,0,0,0,0,0.790942,0,0,1.294526,1.353443,0,0,0,1.279981
460,0,0,0,0,1.161194,1.145687,0.560408,0,0,0.61511,0,0,0,0,0,0,0,0,0,0,0,0,0.680701,0,0,0.666536,0,0,0,0,0,0
461,0,0,0,1.354398,0,0,0,0,0,0,0,0,1.186442,1.043954,0,0,0.560096,0,0,0,0.91955,0.935156,0,0,0.53258,0,0,0,0,0,0,0
462,1.294016,1.303075,1.445743,0,0,0,0,0,0,0,0,0,0,0,1.407724,1.379993,0,0.539275,0.575756,0,0,0,0,0,0,0,0,0,0,0,0,0
463,0,0,0,0,0,0,0,0,0,0,1.517013,1.523694,0,0,0,0,0,0,0,0.771288,0,0,0,0,0,0,0,0,1.037648,1.016837,0,0
464,0,0,0,0,0,0,0,0.732398,0,0,0,0,0,0,0,0,0,0,0,0,0,0,0,0.682496,0,0,0,0,0,0,1.121671,1.172903
465,0,0,0,0,0,0,0.603154,0,0.673558,0.698341,0,0,0,0,0,0,0,0,0,0,0,0,0,0,0,0.633309,1.289916,1.274182,0,0,0,0
466,0,0,0,0,1.228942,1.293585,0,0,0,0,0,0,0,0,0,0,0.576381,0,0,0,0.755997,0,0.584677,0,0.504382,0,0,0,0,0,0,0
467,0,0,1.120753,1.210351,0,0,0,0,0,0,0,0,1.297266,1.352018,0,0,0,0.700894,0,0,0,0.846547,0,0,0,0,0,0,0,0,0,0
468,1.537044,1.371689,0,0,0,0,0,0,0,0,0,0,0,0,1.258804,1.211525,0,0,0.829632,0.805419,0,0,0,0,0,0,0,0,0,0,0,0
469,0,0,0,0,0,0,0,0.623923,0,0,1.409739,1.419273,0,0,0,0,0,0,0,0,0,0,0,0.58767,0,0,0,0,1.383681,0,0,0
470,0,0,0,0,0,0,0.639682,0,0.678552,0,0,0,0,0,0,0,0,0,0,0,0,0,0,0,0,0,0,0,0,1.452391,1.226642,1.268609
471,0,0,0,0,0,0,0,0,0,0.691109,0,0,0,0,0,0,0.669449,0,0,0,0,0,0.787137,0,0.596491,0.814278,1.360075,1.417522,0,0,0,0
472,0,0,0,0,1.311603,1.276074,0,0,0,0,0,0,0,0,0,0,0,0.733857,0,0,0.678598,0.770679,0,0,0,0,0,0,0,0,0,0
473,0,0,1.319687,1.372768,0,0,0,0,0,0,0,0,1.307261,1.299895,0,0,0,0,0.794352,0,0,0,0,0,0,0,0,0,0,0,0,0
474,1.232425,1.274506,0,0,0,0,0,0.656956,0,0,0,0,0,0,1.285873,1.357006,0,0,0,0.79498,0,0,0,0,0,0,0,0,0,0,0,0
475,0,0,0,0,0,0,0.355515,0,0.334721,0,0.822806,0.821655,0,0,0,0,0,0,0,0,0,0,0,0.827201,0,0,0,0,0.320481,0.51113,0,0
476,0,0,0,0,0,0,0,0,0,0.320673,0,0,0,0,0,0,0.339721,0,0,0,0,0,0.37064,0,0.233645,0.258505,0,0.526658,0,0,0.585502,0.519221
477,0,0,0,0,0.512313,0.482024,0,0,0,0,0,0,0,0,0,0,0,0.267916,0,0,0.352505,0.294133,0,0,0,0,0.546328,0,0,0,0,0
478,0,0,0,0,0,0,0,0,Null,Null,Null,Null,Null,Null,Null,Null,0,0,0.270958,0,0,0,0,0,Null,Null,Null,Null,Null,Null,Null,Null
479,Null,Null,Null,Null,Null,Null,Null,Null,Null,Null,Null,Null,Null,Null,Null,Null,0,0,0,0.216023,0,0,0,0,Null,Null,Null,Null,Null,Null,Null,Null