op_r,ceph01_ceph-osd.0.asok.txt,ceph01_ceph-osd.1.asok.txt,ceph01_ceph-osd.2.asok.txt,ceph01_ceph-osd.3.asok.txt,ceph01_ceph-osd.4.asok.txt,ceph01_ceph-osd.5.asok.txt,ceph01_ceph-osd.6.asok.txt,ceph01_ceph-osd.7.asok.txt,ceph02_ceph-osd.10.asok.txt,ceph02_ceph-osd.11.asok.txt,ceph02_ceph-osd.12.asok.txt,ceph02_ceph-osd.13.asok.txt,ceph02_ceph-osd.14.asok.txt,ceph02_ceph-osd.15.asok.txt,ceph02_ceph-osd.8.asok.txt,ceph02_ceph-osd.9.asok.txt,ceph03_ceph-osd.16.asok.txt,ceph03_ceph-osd.17.asok.txt,ceph03_ceph-osd.18.asok.txt,ceph03_ceph-osd.19.asok.txt,ceph03_ceph-osd.20.asok.txt,ceph03_ceph-osd.21.asok.txt,ceph03_ceph-osd.22.asok.txt,ceph03_ceph-osd.23.asok.txt,ceph04_ceph-osd.24.asok.txt,ceph04_ceph-osd.25.asok.txt,ceph04_ceph-osd.26.asok.txt,ceph04_ceph-osd.27.asok.txt,ceph04_ceph-osd.28.asok.txt,ceph04_ceph-osd.29.asok.txt,ceph04_ceph-osd.30.asok.txt,ceph04_ceph-osd.31.asok.txt
0,8,2,1,0,0,0,0,0,8,6,0,0,0,0,2,2,8,8,8,8,4,2,10,8,8,4,4,2,4,4,14,10
1,48,32,40,48,8,16,40,32,72,64,24,8,24,40,16,40,32,42,32,40,40,8,48,48,40,24,32,16,48,24,88,40
2,48,32,40,48,8,16,40,32,72,64,24,8,24,40,16,40,32,42,32,40,40,8,48,48,40,24,32,16,48,24,88,40
3,48,32,40,48,8,16,40,32,72,64,24,8,24,40,16,40,32,42,32,40,40,8,48,48,40,24,32,16,48,24,88,40
4,48,32,40,48,8,16,40,32,72,64,24,8,24,40,16,40,32,42,32,40,40,8,48,48,40,24,32,16,48,24,88,40
5,48,32,40,48,8,16,40,32,72,64,24,8,24,40,16,40,32,42,32,40,40,8,48,48,40,24,32,16,48,24,88,40
6,48,32,40,48,8,16,40,32,72,64,24,8,24,40,16,40,32,42,32,40,40,8,48,48,40,24,32,16,48,24,88,40
7,48,32,40,48,8,16,40,32,72,64,24,8,24,40,16,40,32,42,32,40,40,8,48,48,40,24,32,16,48,24,88,40
8,48,32,40,48,8,16,40,32,72,64,24,8,24,40,16,40,32,42,32,40,40,8,48,48,40,24,32,16,48,24,88,40
9,48,32,40,48,8,16,40,32,72,64,24,8,24,40,16,40,32,42,32,40,40,8,48,48,40,24,32,16,48,24,88,40
10,48,32,40,48,8,16,40,32,72,64,24,8,24,40,16,40,32,42,32,40,40,8,48,48,40,24,32,16,48,24,88,40
11,48,32,40,48,8,16,40,32,72,64,24,8,24,40,16,40,32,42,32,40,40,8,48,48,40,24,32,16,48,24,88,40
12,48,32,40,48,8,16,40,32,72,64,24,8,24,40,16,40,32,42,32,40,40,8,48,48,40,24,32,16,48,24,88,40
13,48,32,40,48,8,16,40,32,72,64,24,8,24,40,16,40,32,42,32,40,40,8,48,48,40,24,32,16,48,24,88,40
14,48,32,40,48,8,16,40,32,72,64,24,8,24,40,16,40,32,42,32,40,40,8,48,48,40,24,32,16,48,24,88,40
15,48,32,40,48,8,16,40,32,72,64,24,8,24,40,16,40,32,42,32,40,40,8,48,48,40,24,32,16,48,24,88,40
16,48,32,40,48,8,16,40,32,72,64,24,8,24,40,16,40,32,42,32,40,40,8,48,48,40,24,32,16,48,24,88,40
17,48,32,40,48,8,16,40,32,72,64,24,8,24,40,16,40,32,42,32,40,40,8,48,48,40,24,32,16,48,24,88,40
18,48,32,40,48,8,16,40,32,72,64,24,8,24,40,16,40,32,42,32,40,40,8,48,48,40,24,32,16,48,24,88,40
19,48,32,40,48,8,16,40,32,72,64,24,8,24,40,16,40,32,42,32,40,40,8,48,48,40,24,32,16,48,24,88,40
20,48,32,40,48,8,16,40,32,72,64,24,8,24,40,16,40,32,42,32,40,40,8,48,48,40,24,32,16,48,24,88,40
21,48,32,40,48,8,16,40,32,72,64,24,8,24,40,16,40,32,42,32,40,40,8,48,48,40,24,32,16,48,24,88,40
22,48,32,40,48,8,16,40,32,72,64,24,8,24,40,16,40,32,42,32,40,40,8,48,48,40,24,32,16,48,24,88,40
23,48,32,40,48,8,16,40,32,72,64,24,8,24,40,16,40,32,42,32,40,40,8,48,48,40,24,32,16,48,24,88,40
24,48,32,40,48,8,16,40,32,72,64,24,8,24,40,16,40,32,42,32,40,40,8,48,48,40,24,32,16,48,24,88,40
25,48,32,40,48,8,16,40,32,72,64,24,8,24,40,16,40,32,42,32,40,40,8,48,48,40,24,32,16,48,24,88,40
26,48,32,40,48,8,16,40,32,72,64,24,8,24,40,16,40,32,42,32,40,40,8,48,48,40,24,32,16,48,24,88,40
27,48,32,40,48,8,16,40,32,72,64,24,8,24,40,16,40,32,42,32,40,40,8,48,48,40,24,32,16,48,24,88,40
28,48,32,40,48,8,16,40,32,72,64,24,8,24,40,16,40,32,42,32,40,40,8,48,48,40,24,32,16,48,24,88,40
29,48,32,40,48,8,16,40,32,72,64,24,8,24,40,16,40,32,42,32,40,40,8,48,48,40,24,32,16,48,24,88,40
30,48,32,40,48,8,16,40,32,72,64,24,8,24,40,16,40,32,42,32,40,40,8,48,48,40,24,32,16,48,24,88,40
31,48,32,40,48,8,16,40,32,72,64,24,8,24,40,16,40,32,42,32,40,40,8,48,48,40,24,32,16,48,24,88,40
32,48,32,40,48,8,16,40,32,72,64,24,8,24,40,16,40,32,42,32,40,40,8,48,48,40,24,32,16,48,24,88,40
33,48,32,40,48,8,16,40,32,72,64,24,8,24,40,16,40,32,42,32,40,40,8,48,48,40,24,32,16,48,24,88,40
34,48,32,40,48,8,16,40,32,72,64,24,8,24,40,16,40,32,42,32,40,40,8,48,48,40,24,32,16,48,24,88,40
35,48,32,40,48,8,16,40,32,72,64,24,8,24,40,16,40,32,42,32,40,40,8,48,48,40,24,32,16,48,24,88,40
36,48,32,40,48,8,16,40,32,72,64,24,8,24,40,16,40,32,42,32,40,40,8,48,48,40,24,32,16,48,24,88,40
37,48,32,40,48,8,16,40,32,72,64,24,8,24,40,16,40,32,42,32,40,40,8,48,48,40,24,32,16,48,24,88,40
38,48,32,40,48,8,16,40,32,72,64,24,8,24,40,16,40,32,42,32,40,40,8,48,48,40,24,32,16,48,24,88,40
39,48,32,40,48,8,16,40,32,72,64,24,8,24,40,16,40,32,42,32,40,40,8,48,48,40,24,32,16,48,24,88,40
40,48,32,40,48,8,16,40,32,72,64,24,8,24,40,16,40,32,42,32,40,40,8,48,48,40,24,32,16,48,24,88,40
41,48,32,40,48,8,16,40,32,72,64,24,8,24,40,16,40,32,42,32,40,40,8,48,48,40,24,32,16,48,24,88,40
42,48,32,40,48,8,16,40,32,72,64,24,8,24,40,16,40,32,42,32,40,40,8,48,48,40,24,32,16,48,24,88,40
43,48,32,40,48,8,16,40,32,72,64,24,8,24,40,16,40,32,42,32,40,40,8,48,48,40,24,32,16,48,24,88,40
44,48,32,40,48,8,16,40,32,72,64,24,8,24,40,16,40,32,42,32,40,40,8,48,48,40,24,32,16,48,24,88,40
45,48,32,40,48,8,16,40,32,72,64,24,8,24,40,16,40,32,42,32,40,40,8,48,48,40,24,32,16,48,24,88,40
46,48,32,40,48,8,16,40,32,72,64,24,8,24,40,16,40,32,42,32,40,40,8,48,48,40,24,32,16,48,24,88,40
47,48,32,40,48,8,16,40,32,72,64,24,8,24,40,16,40,32,42,32,40,40,8,48,48,40,24,32,16,48,24,88,40
48,48,32,40,48,8,16,40,32,72,64,24,8,24,40,16,40,32,42,32,40,40,8,48,48,40,24,32,16,48,24,88,40
49,48,32,40,48,8,16,40,32,72,64,24,8,24,40,16,40,32,42,32,40,40,8,48,48,40,24,32,16,48,24,88,40
50,48,32,40,48,8,16,40,32,72,64,24,8,24,40,16,40,32,42,32,40,40,8,48,48,40,24,32,16,48,24,88,40
51,48,32,40,48,8,16,40,32,72,64,24,8,24,40,16,40,32,42,32,40,40,8,48,48,40,24,32,16,48,24,88,40
52,48,32,40,48,8,16,40,32,72,64,24,8,24,40,16,40,32,42,32,40,40,8,48,48,40,24,32,16,48,24,88,40
53,48,32,40,48,8,16,40,32,72,64,24,8,24,40,16,40,32,42,32,40,40,8,48,48,40,24,32,16,48,24,88,40
54,48,32,40,48,8,16,40,32,72,64,24,8,24,40,16,40,32,42,32,40,40,8,48,48,40,24,32,16,48,24,88,40
55,48,32,40,48,8,16,40,32,72,64,24,8,24,40,16,40,32,42,32,40,40,8,48,48,40,24,32,16,48,24,88,40
56,48,32,40,48,8,16,40,32,72,64,24,8,24,40,16,40,32,42,32,40,40,8,48,48,40,24,32,16,48,24,88,40
57,48,32,40,48,8,16,40,32,72,64,24,8,24,40,16,40,32,42,32,40,40,8,48,48,40,24,32,16,48,24,88,40
58,48,32,40,48,8,16,40,32,72,64,24,8,24,40,16,40,32,42,32,40,40,8,48,48,40,24,32,16,48,24,88,40
59,48,32,40,48,8,16,40,32,72,64,24,8,24,40,16,40,32,42,32,40,40,8,48,48,40,24,32,16,48,24,88,40
60,48,32,40,48,8,16,40,32,72,64,24,8,24,40,16,40,32,42,32,40,40,8,48,48,40,24,32,16,48,24,88,40
61,48,32,40,48,8,16,40,32,72,64,24,8,24,40,16,40,32,42,32,40,40,8,48,48,40,24,32,16,48,24,88,40
62,48,32,40,48,8,16,40,32,72,64,24,8,24,40,16,40,32,42,32,40,40,8,48,48,40,24,32,16,48,24,88,40
63,48,32,40,48,8,16,40,32,72,64,24,8,24,40,16,40,32,42,32,40,40,8,48,48,40,24,32,16,48,24,88,40
64,48,32,40,48,8,16,40,32,72,64,24,8,24,40,16,40,32,42,32,40,40,8,48,48,40,24,32,16,48,24,88,40
65,48,32,40,48,8,16,40,32,72,64,24,8,24,40,16,40,32,42,32,40,40,8,48,48,40,24,32,16,48,24,88,40
66,48,32,40,48,8,16,40,32,72,64,24,8,24,40,16,40,32,42,32,40,40,8,48,48,40,24,32,16,48,24,88,40
67,48,32,40,48,8,16,40,32,72,64,24,8,24,40,16,40,32,42,32,40,40,8,48,48,40,24,32,16,48,24,88,40
68,48,32,40,48,8,16,40,32,72,64,24,8,24,40,16,40,32,42,32,40,40,8,48,48,40,24,32,16,48,24,88,40
69,48,32,40,48,8,16,40,32,72,64,24,8,24,40,16,40,32,42,32,40,40,8,48,48,40,24,32,16,48,24,88,40
70,48,32,40,48,8,16,40,32,72,64,24,8,24,40,16,40,32,42,32,40,40,8,48,48,40,24,32,16,48,24,88,40
71,48,32,40,48,8,16,40,32,72,64,24,8,24,40,16,40,32,42,32,40,40,8,48,48,40,24,32,16,48,24,88,40
72,48,32,40,48,8,16,40,32,72,64,24,8,24,40,16,40,32,42,32,40,40,8,48,48,40,24,32,16,48,24,88,40
73,48,32,40,48,8,16,40,32,72,64,24,8,24,40,16,40,32,42,32,40,40,8,48,48,40,24,32,16,48,24,88,40
74,48,32,40,48,8,16,40,32,72,64,24,8,24,40,16,40,32,42,32,40,40,8,48,48,40,24,32,16,48,24,88,40
75,48,32,40,48,8,16,40,32,72,64,24,8,24,40,16,40,32,42,32,40,40,8,48,48,40,24,32,16,48,24,88,40
76,48,32,40,48,8,16,40,32,72,64,24,8,24,40,16,40,32,42,32,40,40,8,48,48,40,24,32,16,48,24,88,40
77,48,32,40,48,8,16,40,32,72,64,24,8,24,40,16,40,32,42,32,40,40,8,48,48,40,24,32,16,48,24,88,40
78,48,32,40,48,8,16,40,32,72,64,24,8,24,40,16,40,32,42,32,40,40,8,48,48,40,24,32,16,48,24,88,40
79,48,32,40,48,8,16,40,32,72,64,24,8,24,40,16,40,32,42,32,40,40,8,48,48,40,24,32,16,48,24,88,40
80,48,32,40,48,8,16,40,32,72,64,24,8,24,40,16,40,32,42,32,40,40,8,48,48,40,24,32,16,48,24,88,40
81,48,32,40,48,8,16,40,32,72,64,24,8,24,40,16,40,32,42,32,40,40,8,48,48,40,24,32,16,48,24,88,40
82,48,32,40,48,8,16,40,32,72,64,24,8,24,40,16,40,32,42,32,40,40,8,48,48,40,24,32,16,48,24,88,40
83,48,32,40,48,8,16,40,32,72,64,24,8,24,40,16,40,32,42,32,40,40,8,48,48,40,24,32,16,48,24,88,40
84,48,32,40,48,8,16,40,32,72,64,24,8,24,40,16,40,32,42,32,40,40,8,48,48,40,24,32,16,48,24,88,40
85,48,32,40,48,8,16,40,32,72,64,24,8,24,40,16,40,32,42,32,40,40,8,48,48,40,24,32,16,48,24,88,40
86,48,32,40,48,8,16,40,32,72,64,24,8,24,40,16,40,32,42,32,40,40,8,48,48,40,24,32,16,48,24,88,40
87,48,32,40,48,8,16,40,32,72,64,24,8,24,40,16,40,32,42,32,40,40,8,48,48,40,24,32,16,48,24,88,40
88,48,32,40,48,8,16,40,32,72,64,24,8,24,40,16,40,32,42,32,40,40,8,48,48,40,24,32,16,48,24,88,40
89,48,32,40,48,8,16,40,32,72,64,24,8,24,40,16,40,32,42,32,40,40,8,48,48,40,24,32,16,48,24,88,40
90,48,32,40,48,8,16,40,32,72,64,24,8,24,40,16,40,32,42,32,40,40,8,48,48,40,24,32,16,48,24,88,40
91,48,32,40,48,8,16,40,32,72,64,24,8,24,40,16,40,32,42,32,40,40,8,48,48,40,24,32,16,48,24,88,40
92,48,32,40,48,8,16,40,32,72,64,24,8,24,40,16,40,32,42,32,40,40,8,48,48,40,24,32,16,48,24,88,40
93,48,32,40,48,8,16,40,32,72,64,24,8,24,40,16,40,32,42,32,40,40,8,48,48,40,24,32,16,48,24,88,40
94,48,32,40,48,8,16,40,32,72,64,24,8,24,40,16,40,32,42,32,40,40,8,48,48,40,24,32,16,48,24,88,40
95,48,32,40,48,8,16,40,32,72,64,24,8,24,40,16,40,32,42,32,40,40,8,48,48,40,24,32,16,48,24,88,40
96,48,32,40,48,8,16,40,32,72,64,24,8,24,40,16,40,32,42,32,40,40,8,48,48,40,24,32,16,48,24,88,40
97,48,32,40,48,8,16,40,32,72,64,24,8,24,40,16,40,32,42,32,40,40,8,48,48,40,24,32,16,48,24,88,40
98,48,32,40,48,8,16,40,32,72,64,24,8,24,40,16,40,32,42,32,40,40,8,48,48,40,24,32,16,48,24,88,40
99,48,32,40,48,8,16,40,32,72,64,24,8,24,40,16,40,32,42,32,40,40,8,48,48,40,24,32,16,48,24,88,40
100,48,32,40,48,8,16,40,32,72,64,24,8,24,40,16,40,32,42,32,40,40,8,48,48,40,24,32,16,48,24,88,40
101,48,32,40,48,8,16,40,32,72,64,24,8,24,40,16,40,32,42,32,40,40,8,48,48,40,24,32,16,48,24,88,40
102,48,32,40,48,8,16,40,32,72,64,24,8,24,40,16,40,32,42,32,40,40,8,48,48,40,24,32,16,48,24,88,40
103,48,32,40,48,8,16,40,32,72,64,24,8,24,40,16,40,32,42,32,40,40,8,48,48,40,24,32,16,48,24,88,40
104,48,32,40,48,8,16,40,32,72,64,24,8,24,40,16,40,32,42,32,40,40,8,48,48,40,24,32,16,48,24,88,40
105,48,32,40,48,8,16,40,32,72,64,24,8,24,40,16,40,32,42,32,40,40,8,48,48,40,24,32,16,48,24,88,40
106,48,32,40,48,8,16,40,32,72,64,24,8,24,40,16,40,32,42,32,40,40,8,48,48,40,24,32,16,48,24,88,40
107,48,32,40,48,8,16,40,32,72,64,24,8,24,40,16,40,32,42,32,40,40,8,48,48,40,24,32,16,48,24,88,40
108,48,32,40,48,8,16,40,32,72,64,24,8,24,40,16,40,32,42,32,40,40,8,48,48,40,24,32,16,48,24,88,40
109,48,32,40,48,8,16,40,32,72,64,24,8,24,40,16,40,32,42,32,40,40,8,48,48,40,24,32,16,48,24,88,40
110,48,32,40,48,8,16,40,32,72,64,24,8,24,40,16,40,32,42,32,40,40,8,48,48,40,24,32,16,48,24,88,40
111,48,32,40,48,8,16,40,32,72,64,24,8,24,40,16,40,32,42,32,40,40,8,48,48,40,24,32,16,48,24,88,40
112,48,32,40,48,8,16,40,32,72,64,24,8,24,40,16,40,32,42,32,40,40,8,48,48,40,24,32,16,48,24,88,40
113,48,32,40,48,8,16,40,32,72,64,24,8,24,40,16,40,32,42,32,40,40,8,48,48,40,24,32,16,48,24,88,40
114,48,32,40,48,8,16,40,32,72,64,24,8,24,40,16,40,32,42,32,40,40,8,48,48,40,24,32,16,48,24,88,40
115,48,32,40,48,8,16,40,32,72,64,24,8,24,40,16,40,32,42,32,40,40,8,48,48,40,24,32,16,48,24,88,40
116,48,32,40,48,8,16,40,32,72,64,24,8,24,40,16,40,32,42,32,40,40,8,48,48,40,24,32,16,48,24,88,40
117,48,32,40,48,8,16,40,32,72,64,24,8,24,40,16,40,32,42,32,40,40,8,48,48,40,24,32,16,48,24,88,40
118,48,32,40,48,8,16,40,32,72,64,24,8,24,40,16,40,32,42,32,40,40,8,48,48,40,24,32,16,48,24,88,40
119,48,32,40,48,8,16,40,32,72,64,24,8,24,40,16,40,32,42,32,40,40,8,48,48,40,24,32,16,48,24,88,40
120,48,32,40,48,8,16,40,32,72,64,24,8,24,40,16,40,32,42,32,40,40,8,48,48,40,24,32,16,48,24,88,40
121,48,32,40,48,8,16,40,32,72,64,24,8,24,40,16,40,32,42,32,40,40,8,48,48,40,24,32,16,48,24,88,40
122,48,32,40,48,8,16,40,32,72,64,24,8,24,40,16,40,32,42,32,40,40,8,48,48,40,24,32,16,48,24,88,40
123,48,32,40,48,8,16,40,32,72,64,24,8,24,40,16,40,32,42,32,40,40,8,48,48,40,24,32,16,48,24,88,40
124,48,32,40,48,8,16,40,32,72,64,24,8,24,40,16,40,32,42,32,40,40,8,48,48,40,24,32,16,48,24,88,40
125,48,32,40,48,8,16,40,32,72,64,24,8,24,40,16,40,32,42,32,40,40,8,48,48,40,24,32,16,48,24,88,40
126,48,32,40,48,8,16,40,32,72,64,24,8,24,40,16,40,32,42,32,40,40,8,48,48,40,24,32,16,48,24,88,40
127,48,32,40,48,8,16,40,32,72,64,24,8,24,40,16,40,32,42,32,40,40,8,48,48,40,24,32,16,48,24,88,40
128,48,32,40,48,8,16,40,32,72,64,24,8,24,40,16,40,32,42,32,40,40,8,48,48,40,24,32,16,48,24,88,40
129,48,32,40,48,8,16,40,32,72,64,24,8,24,40,16,40,32,42,32,40,40,8,48,48,40,24,32,16,48,24,88,40
130,48,32,40,48,8,16,40,32,72,64,24,8,24,40,16,40,32,42,32,40,40,8,48,48,40,24,32,16,48,24,88,40
131,48,32,40,48,8,16,40,32,72,64,24,8,24,40,16,40,32,42,32,40,40,8,48,48,40,24,32,16,48,24,88,40
132,48,32,40,48,8,16,40,32,72,64,24,8,24,40,16,40,32,42,32,40,40,8,48,48,40,24,32,16,48,24,88,40
133,48,32,40,48,8,16,40,32,72,64,24,8,24,40,16,40,32,42,32,40,40,8,48,48,40,24,32,16,48,24,88,40
134,48,32,40,48,8,16,40,32,72,64,24,8,24,40,16,40,32,42,32,40,40,8,48,48,40,24,32,16,48,24,88,40
135,48,32,40,48,8,16,40,32,72,64,24,8,24,40,16,40,32,42,32,40,40,8,48,48,40,24,32,16,48,24,88,40
136,48,32,40,48,8,16,40,32,72,64,24,8,24,40,16,40,32,42,32,40,40,8,48,48,40,24,32,16,48,24,88,40
137,48,32,40,48,8,16,40,32,72,64,24,8,24,40,16,40,32,42,32,40,40,8,48,48,40,24,32,16,48,24,88,40
138,48,32,40,48,8,16,40,32,72,64,24,8,24,40,16,40,32,42,32,40,40,8,48,48,40,24,32,16,48,24,88,40
139,48,32,40,48,8,16,40,32,72,64,24,8,24,40,16,40,32,42,32,40,40,8,48,48,40,24,32,16,48,24,88,40
140,48,32,40,48,8,16,40,32,72,64,24,8,24,40,16,40,32,42,32,40,40,8,48,48,40,24,32,16,48,24,88,40
141,48,32,40,48,8,16,40,32,72,64,24,8,24,40,16,40,32,42,32,40,40,8,48,48,40,24,32,16,48,24,88,40
142,48,32,40,48,8,16,40,32,72,64,24,8,24,40,16,40,32,42,32,40,40,8,48,48,40,24,32,16,48,24,88,40
143,48,32,40,48,8,16,40,32,72,64,24,8,24,40,16,40,32,42,32,40,40,8,48,48,40,24,32,16,48,24,88,40
144,48,32,40,48,8,16,40,32,72,64,24,8,24,40,16,40,32,42,32,40,40,8,48,48,40,24,32,16,48,24,88,40
145,48,32,40,48,8,16,40,32,72,64,24,8,24,40,16,40,32,42,32,40,40,8,48,48,40,24,32,16,48,24,88,40
146,48,32,40,48,8,16,40,32,72,64,24,8,24,40,16,40,32,42,32,40,40,8,48,48,40,24,32,16,48,24,88,40
147,48,32,40,48,8,16,40,32,72,64,24,8,24,40,16,40,32,42,32,40,40,8,48,48,40,24,32,16,48,24,88,40
148,48,32,40,48,8,16,40,32,72,64,24,8,24,40,16,40,32,42,32,40,40,8,48,48,40,24,32,16,48,24,88,40
149,48,32,40,48,8,16,40,32,72,64,24,8,24,40,16,40,32,42,32,40,40,8,48,48,40,24,32,16,48,24,88,40
150,48,32,40,48,8,16,40,32,72,64,24,8,24,40,16,40,32,42,32,40,40,8,48,48,40,24,32,16,48,24,88,40
151,48,32,40,48,8,16,40,32,72,64,24,8,24,40,16,40,32,42,32,40,40,8,48,48,40,24,32,16,48,24,88,40
152,48,32,40,48,8,16,40,32,72,64,24,8,24,40,16,40,32,42,32,40,40,8,48,48,40,24,32,16,48,24,88,40
153,48,32,40,48,8,16,40,32,72,64,24,8,24,40,16,40,32,42,32,40,40,8,48,48,40,24,32,16,48,24,88,40
154,48,32,40,48,8,16,40,32,72,64,24,8,24,40,16,40,32,42,32,40,40,8,48,48,40,24,32,16,48,24,88,40
155,48,32,40,48,8,16,40,32,72,64,24,8,24,40,16,40,32,42,32,40,40,8,48,48,40,24,32,16,48,24,88,40
156,48,32,40,48,8,16,40,32,72,64,24,8,24,40,16,40,32,42,32,40,40,8,48,48,40,24,32,16,48,24,88,40
157,48,32,40,48,8,16,40,32,72,64,24,8,24,40,16,40,32,42,32,40,40,8,48,48,40,24,32,16,48,24,88,40
158,48,32,40,48,8,16,40,32,72,64,24,8,24,40,16,40,32,42,32,40,40,8,48,48,40,24,32,16,48,24,88,40
159,48,32,40,48,8,16,40,32,72,64,24,8,24,40,16,40,32,42,32,40,40,8,48,48,40,24,32,16,48,24,88,40
160,48,32,40,48,8,16,40,32,72,64,24,8,24,40,16,40,32,42,32,40,40,8,48,48,40,24,32,16,48,24,88,40
161,48,32,40,48,8,16,40,32,72,64,24,8,24,40,16,40,32,42,32,40,40,8,48,48,40,24,32,16,48,24,88,40
162,48,32,40,48,8,16,40,32,72,64,24,8,24,40,16,40,32,42,32,40,40,8,48,48,40,24,32,16,48,24,88,40
163,48,32,40,48,8,16,40,32,72,64,24,8,24,40,16,40,32,42,32,40,40,8,48,48,40,24,32,16,48,24,88,40
164,48,32,40,48,8,16,40,32,72,64,24,8,24,40,16,40,32,42,32,40,40,8,48,48,40,24,32,16,48,24,88,40
165,48,32,40,48,8,16,40,32,72,64,24,8,24,40,16,40,32,42,32,40,40,8,48,48,40,24,32,16,48,24,88,40
166,48,32,40,48,8,16,40,32,72,64,24,8,24,40,16,40,32,42,32,40,40,8,48,48,40,24,32,16,48,24,88,40
167,48,32,40,48,8,16,40,32,72,64,24,8,24,40,16,40,32,42,32,40,40,8,48,48,40,24,32,16,48,24,88,40
168,48,32,40,48,8,16,40,32,72,64,24,8,24,40,16,40,32,42,32,40,40,8,48,48,40,24,32,16,48,24,88,40
169,48,32,40,48,8,16,40,32,72,64,24,8,24,40,16,40,32,42,32,40,40,8,48,48,40,24,32,16,48,24,88,40
170,48,32,40,48,8,16,40,32,72,64,24,8,24,40,16,40,32,42,32,40,40,8,48,48,40,24,32,16,48,24,88,40
171,48,32,40,48,8,16,40,32,72,64,24,8,24,40,16,40,32,42,32,40,40,8,48,48,40,24,32,16,48,24,88,40
172,48,32,40,48,8,16,40,32,72,64,24,8,24,40,16,40,32,42,32,40,40,8,48,48,40,24,32,16,48,24,88,40
173,48,32,40,48,8,16,40,32,72,64,24,8,24,40,16,40,32,42,32,40,40,8,48,48,40,24,32,16,48,24,88,40
174,48,32,40,48,8,16,40,32,72,64,24,8,24,40,16,40,32,42,32,40,40,8,48,48,40,24,32,16,48,24,88,40
175,48,32,40,48,8,16,40,32,72,64,24,8,24,40,16,40,32,42,32,40,40,8,48,48,40,24,32,16,48,24,88,40
176,48,32,40,48,8,16,40,32,72,64,24,8,24,40,16,40,32,42,32,40,40,8,48,48,40,24,32,16,48,24,88,40
177,48,32,40,48,8,16,40,32,72,64,24,8,24,40,16,40,32,42,32,40,40,8,48,48,40,24,32,16,48,24,88,40
178,48,32,40,48,8,16,40,32,72,64,24,8,24,40,16,40,32,42,32,40,40,8,48,48,40,24,32,16,48,24,88,40
179,48,32,40,48,8,16,40,32,72,64,24,8,24,40,16,40,32,42,32,40,40,8,48,48,40,24,32,16,48,24,88,40
180,48,32,40,48,8,16,40,32,72,64,24,8,24,40,16,40,32,42,32,40,40,8,48,48,40,24,32,16,48,24,88,40
181,48,32,40,48,8,16,40,32,72,64,24,8,24,40,16,40,32,42,32,40,40,8,48,48,40,24,32,16,48,24,88,40
182,48,32,40,48,8,16,40,32,72,64,24,8,24,40,16,40,32,42,32,40,40,8,48,48,40,24,32,16,48,24,88,40
183,48,32,40,48,8,16,40,32,72,64,24,8,24,40,16,40,32,42,32,40,40,8,48,48,40,24,32,16,48,24,88,40
184,48,32,40,48,8,16,40,32,72,64,24,8,24,40,16,40,32,42,32,40,40,8,48,48,40,24,32,16,48,24,88,40
185,48,32,40,48,8,16,40,32,72,64,24,8,24,40,16,40,32,42,32,40,40,8,48,48,40,24,32,16,48,24,88,40
186,48,32,40,48,8,16,40,32,72,64,24,8,24,40,16,40,32,42,32,40,40,8,48,48,40,24,32,16,48,24,88,40
187,48,32,40,48,8,16,40,32,72,64,24,8,24,40,16,40,32,42,32,40,40,8,48,48,40,24,32,16,48,24,88,40
188,48,32,40,48,8,16,40,32,72,64,24,8,24,40,16,40,32,42,32,40,40,8,48,48,40,24,32,16,48,24,88,40
189,48,32,40,48,8,16,40,32,72,64,24,8,24,40,16,40,32,42,32,40,40,8,48,48,40,24,32,16,48,24,88,40
190,48,32,40,48,8,16,40,32,72,64,24,8,24,40,16,40,32,42,32,40,40,8,48,48,40,24,32,16,48,24,88,40
191,48,32,40,48,8,16,40,32,72,64,24,8,24,40,16,40,32,42,32,40,40,8,48,48,40,24,32,16,48,24,88,40
192,48,32,40,48,8,16,40,32,72,64,24,8,24,40,16,40,32,42,32,40,40,8,48,48,40,24,32,16,48,24,88,40
193,48,32,40,48,8,16,40,32,72,64,24,8,24,40,16,40,32,42,32,40,40,8,48,48,40,24,32,16,48,24,88,40
194,48,32,40,48,8,16,40,32,72,64,24,8,24,40,16,40,32,42,32,40,40,8,48,48,40,24,32,16,48,24,88,40
195,48,32,40,48,8,16,40,32,72,64,24,8,24,40,16,40,32,42,32,40,40,8,48,48,40,24,32,16,48,24,88,40
196,48,32,40,48,8,16,40,32,72,64,24,8,24,40,16,40,32,42,32,40,40,8,48,48,40,24,32,16,48,24,88,40
197,48,32,40,48,8,16,40,32,72,64,24,8,24,40,16,40,32,42,32,40,40,8,48,48,40,24,32,16,48,24,88,40
198,48,32,40,48,8,16,40,32,72,64,24,8,24,40,16,40,32,42,32,40,40,8,48,48,40,24,32,16,48,24,88,40
199,48,32,40,48,8,16,40,32,72,64,24,8,24,40,16,40,32,42,32,40,40,8,48,48,40,24,32,16,48,24,88,40
200,48,32,40,48,8,16,40,32,72,64,24,8,24,40,16,40,32,42,32,40,40,8,48,48,40,24,32,16,48,24,88,40
201,48,32,40,48,8,16,40,32,72,64,24,8,24,40,16,40,32,42,32,40,40,8,48,48,40,24,32,16,48,24,88,40
202,48,32,40,48,8,16,40,32,72,64,24,8,24,40,16,40,32,42,32,40,40,8,48,48,40,24,32,16,48,24,88,40
203,48,32,40,48,8,16,40,32,72,64,24,8,24,40,16,40,32,42,32,40,40,8,48,48,40,24,32,16,48,24,88,40
204,48,32,40,48,8,16,40,32,72,64,24,8,24,40,16,40,32,42,32,40,40,8,48,48,40,24,32,16,48,24,88,40
205,48,32,40,48,8,16,40,32,72,64,24,8,24,40,16,40,32,42,32,40,40,8,48,48,40,24,32,16,48,24,88,40
206,48,32,40,48,8,16,40,32,72,64,24,8,24,40,16,40,32,42,32,40,40,8,48,48,40,24,32,16,48,24,88,40
207,48,32,40,48,8,16,40,32,72,64,24,8,24,40,16,40,32,42,32,40,40,8,48,48,40,24,32,16,48,24,88,40
208,48,32,40,48,8,16,40,32,72,64,24,8,24,40,16,40,32,42,32,40,40,8,48,48,40,24,32,16,48,24,88,40
209,48,32,40,48,8,16,40,32,72,64,24,8,24,40,16,40,32,42,32,40,40,8,48,48,40,24,32,16,48,24,88,40
210,48,32,40,48,8,16,40,32,72,64,24,8,24,40,16,40,32,42,32,40,40,8,48,48,40,24,32,16,48,24,88,40
211,48,32,40,48,8,16,40,32,72,64,24,8,24,40,16,40,32,42,32,40,40,8,48,48,40,24,32,16,48,24,88,40
212,48,32,40,48,8,16,40,32,72,64,24,8,24,40,16,40,32,42,32,40,40,8,48,48,40,24,32,16,48,24,88,40
213,48,32,40,48,8,16,40,32,72,64,24,8,24,40,16,40,32,42,32,40,40,8,48,48,40,24,32,16,48,24,88,40
214,48,32,40,48,8,16,40,32,72,64,24,8,24,40,16,40,32,42,32,40,40,8,48,48,40,24,32,16,48,24,88,40
215,48,32,40,48,8,16,40,32,72,64,24,8,24,40,16,40,32,42,32,40,40,8,48,48,40,24,32,16,48,24,88,40
216,48,32,40,48,8,16,40,32,72,64,24,8,24,40,16,40,32,42,32,40,40,8,48,48,40,24,32,16,48,24,88,40
217,48,32,40,48,8,16,40,32,72,64,24,8,24,40,16,40,32,42,32,40,40,8,48,48,40,24,32,16,48,24,88,40
218,48,32,40,48,8,16,40,32,72,64,24,8,24,40,16,40,32,42,32,40,40,8,48,48,40,24,32,16,48,24,88,40
219,48,32,40,48,8,16,40,32,72,64,24,8,24,40,16,40,32,42,32,40,40,8,48,48,40,24,32,16,48,24,88,40
220,48,32,40,48,8,16,40,32,72,64,24,8,24,40,16,40,32,42,32,40,40,8,48,48,40,24,32,16,48,24,88,40
221,48,32,40,48,8,16,40,32,72,64,24,8,24,40,16,40,32,42,32,40,40,8,48,48,40,24,32,16,48,24,88,40
222,48,32,40,48,8,16,40,32,72,64,24,8,24,40,16,40,32,42,32,40,40,8,48,48,40,24,32,16,48,24,88,40
223,48,32,40,48,8,16,40,32,72,64,24,8,24,40,16,40,32,42,32,40,40,8,48,48,40,24,32,16,48,24,88,40
224,48,32,40,48,8,16,40,32,72,64,24,8,24,40,16,40,32,42,32,40,40,8,48,48,40,24,32,16,48,24,88,40
225,48,32,40,48,8,16,40,32,72,64,24,8,24,40,16,40,32,42,32,40,40,8,48,48,40,24,32,16,48,24,88,40
226,48,32,40,48,8,16,40,32,72,64,24,8,24,40,16,40,32,42,32,40,40,8,48,48,40,24,32,16,48,24,88,40
227,48,32,40,48,8,16,40,32,72,64,24,8,24,40,16,40,32,42,32,40,40,8,48,48,40,24,32,16,48,24,88,40
228,48,32,40,48,8,16,40,32,72,64,24,8,24,40,16,40,32,42,32,40,40,8,48,48,40,24,32,16,48,24,88,40
229,48,32,40,48,8,16,40,32,72,64,24,8,24,40,16,40,32,42,32,40,40,8,48,48,40,24,32,16,48,24,88,40
230,48,32,40,48,8,16,40,32,72,64,24,8,24,40,16,40,32,42,32,40,40,8,48,48,40,24,32,16,48,24,88,40
231,48,32,40,48,8,16,40,32,72,64,24,8,24,40,16,40,32,42,32,40,40,8,48,48,40,24,32,16,48,24,88,40
232,48,32,40,48,8,16,40,32,72,64,24,8,24,40,16,40,32,42,32,40,40,8,48,48,40,24,32,16,48,24,88,40
233,48,32,40,48,8,16,40,32,72,64,24,8,24,40,16,40,32,42,32,40,40,8,48,48,40,24,32,16,48,24,88,40
234,48,32,40,48,8,16,40,32,72,64,24,8,24,40,16,40,32,42,32,40,40,8,48,48,40,24,32,16,48,24,88,40
235,48,32,40,48,8,16,40,32,72,64,24,8,24,40,16,40,32,42,32,40,40,8,48,48,40,24,32,16,48,24,88,40
236,48,32,40,48,8,16,40,32,72,64,24,8,24,40,16,40,32,42,32,40,40,8,48,48,40,24,32,16,48,24,88,40
237,48,32,40,48,8,16,40,32,72,64,24,8,24,40,16,40,32,42,32,40,40,8,48,48,40,24,32,16,48,24,88,40
238,48,32,40,48,8,16,40,32,72,64,24,8,24,40,16,40,32,42,32,40,40,8,48,48,40,24,32,16,48,24,88,40
239,48,32,40,48,8,16,40,32,72,64,24,8,24,40,16,40,32,42,32,40,40,8,48,48,40,24,32,16,48,24,88,40
240,48,32,40,48,8,16,40,32,72,64,24,8,24,40,16,40,32,42,32,40,40,8,48,48,40,24,32,16,48,24,88,40
241,48,32,40,48,8,16,40,32,72,64,24,8,24,40,16,40,32,42,32,40,40,8,48,48,40,24,32,16,48,24,88,40
242,48,32,40,48,8,16,40,32,72,64,24,8,24,40,16,40,32,42,32,40,40,8,48,48,40,24,32,16,48,24,88,40
243,48,32,40,48,8,16,40,32,72,64,24,8,24,40,16,40,32,42,32,40,40,8,48,48,40,24,32,16,48,24,88,40
244,48,32,40,48,8,16,40,32,72,64,24,8,24,40,16,40,32,42,32,40,40,8,48,48,40,24,32,16,48,24,88,40
245,48,32,40,48,8,16,40,32,72,64,24,8,24,40,16,40,32,42,32,40,40,8,48,48,40,24,32,16,48,24,88,40
246,48,32,40,48,8,16,40,32,72,64,24,8,24,40,16,40,32,42,32,40,40,8,48,48,40,24,32,16,48,24,88,40
247,48,32,40,48,8,16,40,32,72,64,24,8,24,40,16,40,32,42,32,40,40,8,48,48,40,24,32,16,48,24,88,40
248,48,32,40,48,8,16,40,32,72,64,24,8,24,40,16,40,32,42,32,40,40,8,48,48,40,24,32,16,48,24,88,40
249,48,32,40,48,8,16,40,32,72,64,24,8,24,40,16,40,32,42,32,40,40,8,48,48,40,24,32,16,48,24,88,40
250,48,32,40,48,8,16,40,32,72,64,24,8,24,40,16,40,32,42,32,40,40,8,48,48,40,24,32,16,48,24,88,40
251,48,32,40,48,8,16,40,32,72,64,24,8,24,40,16,40,32,42,32,40,40,8,48,48,40,24,32,16,48,24,88,40
252,48,32,40,48,8,16,40,32,72,64,24,8,24,40,16,40,32,42,32,40,40,8,48,48,40,24,32,16,48,24,88,40
253,48,32,40,48,8,16,40,32,72,64,24,8,24,40,16,40,32,42,32,40,40,8,48,48,40,24,32,16,48,24,88,40
254,48,32,40,48,8,16,40,32,72,64,24,8,24,40,16,40,32,42,32,40,40,8,48,48,40,24,32,16,48,24,88,40
255,48,32,40,48,8,16,40,32,72,64,24,8,24,40,16,40,32,42,32,40,40,8,48,48,40,24,32,16,48,24,88,40
256,48,32,40,48,8,16,40,32,72,64,24,8,24,40,16,40,32,42,32,40,40,8,48,48,40,24,32,16,48,24,88,40
257,48,32,40,48,8,16,40,32,72,64,24,8,24,40,16,40,32,42,32,40,40,8,48,48,40,24,32,16,48,24,88,40
258,48,32,40,48,8,16,40,32,72,64,24,8,24,40,16,40,32,42,32,40,40,8,48,48,40,24,32,16,48,24,88,40
259,48,32,40,48,8,16,40,32,72,64,24,8,24,40,16,40,32,42,32,40,40,8,48,48,40,24,32,16,48,24,88,40
260,48,32,40,48,8,16,40,32,72,64,24,8,24,40,16,40,32,42,32,40,40,8,48,48,40,24,32,16,48,24,88,40
261,48,32,40,48,8,16,40,32,72,64,24,8,24,40,16,40,32,42,32,40,40,8,48,48,40,24,32,16,48,24,88,40
262,48,32,40,48,8,16,40,32,72,64,24,8,24,40,16,40,32,42,32,40,40,8,48,48,40,24,32,16,48,24,88,40
263,48,32,40,48,8,16,40,32,72,64,24,8,24,40,16,40,32,42,32,40,40,8,48,48,40,24,32,16,48,24,88,40
264,48,32,40,48,8,16,40,32,72,64,24,8,24,40,16,40,32,42,32,40,40,8,48,48,40,24,32,16,48,24,88,40
265,48,32,40,48,8,16,40,32,72,64,24,8,24,40,16,40,32,42,32,40,40,8,48,48,40,24,32,16,48,24,88,40
266,48,32,40,48,8,16,40,32,72,64,24,8,24,40,16,40,32,42,32,40,40,8,48,48,40,24,32,16,48,24,88,40
267,48,32,40,48,8,16,40,32,72,64,24,8,24,40,16,40,32,42,32,40,40,8,48,48,40,24,32,16,48,24,88,40
268,48,32,40,48,8,16,40,32,72,64,24,8,24,40,16,40,32,42,32,40,40,8,48,48,40,24,32,16,48,24,88,40
269,48,32,40,48,8,16,40,32,72,64,24,8,24,40,16,40,32,42,32,40,40,8,48,48,40,24,32,16,48,24,88,40
270,48,32,40,48,8,16,40,32,72,64,24,8,24,40,16,40,32,42,32,40,40,8,48,48,40,24,32,16,48,24,88,40
271,48,32,40,48,8,16,40,32,72,64,24,8,24,40,16,40,32,42,32,40,40,8,48,48,40,24,32,16,48,24,88,40
272,48,32,40,48,8,16,40,32,72,64,24,8,24,40,16,40,32,42,32,40,40,8,48,48,40,24,32,16,48,24,88,40
273,48,32,40,48,8,16,40,32,72,64,24,8,24,40,16,40,32,42,32,40,40,8,48,48,40,24,32,16,48,24,88,40
274,48,32,40,48,8,16,40,32,72,64,24,8,24,40,16,40,32,42,32,40,40,8,48,48,40,24,32,16,48,24,88,40
275,48,32,40,48,8,16,40,32,72,64,24,8,24,40,16,40,32,42,32,40,40,8,48,48,40,24,32,16,48,24,88,40
276,48,32,40,48,8,16,40,32,72,64,24,8,24,40,16,40,32,42,32,40,40,8,48,48,40,24,32,16,48,24,88,40
277,48,32,40,48,8,16,40,32,72,64,24,8,24,40,16,40,32,42,32,40,40,8,48,48,40,24,32,16,48,24,88,40
278,48,32,40,48,8,16,40,32,72,64,24,8,24,40,16,40,32,42,32,40,40,8,48,48,40,24,32,16,48,24,88,40
279,48,32,40,48,8,16,40,32,72,64,24,8,24,40,16,40,32,42,32,40,40,8,48,48,40,24,32,16,48,24,88,40
280,48,32,40,48,8,16,40,32,72,64,24,8,24,40,16,40,32,42,32,40,40,8,48,48,40,24,32,16,48,24,88,40
281,48,32,40,48,8,16,40,32,72,64,24,8,24,40,16,40,32,42,32,40,40,8,48,48,40,24,32,16,48,24,88,40
282,48,32,40,48,8,16,40,32,72,64,24,8,24,40,16,40,32,42,32,40,40,8,48,48,40,24,32,16,48,24,88,40
283,48,32,40,48,8,16,40,32,72,64,24,8,24,40,16,40,32,42,32,40,40,8,48,48,40,24,32,16,48,24,88,40
284,48,32,40,48,8,16,40,32,72,64,24,8,24,40,16,40,32,42,32,40,40,8,48,48,40,24,32,16,48,24,88,40
285,48,32,40,48,8,16,40,32,72,64,24,8,24,40,16,40,32,42,32,40,40,8,48,48,40,24,32,16,48,24,88,40
286,48,32,40,48,8,16,40,32,72,64,24,8,24,40,16,40,32,42,32,40,40,8,48,48,40,24,32,16,48,24,88,40
287,48,32,40,48,8,16,40,32,72,64,24,8,24,40,16,40,32,42,32,40,40,8,48,48,40,24,32,16,48,24,88,40
288,48,32,40,48,8,16,40,32,72,64,24,8,24,40,16,40,32,42,32,40,40,8,48,48,40,24,32,16,48,24,88,40
289,48,32,40,48,8,16,40,32,72,64,24,8,24,40,16,40,32,42,32,40,40,8,48,48,40,24,32,16,48,24,88,40
290,48,32,40,48,8,16,40,32,72,64,24,8,24,40,16,40,32,42,32,40,40,8,48,48,40,24,32,16,48,24,88,40
291,48,32,40,48,8,16,40,32,72,64,24,8,24,40,16,40,32,42,32,40,40,8,48,48,40,24,32,16,48,24,88,40
292,48,32,40,48,8,16,40,32,72,64,24,8,24,40,16,40,32,42,32,40,40,8,48,48,40,24,32,16,48,24,88,40
293,48,32,40,48,8,16,40,32,72,64,24,8,24,40,16,40,32,42,32,40,40,8,48,48,40,24,32,16,48,24,88,40
294,48,32,40,48,8,16,40,32,72,64,24,8,24,40,16,40,32,42,32,40,40,8,48,48,40,24,32,16,48,24,88,40
295,48,32,40,48,8,16,40,32,72,64,24,8,24,40,16,40,32,42,32,40,40,8,48,48,40,24,32,16,48,24,88,40
296,48,32,40,48,8,16,40,32,72,64,24,8,24,40,16,40,32,42,32,40,40,8,48,48,40,24,32,16,48,24,88,40
297,48,32,40,48,8,16,40,32,72,64,24,8,24,40,16,40,32,42,32,40,40,8,48,48,40,24,32,16,48,24,88,40
298,48,32,40,48,8,16,40,32,72,64,24,8,24,40,16,40,32,42,32,40,40,8,48,48,40,24,32,16,48,24,88,40
299,48,32,40,48,8,16,40,32,72,64,24,8,24,40,16,40,32,42,32,40,40,8,48,48,40,24,32,16,48,24,88,40
300,48,32,40,48,8,16,40,32,72,64,24,8,24,40,16,40,32,42,32,40,40,8,48,48,40,24,32,16,48,24,88,40
301,48,32,40,48,8,16,40,32,72,64,24,8,24,40,16,40,32,42,32,40,40,8,48,48,40,24,32,16,48,24,88,40
302,48,32,40,48,8,16,40,32,72,64,24,8,24,40,16,40,32,42,32,40,40,8,48,48,40,24,32,16,48,24,88,40
303,48,32,40,48,8,16,40,32,72,64,24,8,24,40,16,40,32,42,32,40,40,8,48,48,40,24,32,16,48,24,88,40
304,48,32,40,48,8,16,40,32,72,64,24,8,24,40,16,40,32,42,32,40,40,8,48,48,40,24,32,16,48,24,88,40
305,48,32,40,48,8,16,40,32,72,64,24,8,24,40,16,40,32,42,32,40,40,8,48,48,40,24,32,16,48,24,88,40
306,48,32,40,48,8,16,40,32,72,64,24,8,24,40,16,40,32,42,32,40,40,8,48,48,40,24,32,16,48,24,88,40
307,48,32,40,48,8,16,40,32,72,64,24,8,24,40,16,40,32,42,32,40,40,8,48,48,40,24,32,16,48,24,88,40
308,48,32,40,48,8,16,40,32,72,64,24,8,24,40,16,40,32,42,32,40,40,8,48,48,40,24,32,16,48,24,88,40
309,48,32,40,48,8,16,40,32,72,64,24,8,24,40,16,40,32,42,32,40,40,8,48,48,40,24,32,16,48,24,88,40
310,48,32,40,48,8,16,40,32,72,64,24,8,24,40,16,40,32,42,32,40,40,8,48,48,40,24,32,16,48,24,88,40
311,48,32,40,48,8,16,40,32,72,64,24,8,24,40,16,40,32,42,32,40,40,8,48,48,40,24,32,16,48,24,88,40
312,48,32,40,48,8,16,40,32,72,64,24,8,24,40,16,40,32,42,32,40,40,8,48,48,40,24,32,16,48,24,88,40
313,48,32,40,48,8,16,40,32,72,64,24,8,24,40,16,40,32,42,32,40,40,8,48,48,40,24,32,16,48,24,88,40
314,48,32,40,48,8,16,40,32,72,64,24,8,24,40,16,40,32,42,32,40,40,8,48,48,40,24,32,16,48,24,88,40
315,48,32,40,48,8,16,40,32,72,64,24,8,24,40,16,40,32,42,32,40,40,8,48,48,40,24,32,16,48,24,88,40
316,48,32,40,48,8,16,40,32,72,64,24,8,24,40,16,40,32,42,32,40,40,8,48,48,40,24,32,16,48,24,88,40
317,48,32,40,48,8,16,40,32,72,64,24,8,24,40,16,40,32,42,32,40,40,8,48,48,40,24,32,16,48,24,88,40
318,48,32,40,48,8,16,40,32,72,64,24,8,24,40,16,40,32,42,32,40,40,8,48,48,40,24,32,16,48,24,88,40
319,48,32,40,48,8,16,40,32,72,64,24,8,24,40,16,40,32,42,32,40,40,8,48,48,40,24,32,16,48,24,88,40
320,48,32,40,48,8,16,40,32,72,64,24,8,24,40,16,40,32,42,32,40,40,8,48,48,40,24,32,16,48,24,88,40
321,48,32,40,48,8,16,40,32,72,64,24,8,24,40,16,40,32,42,32,40,40,8,48,48,40,24,32,16,48,24,88,40
322,48,32,40,48,8,16,40,32,72,64,24,8,24,40,16,40,32,42,32,40,40,8,48,48,40,24,32,16,48,24,88,40
323,48,32,40,48,8,16,40,32,72,64,24,8,24,40,16,40,32,42,32,40,40,8,48,48,40,24,32,16,48,24,88,40
324,48,32,40,48,8,16,40,32,72,64,24,8,24,40,16,40,32,42,32,40,40,8,48,48,40,24,32,16,48,24,88,40
325,48,32,40,48,8,16,40,32,72,64,24,8,24,40,16,40,32,42,32,40,40,8,48,48,40,24,32,16,48,24,88,40
326,48,32,40,48,8,16,40,32,72,64,24,8,24,40,16,40,32,42,32,40,40,8,48,48,40,24,32,16,48,24,88,40
327,48,32,40,48,8,16,40,32,72,64,24,8,24,40,16,40,32,42,32,40,40,8,48,48,40,24,32,16,48,24,88,40
328,48,32,40,48,8,16,40,32,72,64,24,8,24,40,16,40,32,42,32,40,40,8,48,48,40,24,32,16,48,24,88,40
329,48,32,40,48,8,16,40,32,72,64,24,8,24,40,16,40,32,42,32,40,40,8,48,48,40,24,32,16,48,24,88,40
330,48,32,40,48,8,16,40,32,72,64,24,8,24,40,16,40,32,42,32,40,40,8,48,48,40,24,32,16,48,24,88,40
331,48,32,40,48,8,16,40,32,72,64,24,8,24,40,16,40,32,42,32,40,40,8,48,48,40,24,32,16,48,24,88,40
332,48,32,40,48,8,16,40,32,72,64,24,8,24,40,16,40,32,42,32,40,40,8,48,48,40,24,32,16,48,24,88,40
333,48,32,40,48,8,16,40,32,72,64,24,8,24,40,16,40,32,42,32,40,40,8,48,48,40,24,32,16,48,24,88,40
334,48,32,40,48,8,16,40,32,72,64,24,8,24,40,16,40,32,42,32,40,40,8,48,48,40,24,32,16,48,24,88,40
335,48,32,40,48,8,16,40,32,72,64,24,8,24,40,16,40,32,42,32,40,40,8,48,48,40,24,32,16,48,24,88,40
336,48,32,40,48,8,16,40,32,72,64,24,8,24,40,16,40,32,42,32,40,40,8,48,48,40,24,32,16,48,24,88,40
337,48,32,40,48,8,16,40,32,72,64,24,8,24,40,16,40,32,42,32,40,40,8,48,48,40,24,32,16,48,24,88,40
338,48,32,40,48,8,16,40,32,72,64,24,8,24,40,16,40,32,42,32,40,40,8,48,48,40,24,32,16,48,24,88,40
339,48,32,40,48,8,16,40,32,72,64,24,8,24,40,16,40,32,42,32,40,40,8,48,48,40,24,32,16,48,24,88,40
340,48,32,40,48,8,16,40,32,72,64,24,8,24,40,16,40,32,42,32,40,40,8,48,48,40,24,32,16,48,24,88,40
341,48,32,40,48,8,16,40,32,72,64,24,8,24,40,16,40,32,42,32,40,40,8,48,48,40,24,32,16,48,24,88,40
342,48,32,40,48,8,16,40,32,72,64,24,8,24,40,16,40,32,42,32,40,40,8,48,48,40,24,32,16,48,24,88,40
343,48,32,40,48,8,16,40,32,72,64,24,8,24,40,16,40,32,42,32,40,40,8,48,48,40,24,32,16,48,24,88,40
344,48,32,40,48,8,16,40,32,72,64,24,8,24,40,16,40,32,42,32,40,40,8,48,48,40,24,32,16,48,24,88,40
345,48,32,40,48,8,16,40,32,72,64,24,8,24,40,16,40,32,42,32,40,40,8,48,48,40,24,32,16,48,24,88,40
346,48,32,40,48,8,16,40,32,72,64,24,8,24,40,16,40,32,42,32,40,40,8,48,48,40,24,32,16,48,24,88,40
347,48,32,40,48,8,16,40,32,72,64,24,8,24,40,16,40,32,42,32,40,40,8,48,48,40,24,32,16,48,24,88,40
348,48,32,40,48,8,16,40,32,72,64,24,8,24,40,16,40,32,42,32,40,40,8,48,48,40,24,32,16,48,24,88,40
349,48,32,40,48,8,16,40,32,72,64,24,8,24,40,16,40,32,42,32,40,40,8,48,48,40,24,32,16,48,24,88,40
350,48,32,40,48,8,16,40,32,72,64,24,8,24,40,16,40,32,42,32,40,40,8,48,48,40,24,32,16,48,24,88,40
351,48,32,40,48,8,16,40,32,72,64,24,8,24,40,16,40,32,42,32,40,40,8,48,48,40,24,32,16,48,24,88,40
352,48,32,40,48,8,16,40,32,72,64,24,8,24,40,16,40,32,42,32,40,40,8,48,48,40,24,32,16,48,24,88,40
353,48,32,40,48,8,16,40,32,72,64,24,8,24,40,16,40,32,42,32,40,40,8,48,48,40,24,32,16,48,24,88,40
354,48,32,40,48,8,16,40,32,72,64,24,8,24,40,16,40,32,42,32,40,40,8,48,48,40,24,32,16,48,24,88,40
355,48,32,40,48,8,16,40,32,72,64,24,8,24,40,16,40,32,42,32,40,40,8,48,48,40,24,32,16,48,24,88,40
356,48,32,40,48,8,16,40,32,72,64,24,8,24,40,16,40,32,42,32,40,40,8,48,48,40,24,32,16,48,24,88,40
357,48,32,40,48,8,16,40,32,72,64,24,8,24,40,16,40,32,42,32,40,40,8,48,48,40,24,32,16,48,24,88,40
358,48,32,40,48,8,16,40,32,72,64,24,8,24,40,16,40,32,42,32,40,40,8,48,48,40,24,32,16,48,24,88,40
359,48,32,40,48,8,16,40,32,72,64,24,8,24,40,16,40,32,42,32,40,40,8,48,48,40,24,32,16,48,24,88,40
360,48,32,40,48,8,16,40,32,72,64,24,8,24,40,16,40,32,42,32,40,40,8,48,48,40,24,32,16,48,24,88,40
361,48,32,40,48,8,16,40,32,72,64,24,8,24,40,16,40,32,42,32,40,40,8,48,48,40,24,32,16,48,24,88,40
362,48,32,40,48,8,16,40,32,72,64,24,8,24,40,16,40,32,42,32,40,40,8,48,48,40,24,32,16,48,24,88,40
363,48,32,40,48,8,16,40,32,72,64,24,8,24,40,16,40,32,42,32,40,40,8,48,48,40,24,32,16,48,24,88,40
364,48,32,40,48,8,16,40,32,72,64,24,8,24,40,16,40,32,42,32,40,40,8,48,48,40,24,32,16,48,24,88,40
365,48,32,40,48,8,16,40,32,72,64,24,8,24,40,16,40,32,42,32,40,40,8,48,48,40,24,32,16,48,24,88,40
366,48,32,40,48,8,16,40,32,72,64,24,8,24,40,16,40,32,42,32,40,40,8,48,48,40,24,32,16,48,24,88,40
367,48,32,40,48,8,16,40,32,72,64,24,8,24,40,16,40,32,42,32,40,40,8,48,48,40,24,32,16,48,24,88,40
368,48,32,40,48,8,16,40,32,72,64,24,8,24,40,16,40,32,42,32,40,40,8,48,48,40,24,32,16,48,24,88,40
369,48,32,40,48,8,16,40,32,72,64,24,8,24,40,16,40,32,42,32,40,40,8,48,48,40,24,32,16,48,24,88,40
370,48,32,40,48,8,16,40,32,72,64,24,8,24,40,16,40,32,42,32,40,40,8,48,48,40,24,32,16,48,24,88,40
371,48,32,40,48,8,16,40,32,72,64,24,8,24,40,16,40,32,42,32,40,40,8,48,48,40,24,32,16,48,24,88,40
372,48,32,40,48,8,16,40,32,72,64,24,8,24,40,16,40,32,42,32,40,40,8,48,48,40,24,32,16,48,24,88,40
373,48,32,40,48,8,16,40,32,72,64,24,8,24,40,16,40,32,42,32,40,40,8,48,48,40,24,32,16,48,24,88,40
374,48,32,40,48,8,16,40,32,72,64,24,8,24,40,16,40,32,42,32,40,40,8,48,48,40,24,32,16,48,24,88,40
375,48,32,40,48,8,16,40,32,72,64,24,8,24,40,16,40,32,42,32,40,40,8,48,48,40,24,32,16,48,24,88,40
376,48,32,40,48,8,16,40,32,72,64,24,8,24,40,16,40,32,42,32,40,40,8,48,48,40,24,32,16,48,24,88,40
377,48,32,40,48,8,16,40,32,72,64,24,8,24,40,16,40,32,42,32,40,40,8,48,48,40,24,32,16,48,24,88,40
378,48,32,40,48,8,16,40,32,72,64,24,8,24,40,16,40,32,42,32,40,40,8,48,48,40,24,32,16,48,24,88,40
379,48,32,40,48,8,16,40,32,72,64,24,8,24,40,16,40,32,42,32,40,40,8,48,48,40,24,32,16,48,24,88,40
380,48,32,40,48,8,16,40,32,72,64,24,8,24,40,16,40,32,42,32,40,40,8,48,48,40,24,32,16,48,24,88,40
381,48,32,40,48,8,16,40,32,72,64,24,8,24,40,16,40,32,42,32,40,40,8,48,48,40,24,32,16,48,24,88,40
382,48,32,40,48,8,16,40,32,72,64,24,8,24,40,16,40,32,42,32,40,40,8,48,48,40,24,32,16,48,24,88,40
383,48,32,40,48,8,16,40,32,72,64,24,8,24,40,16,40,32,42,32,40,40,8,48,48,40,24,32,16,48,24,88,40
384,48,32,40,48,8,16,40,32,72,64,24,8,24,40,16,40,32,42,32,40,40,8,48,48,40,24,32,16,48,24,88,40
385,48,32,40,48,8,16,40,32,72,64,24,8,24,40,16,40,32,42,32,40,40,8,48,48,40,24,32,16,48,24,88,40
386,48,32,40,48,8,16,40,32,72,64,24,8,24,40,16,40,32,42,32,40,40,8,48,48,40,24,32,16,48,24,88,40
387,48,32,40,48,8,16,40,32,72,64,24,8,24,40,16,40,32,42,32,40,40,8,48,48,40,24,32,16,48,24,88,40
388,48,32,40,48,8,16,40,32,72,64,24,8,24,40,16,40,32,42,32,40,40,8,48,48,40,24,32,16,48,24,88,40
389,48,32,40,48,8,16,40,32,72,64,24,8,24,40,16,40,32,42,32,40,40,8,48,48,40,24,32,16,48,24,88,40
390,48,32,40,48,8,16,40,32,72,64,24,8,24,40,16,40,32,42,32,40,40,8,48,48,40,24,32,16,48,24,88,40
391,48,32,40,48,8,16,40,32,72,64,24,8,24,40,16,40,32,42,32,40,40,8,48,48,40,24,32,16,48,24,88,40
392,48,32,40,48,8,16,40,32,72,64,24,8,24,40,16,40,32,42,32,40,40,8,48,48,40,24,32,16,48,24,88,40
393,48,32,40,48,8,16,40,32,72,64,24,8,24,40,16,40,32,42,32,40,40,8,48,48,40,24,32,16,48,24,88,40
394,48,32,40,48,8,16,40,32,72,64,24,8,24,40,16,40,32,42,32,40,40,8,48,48,40,24,32,16,48,24,88,40
395,48,32,40,48,8,16,40,32,72,64,24,8,24,40,16,40,32,42,32,40,40,8,48,48,40,24,32,16,48,24,88,40
396,48,32,40,48,8,16,40,32,72,64,24,8,24,40,16,40,32,42,32,40,40,8,48,48,40,24,32,16,48,24,88,40
397,48,32,40,48,8,16,40,32,72,64,24,8,24,40,16,40,32,42,32,40,40,8,48,48,40,24,32,16,48,24,88,40
398,48,32,40,48,8,16,40,32,72,64,24,8,24,40,16,40,32,42,32,40,40,8,48,48,40,24,32,16,48,24,88,40
399,48,32,40,48,8,16,40,32,72,64,24,8,24,40,16,40,32,42,32,40,40,8,48,48,40,24,32,16,48,24,88,40
400,48,32,40,48,8,16,40,32,72,64,24,8,24,40,16,40,32,42,32,40,40,8,48,48,40,24,32,16,48,24,88,40
401,48,32,40,48,8,16,40,32,72,64,24,8,24,40,16,40,32,42,32,40,40,8,48,48,40,24,32,16,48,24,88,40
402,48,32,40,48,8,16,40,32,72,64,24,8,24,40,16,40,32,42,32,40,40,8,48,48,40,24,32,16,48,24,88,40
403,48,32,40,48,8,16,40,32,72,64,24,8,24,40,16,40,32,42,32,40,40,8,48,48,40,24,32,16,48,24,88,40
404,48,32,40,48,8,16,40,32,72,64,24,8,24,40,16,40,32,42,32,40,40,8,48,48,40,24,32,16,48,24,88,40
405,48,32,40,48,8,16,40,32,72,64,24,8,24,40,16,40,32,42,32,40,40,8,48,48,40,24,32,16,48,24,88,40
406,48,32,40,48,8,16,40,32,72,64,24,8,24,40,16,40,32,42,32,40,40,8,48,48,40,24,32,16,48,24,88,40
407,48,32,40,48,8,16,40,32,72,64,24,8,24,40,16,40,32,42,32,40,40,8,48,48,40,24,32,16,48,24,88,40
408,48,32,40,48,8,16,40,32,72,64,24,8,24,40,16,40,32,42,32,40,40,8,48,48,40,24,32,16,48,24,88,40
409,48,32,40,48,8,16,40,32,72,64,24,8,24,40,16,40,32,42,32,40,40,8,48,48,40,24,32,16,48,24,88,40
410,48,32,40,48,8,16,40,32,72,64,24,8,24,40,16,40,32,42,32,40,40,8,48,48,40,24,32,16,48,24,88,40
411,48,32,40,48,8,16,40,32,72,64,24,8,24,40,16,40,32,42,32,40,40,8,48,48,40,24,32,16,48,24,88,40
412,48,32,40,48,8,16,40,32,72,64,24,8,24,40,16,40,32,42,32,40,40,8,48,48,40,24,32,16,48,24,88,40
413,48,32,40,48,8,16,40,32,72,64,24,8,24,40,16,40,32,42,32,40,40,8,48,48,40,24,32,16,48,24,88,40
414,48,32,40,48,8,16,40,32,72,64,24,8,24,40,16,40,32,42,32,40,40,8,48,48,40,24,32,16,48,24,88,40
415,48,32,40,48,8,16,40,32,72,64,24,8,24,40,16,40,32,42,32,40,40,8,48,48,40,24,32,16,48,24,88,40
416,48,32,40,48,8,16,40,32,72,64,24,8,24,40,16,40,32,42,32,40,40,8,48,48,40,24,32,16,48,24,88,40
417,48,32,40,48,8,16,40,32,72,64,24,8,24,40,16,40,32,42,32,40,40,8,48,48,40,24,32,16,48,24,88,40
418,48,32,40,48,8,16,40,32,72,64,24,8,24,40,16,40,32,42,32,40,40,8,48,48,40,24,32,16,48,24,88,40
419,48,32,40,48,8,16,40,32,72,64,24,8,24,40,16,40,32,42,32,40,40,8,48,48,40,24,32,16,48,24,88,40
420,48,32,40,48,8,16,40,32,72,64,24,8,24,40,16,40,32,42,32,40,40,8,48,48,40,24,32,16,48,24,88,40
421,48,32,40,48,8,16,40,32,72,64,24,8,24,40,16,40,32,42,32,40,40,8,48,48,40,24,32,16,48,24,88,40
422,48,32,40,48,8,16,40,32,72,64,24,8,24,40,16,40,32,42,32,40,40,8,48,48,40,24,32,16,48,24,88,40
423,48,32,40,48,8,16,40,32,72,64,24,8,24,40,16,40,32,42,32,40,40,8,48,48,40,24,32,16,48,24,88,40
424,48,32,40,48,8,16,40,32,72,64,24,8,24,40,16,40,32,42,32,40,40,8,48,48,40,24,32,16,48,24,88,40
425,48,32,40,48,8,16,40,32,72,64,24,8,24,40,16,40,32,42,32,40,40,8,48,48,40,24,32,16,48,24,88,40
426,48,32,40,48,8,16,40,32,72,64,24,8,24,40,16,40,32,42,32,40,40,8,48,48,40,24,32,16,48,24,88,40
427,48,32,40,48,8,16,40,32,72,64,24,8,24,40,16,40,32,42,32,40,40,8,48,48,40,24,32,16,48,24,88,40
428,48,32,40,48,8,16,40,32,72,64,24,8,24,40,16,40,32,42,32,40,40,8,48,48,40,24,32,16,48,24,88,40
429,48,32,40,48,8,16,40,32,72,64,24,8,24,40,16,40,32,42,32,40,40,8,48,48,40,24,32,16,48,24,88,40
430,48,32,40,48,8,16,40,32,72,64,24,8,24,40,16,40,32,42,32,40,40,8,48,48,40,24,32,16,48,24,88,40
431,48,32,40,48,8,16,40,32,72,64,24,8,24,40,16,40,32,42,32,40,40,8,48,48,40,24,32,16,48,24,88,40
432,48,32,40,48,8,16,40,32,72,64,24,8,24,40,16,40,32,42,32,40,40,8,48,48,40,24,32,16,48,24,88,40
433,48,32,40,48,8,16,40,32,72,64,24,8,24,40,16,40,32,42,32,40,40,8,48,48,40,24,32,16,48,24,88,40
434,48,32,40,48,8,16,40,32,72,64,24,8,24,40,16,40,32,42,32,40,40,8,48,48,40,24,32,16,48,24,88,40
435,48,32,40,48,8,16,40,32,72,64,24,8,24,40,16,40,32,42,32,40,40,8,48,48,40,24,32,16,48,24,88,40
436,48,32,40,48,8,16,40,32,72,64,24,8,24,40,16,40,32,42,32,40,40,8,48,48,40,24,32,16,48,24,88,40
437,48,32,40,48,8,16,40,32,72,64,24,8,24,40,16,40,32,42,32,40,40,8,48,48,40,24,32,16,48,24,88,40
438,48,32,40,48,8,16,40,32,72,64,24,8,24,40,16,40,32,42,32,40,40,8,48,48,40,24,32,16,48,24,88,40
439,48,32,40,48,8,16,40,32,72,64,24,8,24,40,16,40,32,42,32,40,40,8,48,48,40,24,32,16,48,24,88,40
440,48,32,40,48,8,16,40,32,72,64,24,8,24,40,16,40,32,42,32,40,40,8,48,48,40,24,32,16,48,24,88,40
441,48,32,40,48,8,16,40,32,72,64,24,8,24,40,16,40,32,42,32,40,40,8,48,48,40,24,32,16,48,24,88,40
442,48,32,40,48,8,16,40,32,72,64,24,8,24,40,16,40,32,42,32,40,40,8,48,48,40,24,32,16,48,24,88,40
443,48,32,40,48,8,16,40,32,72,64,24,8,24,40,16,40,32,42,32,40,40,8,48,48,40,24,32,16,48,24,88,40
444,48,32,40,48,8,16,40,32,72,64,24,8,24,40,16,40,32,42,32,40,40,8,48,48,40,24,32,16,48,24,88,40
445,48,32,40,48,8,16,40,32,72,64,24,8,24,40,16,40,32,42,32,40,40,8,48,48,40,24,32,16,48,24,88,40
446,48,32,40,48,8,16,40,32,72,64,24,8,24,40,16,40,32,42,32,40,40,8,48,48,40,24,32,16,48,24,88,40
447,48,32,40,48,8,16,40,32,72,64,24,8,24,40,16,40,32,42,32,40,40,8,48,48,40,24,32,16,48,24,88,40
448,48,32,40,48,8,16,40,32,72,64,24,8,24,40,16,40,32,42,32,40,40,8,48,48,40,24,32,16,48,24,88,40
449,48,32,40,48,8,16,40,32,72,64,24,8,24,40,16,40,32,42,32,40,40,8,48,48,40,24,32,16,48,24,88,40
450,48,32,40,48,8,16,40,32,72,64,24,8,24,40,16,40,32,42,32,40,40,8,48,48,40,24,32,16,48,24,88,40
451,48,32,40,48,8,16,40,32,72,64,24,8,24,40,16,40,32,42,32,40,40,8,48,48,40,24,32,16,48,24,88,40
452,48,32,40,48,8,16,40,32,72,64,24,8,24,40,16,40,32,42,32,40,40,8,48,48,40,24,32,16,48,24,88,40
453,48,32,40,48,8,16,40,32,72,64,24,8,24,40,16,40,32,42,32,40,40,8,48,48,40,24,32,16,48,24,88,40
454,48,32,40,48,8,16,40,32,72,64,24,8,24,40,16,40,32,42,32,40,40,8,48,48,40,24,32,16,48,24,88,40
455,48,32,40,48,8,16,40,32,72,64,24,8,24,40,16,40,32,42,32,40,40,8,48,48,40,24,32,16,48,24,88,40
456,48,32,40,48,8,16,40,32,72,64,24,8,24,40,16,40,32,42,32,40,40,8,48,48,40,24,32,16,48,24,88,40
457,48,32,40,48,8,16,40,32,72,64,24,8,24,40,16,40,32,42,32,40,40,8,48,48,40,24,32,16,48,24,88,40
458,48,32,40,48,8,16,40,32,72,64,24,8,24,40,16,40,32,42,32,40,40,8,48,48,40,24,32,16,48,24,88,40
459,48,32,40,48,8,16,40,32,72,64,24,8,24,40,16,40,32,42,32,40,40,8,48,48,40,24,32,16,48,24,88,40
460,48,32,40,48,8,16,40,32,72,64,24,8,24,40,16,40,32,42,32,40,40,8,48,48,40,24,32,16,48,24,88,40
461,48,32,40,48,8,16,40,32,72,64,24,8,24,40,16,40,32,42,32,40,40,8,48,48,40,24,32,16,48,24,88,40
462,48,32,40,48,8,16,40,32,72,64,24,8,24,40,16,40,32,42,32,40,40,8,48,48,40,24,32,16,48,24,88,40
463,48,32,40,48,8,16,40,32,72,64,24,8,24,40,16,40,32,42,32,40,40,8,48,48,40,24,32,16,48,24,88,40
464,48,32,40,48,8,16,40,32,72,64,24,8,24,40,16,40,32,42,32,40,40,8,48,48,40,24,32,16,48,24,88,40
465,48,32,40,48,8,16,40,32,72,64,24,8,24,40,16,40,32,42,32,40,40,8,48,48,40,24,32,16,48,24,88,40
466,48,32,40,48,8,16,40,32,72,64,24,8,24,40,16,40,32,42,32,40,40,8,48,48,40,24,32,16,48,24,88,40
467,48,32,40,48,8,16,40,32,72,64,24,8,24,40,16,40,32,42,32,40,40,8,48,48,40,24,32,16,48,24,88,40
468,48,32,40,48,8,16,40,32,72,64,24,8,24,40,16,40,32,42,32,40,40,8,48,48,40,24,32,16,48,24,88,40
469,48,32,40,48,8,16,40,32,72,64,24,8,24,40,16,40,32,42,32,40,40,8,48,48,40,24,32,16,48,24,88,40
470,48,32,40,48,8,16,40,32,72,64,24,8,24,40,16,40,32,42,32,40,40,8,48,48,40,24,32,16,48,24,88,40
471,48,32,40,48,8,16,40,32,72,64,24,8,24,40,16,40,32,42,32,40,40,8,48,48,40,24,32,16,48,24,88,40
472,48,32,40,48,8,16,40,32,72,64,24,8,24,40,16,40,32,42,32,40,40,8,48,48,40,24,32,16,48,24,88,40
473,48,32,40,48,8,16,40,32,72,64,24,8,24,40,16,40,32,42,32,40,40,8,48,48,40,24,32,16,48,24,88,40
474,48,32,40,48,8,16,40,32,72,64,24,8,24,40,16,40,32,42,32,40,40,8,48,48,40,24,32,16,48,24,88,40
475,48,32,40,48,8,16,40,32,72,64,24,8,24,40,16,40,32,42,32,40,40,8,48,48,40,24,32,16,48,24,88,40
476,48,32,40,48,8,16,40,32,72,64,24,8,24,40,16,40,32,42,32,40,40,8,48,48,40,24,32,16,48,24,88,40
477,48,32,40,48,8,16,40,32,72,64,24,8,24,40,16,40,32,42,32,40,40,8,48,48,40,24,32,16,48,24,88,40
478,48,32,40,48,8,16,40,32,72,64,24,8,24,40,16,40,32,42,32,40,40,8,48,48,40,24,32,16,48,24,88,40
479,48,32,40,48,8,16,40,32,Null,Null,Null,Null,Null,Null,Null,Null,32,42,32,40,40,8,48,48,Null,Null,Null,Null,Null,Null,Null,Null
480,Null,Null,Null,Null,Null,Null,Null,Null,Null,Null,Null,Null,Null,Null,Null,Null,32,42,32,40,40,8,48,48,Null,Null,Null,Null,Null,Null,Null,Null