op_queue_ops,ceph01_ceph-osd.0.asok.txt,ceph01_ceph-osd.1.asok.txt,ceph01_ceph-osd.2.asok.txt,ceph01_ceph-osd.3.asok.txt,ceph01_ceph-osd.4.asok.txt,ceph01_ceph-osd.5.asok.txt,ceph01_ceph-osd.6.asok.txt,ceph01_ceph-osd.7.asok.txt,ceph02_ceph-osd.10.asok.txt,ceph02_ceph-osd.11.asok.txt,ceph02_ceph-osd.12.asok.txt,ceph02_ceph-osd.13.asok.txt,ceph02_ceph-osd.14.asok.txt,ceph02_ceph-osd.15.asok.txt,ceph02_ceph-osd.8.asok.txt,ceph02_ceph-osd.9.asok.txt,ceph03_ceph-osd.16.asok.txt,ceph03_ceph-osd.17.asok.txt,ceph03_ceph-osd.18.asok.txt,ceph03_ceph-osd.19.asok.txt,ceph03_ceph-osd.20.asok.txt,ceph03_ceph-osd.21.asok.txt,ceph03_ceph-osd.22.asok.txt,ceph03_ceph-osd.23.asok.txt,ceph04_ceph-osd.24.asok.txt,ceph04_ceph-osd.25.asok.txt,ceph04_ceph-osd.26.asok.txt,ceph04_ceph-osd.27.asok.txt,ceph04_ceph-osd.28.asok.txt,ceph04_ceph-osd.29.asok.txt,ceph04_ceph-osd.30.asok.txt,ceph04_ceph-osd.31.asok.txt
0,0,0,0,0,0,0,0,0,0,2,0,0,0,0,0,0,0,0,0,4,0,2,0,2,0,0,0,0,0,0,0,0
1,272,249,526,316,275,542,416,444,313,28,197,153,412,500,4,160,829,674,133,68,88,282,201,28,528,459,109,243,392,570,278,12
2,607,696,1111,1311,1311,1751,1243,1358,2,16,858,304,10,215,249,118,642,172,37,115,27,50,383,379,1538,1669,627,2099,1597,920,940,375
3,1275,1797,3025,2918,3391,3820,1290,2272,1215,1260,1783,1647,819,936,1475,1024,2773,1619,891,991,918,1789,1191,1247,4046,4229,3170,5215,4375,3131,3573,3339
4,5995,6433,7381,6850,6907,7393,4125,5415,4440,3809,4686,4801,3630,4564,4538,3702,6047,4044,4702,4364,3600,4665,3664,4417,7038,7424,5949,8331,8586,8110,7984,7401
5,5566,6974,8311,7551,6510,7575,6093,7772,6567,5797,7174,6637,3596,4860,8057,6692,5931,3693,4630,4729,3667,4822,3901,4611,8715,9288,4861,7346,11058,10105,9357,9586
6,5151,6567,8831,8432,7007,8204,5984,8733,5931,5217,9963,9131,7473,9368,10243,8575,10238,7188,5757,6017,3632,4813,6363,7081,9110,10425,4249,6919,13665,12388,11506,11604
7,4920,6698,10343,9827,9264,11089,5477,8152,5322,5357,9563,8900,8877,11028,10468,7647,11680,7886,7223,7678,6962,7957,10264,11002,9483,11363,4122,6880,13255,12402,11950,11906
8,6003,7854,11583,10839,9010,11331,4732,7696,4739,4507,8913,8678,9622,12712,11516,7951,10719,6760,7548,7192,8673,10300,10600,12159,12068,14518,7475,10647,16473,15650,14518,14414
9,9580,12337,15510,14739,9666,12269,5029,8431,5332,5194,11238,10633,11590,14779,13042,9502,12054,7423,9193,9443,10307,11595,12588,13840,14166,17429,7579,11131,19372,18386,17415,17243
10,4833,8302,12305,11273,11129,14078,7258,10600,3358,3374,9860,7800,7625,11243,15037,11252,10647,5366,6328,6123,6882,8247,10427,11800,10599,14086,4918,8420,16192,14980,15315,15616
11,3742,7096,12537,11461,10968,13940,7329,11487,5140,4653,10944,10226,8611,12560,13781,9914,12459,6765,6312,5163,7191,8332,8964,10494,9864,13043,4222,7954,15503,14141,15206,15094
12,4548,8206,13427,10935,10101,13851,6838,11095,5290,5346,10190,10236,10769,15392,12612,8726,13064,6664,8854,8663,9240,10540,10506,11885,9362,13900,3393,7897,16707,15057,15206,15062
13,1199,5661,10621,9155,7586,11146,4490,9044,3132,2931,8644,7634,9475,14588,12103,7681,12372,5008,7374,7728,7275,9020,10475,12297,12484,16541,3287,8000,17742,17020,14295,14118
14,1620,4639,11606,9978,3932,8338,622,5838,10,0,5848,5155,6864,11889,8866,4598,10030,2418,4330,4551,4830,6870,8154,10154,10197,14570,1349,6600,15305,14352,15913,16048
15,2728,6071,11109,9113,6640,11736,571,6669,405,53,6094,5160,6954,12392,11637,7375,10639,2386,4495,4333,4894,6699,8177,10399,9546,14600,937,6457,15573,14498,15640,16000
16,1546,5296,10110,7613,4932,10551,1922,8516,1990,1616,7954,7247,4640,10518,10577,6261,8765,827,2752,2422,3501,4819,6900,8384,8049,13699,715,5143,14156,12712,14362,15136
17,1856,5936,10765,8427,4761,11182,2517,9971,1815,1791,7767,7214,7571,13564,10449,5399,11252,3061,5042,3939,3654,5905,6007,7599,8998,14698,2269,5573,14688,12637,15739,16155
18,26,4047,9169,6398,3354,10199,897,8331,934,1340,7487,5996,7627,14298,10092,4599,10488,1853,4861,3788,6378,8181,9169,11162,6953,13061,0,3728,15292,13185,14102,14449
19,797,1111,8119,3848,836,6875,791,5308,258,599,3853,1541,3278,10785,6829,1326,6696,57,950,1,3248,5374,5655,7952,6563,13240,2089,3350,12778,11963,13158,13474
20,2367,2790,7955,5596,761,5152,807,3853,1,28,1928,0,2202,9499,7517,230,6407,227,171,309,2115,4141,4418,7178,4575,12986,665,2549,12476,11681,13223,13884
21,0,214,5331,2530,1614,5790,1127,3326,4,6,2986,315,1074,8800,7251,718,5968,249,268,204,1420,3775,3815,6181,1700,10733,41,334,11113,9587,11149,12443
22,1698,1900,5183,1920,1949,5960,1960,3122,3321,3676,2238,4076,1945,7012,5459,2176,3888,1770,2207,1434,1871,1919,1591,4017,1863,10224,1772,1892,10822,8665,10589,12001
23,2332,2458,5378,2585,3004,6893,2645,4378,3674,4558,2826,4818,5858,11318,6264,2716,7110,5360,5989,5567,2382,2638,2563,4892,2014,11048,2568,3200,12858,9561,11456,13275
24,1362,1650,4078,1508,1565,6341,1644,3094,3195,3959,1668,4184,5112,11427,5413,1794,6537,3423,4030,4305,4038,3978,4920,7161,1913,10642,1409,1597,13087,11985,10225,12386
25,264,265,2792,2122,44,1355,440,135,54,41,0,30,389,7404,801,0,2937,512,653,1613,1480,1805,2229,4749,474,9749,612,703,8689,7415,9041,10823
26,2709,2702,2659,1895,536,1144,677,588,206,203,258,104,184,7253,2364,1695,2555,224,370,810,415,1351,1223,4150,567,10455,340,1007,8305,7615,10054,11384
27,128,164,189,67,344,672,1497,1309,656,494,157,1356,469,4422,188,196,56,176,159,150,32,141,120,1159,76,7013,133,106,5236,4173,7024,8840
28,858,1064,1414,1211,1201,1216,2195,2158,3342,3527,2010,1571,1799,5644,1627,1425,2663,2445,2114,1640,1509,2132,1688,1683,301,7331,644,1012,5563,4820,7948,9779
29,1364,1517,1855,1450,1558,1310,1491,1570,2234,1554,1225,1279,3781,8490,1329,1115,2548,1990,3516,3402,1376,1232,1504,1265,1314,6528,1246,1078,6408,5942,7579,9202
30,703,2071,3547,1045,801,1600,1360,1861,2594,2132,1554,2000,4265,9613,2175,1841,2957,1965,3808,3782,4278,4714,4709,4821,1416,7657,431,1241,5779,5818,8295,9576
31,856,589,2087,2926,451,749,728,400,98,399,195,67,2352,7607,140,383,444,38,1364,1020,1507,2462,2211,2801,1923,8404,1327,2267,3342,3730,8707,10589
32,1270,1649,358,757,469,429,443,588,106,120,1585,435,357,5589,1400,1715,10,0,200,5,619,1451,1167,2340,119,7088,172,807,1629,1655,8176,9327
33,437,945,823,1012,2152,2425,1975,2355,2109,1309,1265,2422,1238,5232,873,946,1257,1055,1330,1282,918,1229,1523,1514,1116,6433,864,899,544,752,7618,8878
34,95,1045,1078,673,1641,2598,1608,2168,2580,3042,1983,3084,1268,5698,347,22,2159,1929,2198,1214,731,1469,1908,2221,80,6228,361,947,130,567,8244,8615
35,341,674,386,500,505,963,736,804,765,998,1017,961,2413,8071,761,579,1786,1039,2758,2020,726,1266,1052,1447,104,4237,84,284,2204,1816,6814,6792
36,534,208,2091,2384,93,798,342,870,639,1027,749,898,863,6547,809,378,1331,768,807,1083,2560,2665,2700,3565,604,3014,280,916,896,1019,5895,5579
37,546,318,375,829,430,288,603,776,290,150,235,0,81,4937,172,275,254,86,271,24,1291,609,1297,2491,1766,4694,1864,2646,380,484,6947,6324
38,1039,991,1008,1081,637,1128,787,678,755,505,763,1338,435,1295,1906,773,98,257,11,252,101,16,0,0,989,2054,1099,1120,1260,1003,4308,3872
39,438,533,283,135,769,2084,1520,1575,1792,1341,60,0,13,291,469,64,51,67,67,30,113,0,27,21,411,457,179,663,166,121,2835,2225
40,3158,3647,3451,3191,3331,5465,3989,4727,5658,5023,3433,3244,3325,4313,2838,3108,3764,3768,3225,4700,3572,3495,4085,3647,1980,3097,2614,3862,2523,3179,6685,5529
41,2827,3022,4515,2966,2488,5410,3224,4319,4440,4554,2634,1882,6815,8054,2396,2178,6220,5644,5552,7206,2687,2390,3128,2735,1970,2921,2576,4003,4923,6153,6153,5447
42,2009,2246,3662,5957,1942,4800,2058,3600,3399,3427,2261,2161,5960,7791,2302,2255,4965,4466,4202,6298,4867,4979,5412,4467,3301,2324,2931,3483,3668,5089,5480,4508
43,299,181,736,2787,380,1916,208,441,352,379,1042,692,3136,5562,219,353,2200,1643,1575,4318,2279,2497,2617,1774,884,3631,1841,3997,524,1437,5340,4389
44,2665,3437,2162,1897,1817,1962,1839,1666,1698,2499,1593,1592,2359,5151,3658,3006,2240,1806,2392,4154,2528,2402,2401,2138,1557,3830,2012,4666,2463,2104,5656,5211
45,1751,2554,1192,1287,3122,3534,4273,4129,2427,3169,1450,1345,2747,5664,3433,2847,2121,1112,1432,4243,2486,2539,2551,2279,27,3238,1453,4665,1660,2044,5963,5509
46,238,1886,811,60,2220,2190,3255,3618,3968,4401,579,706,1883,5125,2419,1499,4003,2656,1568,3543,1015,1281,1517,1470,64,2532,143,3497,928,1573,5324,4202
47,525,1275,1800,2839,1030,1776,2029,3118,2736,2515,1022,618,4023,7197,1619,876,3837,1919,3063,5337,1110,1079,1581,1176,1283,1367,788,2621,2668,3517,4528,3709
48,0,0,0,0,0,18,38,0,0,212,0,5,1466,4812,17,36,610,0,0,2344,1479,1342,1043,993,153,1966,1112,791,7,51,1746,1115
49,689,153,365,258,242,234,179,140,17,0,41,1408,19,3,1,1,79,6,34,0,0,2,0,3,5,0,180,186,100,22,1556,1632
50,1804,4404,1612,1767,1842,1774,1584,1863,1747,1862,1629,1781,1846,1556,3436,1499,2055,1422,1990,1352,1685,1829,2136,1525,1488,2308,1707,1750,1768,1444,1621,1366
51,2011,5270,1523,1982,5329,4977,4409,4015,3880,3263,1977,1967,1554,2292,3910,1899,2739,1512,2095,2224,2196,2050,2279,2364,1834,3439,1832,2250,2138,1743,2202,2650
52,1661,5236,4355,3242,5560,6140,4627,5034,4709,4769,3770,3185,2353,3443,4715,2867,5984,4095,3318,3144,2729,2794,3236,3244,2016,3929,3018,3998,3630,2976,3441,3706
53,123,4671,3236,3886,4100,5013,3831,4435,3683,3674,2175,1968,4538,5671,3300,1250,4620,2795,4549,4656,834,1424,2786,3180,1561,2675,1639,2616,5605,4418,3096,2162
54,110,2051,272,739,902,2080,671,1602,801,1189,1917,1249,2335,3062,1050,8,1790,88,1540,1881,793,1587,1814,1606,230,3111,1057,1540,3085,1610,912,91
55,1090,3618,267,341,305,1198,170,1254,843,664,1475,2042,1692,2359,852,294,1313,332,1523,1590,560,1372,744,1460,624,2723,1512,2011,1642,470,2743,2460
56,1204,2159,1537,1297,1156,1176,1352,2100,1715,1668,1564,1367,1456,1625,3397,2698,1670,1245,1565,1566,1386,1836,1406,1482,1252,1978,1251,1129,1392,1384,2395,2169
57,393,509,1217,649,1301,2032,1198,2827,2664,2373,548,409,264,549,1087,391,528,341,497,436,567,743,315,453,562,439,485,459,468,545,263,355
58,3,1,6,2079,12,23,32,661,570,114,21,0,327,387,0,31,1225,863,760,705,21,1,24,18,0,41,0,0,20,17,24,23
59,12,83,28,5,0,0,53,0,31,0,44,0,1,561,0,47,0,0,149,122,860,608,1769,2394,145,1572,84,3,3,348,3,0
60,513,178,104,145,168,145,108,95,138,43,775,1870,43,0,79,161,52,53,45,46,205,118,94,463,72,110,819,880,21,35,28,1
61,1807,3448,1810,1463,1409,1344,1219,1739,1478,1803,1707,957,1444,1094,1820,1353,1354,1450,1780,902,1115,1287,1081,1301,1415,1713,1347,1401,1342,2182,2361,2083
62,1723,4578,2133,2045,2009,1911,2596,3287,1616,1855,1755,1606,1831,2280,5702,4636,2227,1825,2391,2072,2411,2011,2226,2600,1520,2382,1978,2170,2516,2793,4008,3881
63,1488,2074,1209,1400,2750,2487,2264,3193,2470,2035,172,186,76,105,3579,1733,237,215,445,185,179,353,202,270,226,219,639,633,233,263,1550,1149
64,89,2249,940,875,2385,2173,2207,3444,2252,1884,189,256,2415,2387,2936,1320,2303,2017,2452,1935,13,18,18,84,1958,793,12,350,974,936,2328,1366
65,0,0,0,0,0,0,0,825,14,0,539,0,585,997,221,0,0,0,183,93,1115,1404,1272,494,0,922,1,6,37,0,7,9
66,1788,1325,466,431,465,506,512,504,536,466,352,1621,579,623,579,612,703,499,570,359,463,1061,393,635,517,583,3101,3299,341,336,520,619
67,2944,4476,2066,1646,924,1410,1319,1521,1571,1779,1596,2654,1358,2275,1946,1227,2160,1338,2284,1524,1549,2130,1607,2368,1010,1572,3734,4147,1436,1184,4397,4782
68,1755,2758,1315,978,319,1103,2291,2682,947,239,856,2080,737,2196,4964,3784,1985,1099,1725,1458,1491,1448,1880,1853,252,1904,3962,4110,1020,407,4660,5458
69,365,1198,2880,2485,1907,2309,2946,3703,2012,1666,130,468,216,1545,3638,1642,899,235,431,607,232,178,410,613,212,945,2538,2650,240,237,3811,4809
70,1,640,1504,1721,1459,1586,1877,3485,1165,1002,0,1,1337,2867,2033,18,2048,1001,555,536,0,0,2,0,20,2351,1381,1560,403,624,2400,3920
71,3,75,0,50,61,13,29,42,0,0,0,704,161,197,0,0,49,47,0,42,826,814,5,196,24,64,47,1,25,102,69,121
72,564,1410,354,165,101,62,315,0,176,191,159,70,110,7,145,162,138,183,0,143,137,130,0,0,70,0,1336,1280,0,0,0,0
73,2060,2932,1679,2003,1489,1701,1702,1807,1624,1416,1682,1539,1553,2030,1737,1063,1501,808,1566,1596,1597,2024,1661,1650,980,1548,2887,3177,1092,1011,4671,4636
74,3494,4195,3914,3425,3237,2942,4122,4802,3188,2872,3423,2988,3040,4325,6015,5069,3344,2454,3821,3231,3414,4032,3742,4057,3001,3595,4407,5507,3076,2859,7075,6734
75,2902,3856,6260,5408,4557,4697,5756,5866,4024,3043,3189,2518,2490,4874,6262,4992,3075,2083,3422,3334,3509,4723,4000,3968,3959,4346,4456,5527,2992,2039,7070,6897
76,30,640,3233,1882,1219,1383,2522,3154,2962,1896,1618,29,766,2914,2597,805,2065,889,2321,1904,1,575,50,122,514,3253,196,2096,506,551,3248,3187
77,302,269,951,1,1,0,479,1149,643,443,562,87,58,2146,995,2,0,0,46,15,1586,1527,1169,1514,0,1623,0,89,0,65,1579,824
78,1168,3050,1349,1173,700,1585,1138,1279,1431,1217,915,1002,679,2087,1197,575,1125,1197,1631,877,1703,1533,1374,1420,927,1215,1997,2286,793,934,1262,1295
79,1992,3712,1775,1631,896,1698,688,1889,1679,1364,1648,1281,968,2706,1552,1608,927,922,1518,1039,1697,2329,1201,877,1488,1287,3899,4328,1208,1007,5424,5020
80,705,2988,763,805,359,974,1046,1453,799,616,947,751,1092,2142,4349,4154,708,734,1434,1071,1555,1891,1819,887,1391,1026,2807,3795,920,1207,5461,5537
81,1018,1531,2025,2306,2050,2327,1262,2339,1783,1572,1166,850,927,1407,1941,1810,1704,1442,1432,1165,1465,1487,1642,1703,1179,2357,1126,2218,1284,1352,3415,3649
82,187,160,146,0,145,210,158,253,165,198,64,0,1248,1588,249,270,180,115,775,731,45,77,4,1,358,277,91,205,1237,1203,98,132
83,122,289,191,108,163,170,178,203,196,185,200,221,190,303,160,152,0,0,0,21,1249,860,198,197,1,269,157,227,190,206,183,179
84,4064,4105,4039,3701,3271,4155,3834,3834,3849,4104,3767,3378,3691,4623,4262,3058,3832,3645,4005,3725,5184,5646,4386,3863,3106,4358,3441,4052,3755,3734,4604,4112
85,5189,6011,5600,5180,3900,5671,5295,5348,5759,5596,5902,4383,5289,6843,5693,4767,5655,5174,6182,5332,6092,7002,5809,5592,4277,5688,7628,8295,4262,4859,8131,7277
86,3858,4950,4874,3896,2939,4624,4337,4864,4023,4112,4305,3531,3786,5477,7046,6421,5003,4015,5095,4414,5329,6553,4887,5211,5559,5672,6148,7215,3557,3877,7337,7079
87,0,0,1534,1832,1281,3321,2463,2885,1881,64,1685,283,0,941,1926,1518,1847,1416,972,781,1723,2888,789,1052,991,2693,1870,2409,0,2,3469,2582
88,1293,1551,1294,658,745,1408,1346,1368,876,1373,1227,1320,1943,2254,1012,1455,867,719,921,1147,851,877,1186,930,826,1066,1077,1035,1882,2140,1345,1387
89,41,1,66,9,59,4,59,75,3,134,0,77,0,62,0,22,3,0,2,0,121,129,1599,960,10,71,2,0,96,36,8,43
90,3365,3177,3037,3051,2830,3486,3068,3686,3561,3488,3047,2966,2805,3732,3471,2190,3026,2866,3762,3208,3996,5312,3710,3655,2930,3269,3292,3929,3808,3338,3302,3046
91,3496,3769,3806,3767,3218,4589,3905,4024,4154,4220,4152,3548,2943,4432,4066,2221,4302,3264,4292,3772,4976,5783,4951,4368,3679,3300,5718,6546,3679,3013,5934,5940
92,1341,1614,1763,1410,775,2480,1906,2256,1683,2392,1880,2048,922,2209,4432,2274,2688,1202,2635,1859,3146,4121,2993,2425,1377,4776,3508,4492,1702,1285,5019,4183
93,463,900,680,942,167,1236,581,1668,1639,341,281,412,490,569,546,218,1403,295,442,499,530,424,296,273,421,156,649,512,702,420,675,2
94,1526,1644,955,1454,1456,1575,1016,1487,1790,1561,1265,1421,2277,2386,1310,1090,566,508,1385,1830,260,482,197,431,1151,1606,1201,1309,2537,2411,907,1324
95,1482,1535,1375,1480,1082,1358,1723,1148,2073,970,1821,1370,2661,2852,1275,987,939,398,874,722,401,940,3512,3333,1610,1704,1391,1633,3064,2315,1464,1298
96,3406,4199,4394,3381,3825,5512,3896,4065,4266,3817,4158,3850,5251,5617,4252,3874,3077,2119,3120,3011,5842,6643,6346,5929,3768,5014,4245,4254,5260,6263,4101,3672
97,2500,3582,4019,2766,2504,4423,3178,3953,3004,2837,3828,3467,4350,5452,4222,3191,3517,2562,3727,3954,6434,6971,6976,6692,3899,5435,4952,5733,4024,3872,5545,5147
98,2897,3399,3560,2065,2075,4317,2277,3590,2075,3699,5012,4443,2998,4584,6191,4580,2510,1206,2660,2473,5137,5686,5695,5785,3158,5653,4769,5811,3416,3178,6309,5253
99,2138,4089,4883,2814,2927,5405,1357,3445,1873,2732,3297,2049,1054,2921,4819,3816,3859,2251,772,661,2542,2700,2881,3226,1347,4142,2985,5184,1803,1197,4417,3578
100,1271,3220,3461,1286,1059,4731,1048,3202,1137,1154,1534,840,2981,5409,3155,1638,2105,302,2838,2419,545,1668,1333,2096,862,2245,2185,3343,2892,2350,3897,1974
101,1561,2206,3146,1264,1919,4205,1492,3168,1690,1226,1337,1175,2233,5537,2510,1122,792,125,1809,1720,0,483,3600,4229,1890,2313,1763,3354,2431,1797,3855,1981
102,1824,2159,3598,1724,1485,4752,1654,4087,1726,2167,2269,1782,2296,6610,3106,1608,1977,1081,3404,2997,4711,5589,5554,5372,2822,2486,1657,3751,2896,2662,4053,2375
103,13,233,1195,7,79,2257,55,1781,14,200,135,2,224,4270,1276,1186,178,52,1788,824,3471,4207,3041,3803,1027,2943,1436,3586,138,424,4083,2769
104,649,1059,341,777,71,780,1010,1217,2241,1960,1116,1620,773,1444,721,599,0,0,17,40,776,898,470,1342,717,820,889,2149,1054,675,1566,1053
105,1807,1906,2310,2486,3534,3113,3757,4103,1219,2047,1518,1784,1377,1449,1873,1609,1136,606,314,320,319,523,436,427,1005,1590,1312,1715,1143,1247,1393,1415
106,2052,1654,1705,1585,1879,1762,1883,2204,1993,1622,1821,1144,3223,2979,2289,1326,0,0,2491,2930,0,1,13,0,1808,1417,1468,1589,2813,2584,988,1441
107,3717,4613,3801,3344,3572,3879,3663,4051,3600,3960,3236,2956,4705,5689,4583,3687,1609,1293,3314,4072,1876,1810,3919,3564,3514,3346,3751,3572,4268,4885,3655,3697
108,1814,2815,3030,1846,1779,3011,2687,3780,3531,2921,2327,2249,4114,5516,4044,2121,3146,2611,5276,5607,5622,5451,6107,5767,4240,5395,2711,3215,3877,4040,4049,3037
109,1658,1897,1390,60,15,1402,640,2298,1879,1004,459,19,2225,3408,3708,2204,963,35,3138,3226,4154,4321,3227,3982,1730,3436,2794,4266,1342,1970,5321,4370
110,289,1622,426,339,92,360,242,1064,2567,2074,1383,1773,430,1778,4196,681,150,133,1244,960,1827,2594,1153,2157,538,2472,1476,2489,379,965,3717,2887
111,1423,1586,2095,1774,3191,3055,2121,1537,1640,1453,1406,1147,970,1166,2228,1711,656,443,20,7,12,203,0,0,1192,1352,1291,1657,1293,956,1694,1559
112,1480,1498,1346,1568,1364,1815,1670,1241,2095,1644,1173,1779,2866,3416,2140,1466,854,444,2170,2134,610,933,764,531,1779,1765,1275,1959,4058,3341,1425,1162
113,747,2208,1985,1473,1719,2721,1585,2290,1700,1753,1636,1801,2890,3733,1706,1690,2055,2033,3696,3553,2093,2139,3095,3221,2968,2421,1833,1995,4152,3631,1838,1188
114,2169,1024,989,460,467,1463,949,1101,592,830,527,597,1264,3022,821,579,13,17,1229,1127,1461,1351,2444,3544,863,4839,1379,1709,3177,2676,1083,1057
115,354,1640,591,433,462,404,438,305,582,378,518,465,513,612,2168,1827,29,52,0,15,916,3,839,1806,456,1510,1365,1510,478,725,1053,520
116,572,1114,1610,915,499,890,1380,1327,1812,2087,1852,1705,1007,1159,1256,1048,2,17,1,66,2,12,29,98,893,1210,862,1196,784,978,1474,675
117,511,459,247,504,2016,1538,349,432,387,243,595,568,460,348,524,537,2,992,0,1,0,15,0,0,261,319,311,309,361,641,425,267
118,446,286,250,190,1038,1062,234,591,221,437,231,351,2588,2283,213,191,1034,601,1486,1474,563,1666,1340,1280,227,621,46,327,1221,1300,312,345
119,8,45,96,66,0,31,0,0,0,1,0,0,0,95,0,4,0,4,1061,834,3,340,738,1411,105,1096,0,0,153,122,49,5
120,2033,2176,1355,2221,1961,1811,2306,1704,1810,1702,1570,1674,1233,1744,1823,1603,86,17,86,119,1957,2023,142,146,1037,2438,1574,2191,1751,1822,2021,1877
121,2740,3547,3032,3716,2628,3302,3775,3503,3105,3329,2980,3322,3207,3998,4332,3573,1595,1240,2017,1850,3265,4728,1992,1502,1574,3413,5371,5976,2390,2868,4999,5864
122,139,907,52,487,104,633,587,1024,3106,3780,1893,1545,352,732,2194,1804,1643,931,1730,2105,3021,4942,2022,1615,164,534,2586,3301,200,273,2306,2981
123,72,243,1297,1287,1231,2353,2464,2967,2080,2878,2314,637,424,1181,1794,1682,2073,658,11,140,283,2699,18,42,182,294,1399,1960,197,63,1470,1882
124,7,0,925,867,1260,2023,2180,3529,772,1367,411,15,2922,2531,476,0,3828,1498,2207,2495,1737,4319,1863,1231,614,105,663,1340,1009,1152,737,1665
125,1684,1039,486,382,370,262,282,1621,193,595,388,425,1052,1098,293,277,7,32,602,1064,15,63,1627,1436,654,1858,394,946,502,449,746,735
126,2123,4369,1569,1103,1673,1675,1673,2768,1131,865,1694,1555,1574,2137,1634,1290,926,499,917,963,1867,2857,3297,2867,1648,2940,1658,1680,1683,1606,2181,1600
127,15,2164,497,335,256,365,416,1324,71,222,461,200,0,699,1638,1484,440,240,468,657,3454,2192,2657,1746,170,602,2591,2435,56,228,3304,3467
128,1896,2270,2303,1424,1387,2046,1950,1379,3406,3194,2255,1746,1947,2901,2419,1868,75,68,49,64,481,191,133,0,1793,1737,1719,2350,1629,1854,2455,2343
129,137,167,2188,2524,1681,2607,2813,2785,1381,1289,166,683,152,870,148,165,2609,2706,974,1336,1231,1434,1360,1423,218,184,152,517,224,213,445,569
130,17,57,1545,1174,402,1701,1696,2493,4,0,5,37,2290,3348,0,2,2259,1611,2013,2283,1339,1700,1136,1364,638,1094,17,3,1342,651,3,1
131,203,1133,0,16,0,1,0,187,0,0,209,0,78,409,1,0,0,75,836,375,190,446,884,1153,0,18,46,41,123,246,0,0
132,2397,2616,2635,2095,2023,1986,1742,2586,2639,2533,2254,2289,2183,2316,2259,2552,0,49,1,1,1465,1282,32,40,2289,2542,2493,2613,2390,2648,2357,2327
133,1765,1375,1872,1128,1528,1786,1955,2075,2397,1690,1713,1521,1402,2349,3260,2184,1755,1599,2062,1914,4175,4069,2062,2119,925,1351,3799,4374,1317,1533,5569,5476
134,1304,1955,1501,1533,1825,1817,1643,1525,5056,4454,4343,4265,914,1911,2887,1760,1776,687,1326,1224,3383,3590,1784,2269,1611,1642,3785,4158,1703,1211,6443,5302
135,115,269,1634,1487,1854,2058,3423,3610,3179,2151,2644,2016,153,1492,1137,93,3805,3175,1145,1422,3282,3813,1708,2685,1245,170,1350,2096,3,96,4791,3810
136,697,1140,1199,982,966,1162,861,1095,1139,1141,1235,890,960,2819,876,995,1135,4,586,1359,809,971,2,127,1167,1055,1094,1019,2015,1862,1359,1475
137,2604,4595,3265,2421,2651,3101,2785,2761,3564,3001,2575,2333,2321,4909,2928,2903,1374,1293,833,1172,1457,1511,2100,1956,2888,3965,3284,3481,4187,4238,3839,3920
138,5376,7278,5543,4921,4715,5182,4781,6611,5796,5190,4474,4162,4241,7901,5823,4646,2665,2088,1952,2604,4122,4368,5603,5810,4884,5899,5570,6349,6203,6405,6858,6085
139,3814,5805,3881,3589,3348,4035,4095,5574,4492,3666,4940,4203,2806,7433,6771,5760,4364,3534,3807,4616,8159,8294,7705,8062,2845,4123,6954,7971,4700,4255,8119,6956
140,3083,5047,4121,3230,1990,3313,2958,4913,7249,7115,5701,5026,1832,6924,6701,5274,4081,3050,1254,2056,5662,6059,4992,5861,1974,3502,6384,8322,4495,3864,8265,7156
141,1579,817,552,746,1412,2745,1681,3234,2998,2499,1571,789,143,3447,2358,367,5293,4182,1623,2147,5485,5916,5159,6549,104,1556,1511,3768,115,1,3853,2616
142,1290,2396,763,878,1034,2664,1376,2559,1885,2105,855,301,360,4338,1603,617,1024,17,1092,1077,1461,2286,906,2735,769,841,637,3283,2960,2554,3132,1386
143,1271,1489,1068,1135,1170,1123,551,1546,1405,1642,1433,759,919,2531,878,1437,0,0,575,776,702,1781,1245,3284,1450,1322,1100,1603,1706,1098,2557,974
144,507,518,469,310,420,1075,527,1380,678,575,480,684,474,2755,1994,1730,1063,705,1075,1340,2142,2131,3067,5288,375,628,570,1418,980,585,2099,949
145,1031,940,1418,1163,703,1172,1280,1443,1666,1309,1685,1987,1397,1694,931,2025,0,0,7,0,0,1900,387,3036,1243,1177,1223,1864,1479,1532,2025,3112
146,837,157,1708,1869,52,85,187,530,832,409,2406,2665,443,744,524,11,1797,1360,18,4,9,21,22,730,1752,416,478,195,433,291,674,666
147,53,511,131,472,293,569,118,623,254,44,154,131,25,814,125,379,1,202,70,63,12,7,0,1,189,206,283,109,106,183,186,113
148,939,1757,1318,1093,1203,1711,1651,1582,1709,1744,1580,1573,962,1650,1077,1110,248,260,1566,1629,224,489,77,507,1313,1457,1309,1471,1528,3474,1842,1639
149,2199,3072,2237,2532,2803,2623,2292,3070,2783,2737,2504,2739,1887,3293,2668,2268,1440,907,2016,2392,1745,1626,1293,1647,2152,3034,2236,2741,2558,3859,3091,3755
150,1975,3238,1989,2602,2199,2946,2621,3757,3279,2981,1994,2895,1760,4052,3933,4888,1735,1334,2109,2843,3930,3483,4246,4872,1735,2947,3746,3683,3054,4411,3134,4475
151,946,2353,990,964,887,1491,814,2996,1917,1131,1435,2341,1318,3510,2803,2385,1676,277,2080,2525,4413,4482,3814,5082,1270,1262,2647,4836,1500,2546,4878,6141
152,920,583,999,1060,581,882,1109,857,1904,867,752,1036,1180,1258,749,737,2758,1908,1140,1144,2749,3415,2485,3878,1071,2326,746,1703,898,1053,2009,2406
153,85,500,322,370,1181,1198,504,1422,300,194,556,168,462,1244,366,443,464,356,486,394,438,998,267,1155,31,64,136,142,1456,1216,246,647
154,2015,2399,2496,2036,2318,3280,2325,4035,2844,2798,2495,2336,2154,2761,2452,1729,176,570,2033,2093,126,270,189,32,2551,2455,2539,3184,4965,4226,2411,2833
155,2862,3077,4042,2328,2967,4323,2939,5048,3423,3720,3617,3348,2941,4688,4547,1746,3059,3462,4966,4810,3265,2431,3759,2690,2618,2989,3535,3240,5548,5301,3823,4569
156,1483,1726,2566,1382,1524,3459,2066,3756,1458,3169,3030,1628,2054,3390,3610,4176,3445,2985,4538,4459,5577,5388,5917,5404,1102,1764,4697,5052,3870,3346,1932,3771
157,1984,428,1484,469,5,2197,469,3052,442,1812,2287,768,1403,3186,2024,2268,3739,2115,4570,3325,5801,4635,5038,4375,1995,1588,3546,4319,2545,2477,5108,6154
158,10,615,13,10,21,10,1304,1165,0,323,171,0,2,2571,2,10,4145,2670,2020,1352,3220,2824,3357,2561,21,12,21,18,2,0,1256,2323
159,39,83,38,30,1380,1539,3,215,12,5,77,48,8,99,33,81,382,149,86,47,63,296,16,0,29,11,0,0,847,1228,132,62
160,2616,2900,2719,2397,2928,3143,2882,2583,3167,2660,3141,2648,2593,3031,2668,2795,31,66,1609,1834,177,145,39,11,2415,2577,2763,2977,5021,4310,2858,2972
161,306,191,221,131,205,335,103,174,161,203,366,346,523,528,475,1181,2834,2108,3857,4041,2836,3146,3096,2654,13,14,11,0,1513,48,0,0
162,242,437,203,163,373,349,104,554,472,263,79,785,129,1592,729,675,796,836,1148,908,2161,1912,2378,2406,420,154,3304,2909,1011,39,39,153
163,102,106,1178,994,34,20,58,1,12,58,699,719,167,46,31,6,1142,700,1063,233,1949,1750,2502,2105,8,933,1,402,6,1,1128,614
164,1071,994,721,580,557,938,1635,868,1460,1006,1622,691,900,633,1000,1131,30,0,0,0,0,0,0,0,192,358,21,24,215,10,76,32
165,24,0,20,6,0,1,1,0,0,0,0,0,17,32,0,3,1509,1433,1438,1242,1407,1267,923,889,0,0,0,0,0,0,0,0
166,71,304,285,416,105,560,258,696,128,324,520,112,239,702,388,137,1,0,926,974,0,0,0,0,245,1019,874,867,543,939,1363,1821
167,109,341,300,285,179,167,164,360,204,59,46,38,15,17,76,183,81,14,46,381,0,104,76,169,0,0,0,0,0,0,0,0
168,0,0,0,0,0,2,0,0,6,0,0,1,0,0,0,0,0,155,237,133,1227,1148,113,210,1,0,218,0,0,0,0,0
169,1105,723,1573,1945,746,888,1580,1968,1108,816,813,553,773,2407,1124,847,106,109,2,0,0,0,0,0,324,316,207,823,465,163,19,629
170,0,221,1162,1568,218,796,1979,2279,2332,2226,2505,3124,136,1813,462,420,1270,1348,1553,1407,1168,985,890,1277,499,381,1280,1534,1062,1241,521,1506
171,78,10,0,0,0,0,0,0,0,0,0,0,0,0,0,0,0,32,197,72,96,401,110,72,0,0,185,204,0,0,0,0
172,3112,3573,3333,2903,2966,2356,2553,2642,3065,2732,3104,2693,2549,3764,5376,3525,27,0,51,217,63,63,62,81,2996,3309,2772,3361,4586,4142,3413,3418
173,2945,2772,2064,1869,1402,2390,2340,2389,2399,1726,2433,1562,1567,3641,4578,3238,4142,3767,3527,3962,3171,3665,3748,3513,4123,2808,2407,2942,4623,3226,3722,2703
174,0,0,56,0,30,8,0,0,0,2,58,89,113,573,1,0,1576,1439,1565,1896,4154,3644,4669,4545,5,1917,117,1013,65,4,1418,1280
175,723,1052,1185,1471,499,882,2567,2609,1767,1571,909,1248,956,1446,214,823,55,69,0,33,39,4,145,292,1131,1665,1479,1430,1135,1366,1981,1193
176,47,196,192,26,1856,1660,350,561,2116,2206,2108,2245,98,321,276,122,806,316,689,902,888,1225,800,444,186,37,155,158,99,104,326,235
177,706,401,513,425,429,734,514,399,1325,1830,660,1098,351,365,788,768,26,2,1629,1519,0,92,120,130,166,106,37,116,1785,2146,49,40
178,2053,2236,2103,1573,1406,2253,1365,2115,1973,2271,1742,1691,1422,1871,2655,2279,2181,1546,1992,2068,659,774,710,1027,1174,1693,1149,1517,3412,3627,1259,1079
179,84,1893,343,18,48,129,127,167,317,44,50,98,1086,443,605,180,1586,1262,2592,1667,1638,2031,1471,1842,287,2024,247,52,563,1114,225,49
180,892,1037,2075,1140,881,1061,976,1044,963,1236,1081,953,913,1187,1237,1075,102,0,12,0,1451,2753,728,1302,1055,1411,990,1185,1147,1243,2923,2688
181,739,206,2174,1762,928,783,3692,2428,612,1578,1617,723,691,1004,553,531,2452,1818,1103,973,1121,849,1130,1361,1008,1400,964,1553,1051,858,2900,2775
182,2589,2654,3396,2344,4096,5026,4101,3247,3325,4751,4434,3643,1997,2182,2505,2815,1877,1339,444,507,710,487,815,935,2215,2146,2065,2311,2304,2180,4155,2941
183,2959,1893,3353,1192,3458,4395,3783,3008,3111,4026,4274,3801,1918,2868,2062,1874,3487,2140,2587,2689,2339,2368,2227,2096,1445,2051,1580,2233,4858,4046,3669,2851
184,1168,1143,809,0,757,1965,1717,565,1002,2577,2544,1799,1490,1442,3096,2559,2975,667,4620,4917,1488,2099,1770,2036,2153,1008,1,717,3172,2370,2126,1516
185,1310,683,466,528,420,590,971,646,133,197,143,279,148,141,122,61,487,0,2749,2518,0,175,533,1005,74,46,1628,1384,187,35,101,76
186,3,12,1159,1109,0,48,520,106,38,71,25,38,20,94,2,0,1167,753,812,1806,1693,1920,1177,533,27,26,85,76,23,50,2311,2202
187,1620,1764,2982,3273,1583,1906,3145,2285,1699,2141,2321,2871,1798,1996,1861,1708,1483,16,44,0,3,42,7,33,1741,1961,2341,2401,2005,2046,2785,3173
188,1685,2095,1454,2087,4002,4856,2216,2556,3936,4670,3548,3295,1569,1788,1782,1685,2750,1749,1640,1897,1738,2157,1916,2077,1722,1691,2058,2320,1885,1571,2068,2196
189,2579,2568,1917,1843,3893,4444,1608,2095,3612,4353,3372,2946,1876,1933,1825,1729,2567,1567,1483,1800,1618,1584,1860,1773,1200,1482,1317,1721,4524,3537,1760,2036
190,750,1792,653,205,2053,2700,87,652,1738,2924,1359,939,2027,2815,2785,1752,2308,856,4241,3142,1082,1390,1840,1521,691,2041,156,119,3407,1601,558,772
191,0,0,3,110,1,0,123,422,0,1011,0,58,70,1099,314,29,849,74,2396,1804,66,52,1374,1220,21,0,307,1913,850,0,0,39
192,1001,741,2146,2128,995,1380,2370,1640,1261,1467,1658,1245,1222,1770,1163,1175,36,70,0,62,1085,1605,162,167,1385,1493,1652,1175,1436,1737,3340,3034
193,2531,2703,5668,5540,2057,2853,4166,3533,2363,3394,3993,3645,2308,3837,3113,2375,1787,1096,1408,1376,1447,1699,1554,1486,2136,2916,3637,2803,3026,3230,5118,4670
194,4847,3013,6488,6540,5724,6533,5311,4453,6265,7316,6066,5815,2823,5405,3948,2930,3526,2505,2891,2997,3099,3708,3872,2949,3006,4010,4550,4146,4928,4443,6408,5533
195,2652,3112,4228,4338,3348,3962,2847,2861,3764,4662,3867,3358,1551,3749,2422,2014,4657,3162,4119,4888,4538,5307,5247,3563,40,1656,1763,1806,4966,5180,3805,3905
196,1218,2626,3209,3162,2111,3085,1760,2144,3009,3617,3265,2787,781,6124,2004,1404,2127,300,4953,5745,1735,3042,3104,1325,1420,3405,2177,774,4131,5116,2839,3070
197,1290,1738,1466,1706,1344,1345,2209,2065,1335,1367,1692,1430,1371,4002,1775,1071,1148,69,3584,4587,1032,2612,4121,1847,1697,1611,2024,4128,1244,2328,1803,1623
198,645,344,1655,2143,673,772,575,956,842,837,1001,678,683,2723,691,509,1710,1717,1453,2251,2674,2901,2454,1644,868,919,1387,2375,876,1044,3212,3069
199,908,872,3208,3811,936,1157,886,809,932,1070,1563,989,540,2306,834,959,2838,2577,768,512,771,1261,908,726,756,763,789,1517,1009,860,2517,2441
200,1200,2767,755,1764,1924,2016,889,690,1970,1900,1780,2417,848,873,1286,1412,1926,1809,988,719,1196,566,857,993,640,803,415,869,1154,454,1045,491
201,7,22,66,1,38,11,5,67,34,0,0,0,20,420,784,749,841,820,645,802,856,482,459,1118,22,13,20,7,1693,1671,58,1
202,93,11,11,17,38,2,121,914,33,86,38,107,121,86,45,344,37,12,700,1256,46,63,67,53,1176,890,198,843,13,66,120,22
203,763,1093,1722,588,546,909,2739,1062,949,1499,762,712,1258,903,1098,907,120,62,121,53,40,17,2036,2092,1025,1444,672,1046,747,722,692,824
204,6,472,1942,1744,459,1042,2394,1585,983,730,537,999,1596,1145,722,251,1491,971,937,1576,2495,2300,1338,1365,760,1155,692,921,369,1059,2364,2978
205,2216,749,1317,563,725,797,787,224,699,655,436,357,433,474,530,375,3218,3013,903,1488,2348,2442,1635,2280,147,32,51,1,0,96,102,611
206,963,1212,1143,710,1954,1390,1112,971,1444,1254,3262,1345,1567,1697,797,1002,1038,122,159,145,158,105,9,164,247,604,474,410,321,369,330,723
207,8,11,2,0,32,4,13,83,46,41,239,3,73,430,1058,242,524,377,489,367,378,437,712,746,8,0,102,9,1582,1720,0,0
208,572,1004,556,473,761,439,1776,730,460,821,927,1240,634,565,678,339,33,14,1526,1139,0,1,1,1,507,1279,519,561,568,326,447,416
209,1339,1924,1833,1719,1048,1410,2833,1921,1626,1939,1808,1881,1103,2133,2021,1357,488,470,758,596,319,688,859,897,1698,2485,828,1571,851,1239,1682,1531
210,1237,1889,2068,1152,301,1882,2758,2228,2602,1947,2461,1480,1696,3316,2125,1358,1642,972,1508,1653,3706,4125,1701,1771,1148,1417,312,1591,325,863,3356,3365
211,2427,3002,2679,2922,747,505,526,571,117,71,1158,1016,819,616,474,59,3874,2491,1396,1427,3450,3922,1359,2127,449,749,721,781,528,798,3389,2806
212,1312,1450,1384,1131,2300,1991,1040,1406,2366,2004,1770,1603,1334,2962,1787,1137,2691,926,806,671,2142,3107,756,1183,1085,946,1347,880,1494,1007,996,1384
213,279,422,351,692,396,538,417,1150,626,461,363,442,588,750,2030,713,1241,1284,1049,877,798,1312,721,899,477,405,751,1465,1553,1643,442,635
214,539,661,767,498,558,805,389,999,1355,551,758,485,815,738,954,463,443,601,2321,741,460,525,215,312,69,111,49,1,96,0,86,111
215,1097,1546,2081,1352,913,2519,1650,1796,2418,1836,2098,955,1963,2876,2383,1471,64,84,4,0,0,0,1089,1419,1124,1808,1569,1801,1427,1217,1675,1419
216,665,1072,875,1381,1012,788,1006,758,1672,1547,1562,2177,1352,1836,1473,1514,1308,1119,1088,1122,4043,4165,3333,4113,201,0,0,147,0,0,2441,2206
217,3769,3535,2251,2546,1068,1068,1541,1464,598,514,2820,906,1794,2439,434,896,2971,2540,54,92,2080,2366,1501,2749,736,1080,926,761,869,1016,3374,3086
218,1673,2046,625,591,2044,2141,445,2076,2218,2211,1016,199,400,1232,862,737,2867,1885,918,306,1688,2119,1424,2507,577,928,1246,1201,852,1083,2430,2070
219,264,427,290,203,251,321,1246,515,248,242,202,297,430,514,1735,616,2059,597,988,922,921,988,1041,1761,567,231,437,599,1746,2428,460,377
220,1667,1939,1570,1605,1215,1962,2537,1760,1835,1807,1706,2162,1566,2566,3997,2014,102,306,1789,390,93,311,243,42,4142,4410,2104,2422,3009,3288,2071,2155
221,4217,4639,3992,3409,3672,4534,4350,4128,3329,4093,3546,3853,3531,5600,5361,3096,2043,1567,3511,2326,1781,1967,2055,2549,5672,6132,4393,4904,4424,5026,4300,4604
222,1298,2193,1465,907,1112,2063,1596,1748,190,979,2997,1713,2085,1875,1699,5,2566,1998,3226,2957,5014,5495,5773,6271,3111,4131,1634,3195,2765,2957,4612,4863
223,2416,3720,2176,1953,1412,2486,1399,1575,2070,1852,3329,1812,1433,3382,1632,1545,4855,4163,1838,2244,3654,4556,4624,4533,840,1733,1737,1163,1526,1194,3029,3328
224,141,126,132,147,98,595,110,1,78,24,0,0,0,7,240,607,1264,140,76,138,301,1053,879,659,0,0,0,133,1,0,521,797
225,39,49,13,73,75,0,57,56,176,155,158,1,141,219,317,107,402,2,942,2127,0,0,76,340,83,78,1,53,1318,1765,0,0
226,2289,2479,2093,2386,2281,2487,2715,3233,3194,3168,3014,2930,2815,3119,3064,2639,0,28,63,79,70,70,72,65,4932,5762,3189,3525,3567,4125,3430,3468
227,3164,4210,3713,3793,3552,4037,4025,4549,4250,4064,3940,5343,3681,4844,3796,3534,3237,2918,2936,2623,3136,2943,2513,2704,5789,7472,5032,4991,4955,5667,4217,4476
228,326,1617,1248,1488,413,2092,1406,2396,1785,2132,4261,3810,3513,5408,2003,959,2931,2002,2186,3167,5220,6157,6263,7075,3023,5005,2372,2770,2216,2767,4919,5101
229,795,1828,1695,1681,565,403,571,2637,776,591,1803,1729,1414,3449,1,78,4712,3436,921,2187,4400,5024,5045,5987,1116,3055,2381,2634,388,822,3559,3643
230,872,778,943,639,667,2278,1019,628,629,383,705,280,313,306,829,2396,3525,2006,25,527,3043,4310,3438,5441,1038,1146,965,1054,913,930,856,840
231,112,0,276,0,233,1310,175,210,83,29,0,0,1,4,75,138,22,66,1119,137,24,143,122,1027,783,801,208,35,2260,2413,0,114
232,2105,2307,1968,2384,2306,2577,2291,2709,2030,1547,2189,1494,2104,2573,1643,1314,1142,911,1419,829,901,1460,1268,1165,4127,2948,2673,3141,3173,3294,2978,3268
233,24,0,83,1,0,47,0,0,269,443,1836,1072,589,634,412,578,2235,2341,2456,2672,2383,2148,2250,2872,36,0,3,71,0,2,0,286
234,51,0,0,0,70,0,1,413,136,120,139,133,31,149,147,144,67,1,0,152,586,651,3598,3610,28,65,150,577,0,0,776,708
235,243,172,175,464,321,448,1028,270,1184,92,50,12,3,4,181,379,1731,1698,22,25,13,8,664,337,283,23,297,340,71,326,373,522
236,1065,988,1247,1224,446,632,481,961,2253,1553,1748,1740,2130,1489,1306,2361,40,262,526,601,0,313,82,144,510,984,625,679,501,658,718,465
237,2454,3157,3356,2890,1982,2836,2390,2810,3159,2555,2822,3160,3026,3831,2952,2847,538,379,740,968,409,663,1123,874,2618,2812,2004,2692,4446,3948,2823,2464
238,738,1681,1735,1408,527,1317,1105,1758,376,90,500,1608,1,1105,675,7,3575,2244,3091,3549,2899,3224,3025,3673,2865,4149,678,1417,3875,2590,2060,1691
239,1,200,495,0,0,0,133,0,355,541,668,416,500,1757,132,664,2598,2061,3096,4171,2929,3776,3420,4123,521,131,8,0,101,0,423,0
240,931,876,1095,1116,799,739,748,885,106,0,0,0,0,248,739,84,0,0,0,0,1755,746,41,2151,688,1425,835,776,706,1035,2440,2264
241,677,475,1169,586,1369,1629,1161,256,2340,3375,1564,1817,1905,2202,1935,2690,1403,194,125,351,17,146,14,20,246,11,176,141,123,160,136,6
242,2234,4099,3326,3787,3391,3251,3289,2747,5227,5386,3959,4003,5544,5848,5933,5579,12,13,576,46,0,11,0,0,1476,2194,1768,2850,1765,1624,2209,2058
243,5452,6437,7016,6449,6378,6618,6969,5928,4900,5611,4091,4595,4995,5505,5141,5131,1513,1472,1670,1462,1418,1727,1622,1516,4033,6032,5074,6173,6256,6491,6198,4947
244,3133,4827,4836,4540,3910,5113,4673,4083,3297,3880,5435,4110,5115,5642,3871,3330,6062,5328,5849,5932,5584,5923,5915,6120,5180,7651,2571,3902,6056,6121,3539,3199
245,1801,3689,4226,3907,2311,3930,3657,5495,1718,2189,3999,2693,3087,5137,2698,2430,4191,3537,3969,3738,3142,4432,4757,5436,4453,7144,3261,3536,4920,5211,2587,2218
246,235,1790,1482,1058,154,2031,2837,3101,12,1262,2534,1823,2225,3888,4008,2157,2855,1329,2167,2169,4107,5392,5083,5992,1895,4153,719,1380,2367,2757,3344,1955
247,736,1947,63,55,1097,1181,52,72,4367,3816,2323,2226,2124,2044,2865,2163,3784,1351,1776,2566,1842,2737,2310,2890,10,678,18,59,64,38,211,50
248,4401,6533,3968,4001,5298,5710,4156,4484,8053,7915,4588,5086,6252,4656,6339,5620,220,2,1,25,0,51,54,2,3411,5018,4132,4620,4766,3826,4015,4107
249,4989,7587,5012,5862,6675,7590,5668,6734,6203,5235,6439,5385,6470,4369,4662,3475,3832,3994,4774,4372,4453,4001,4805,4173,4905,6552,5612,6431,6846,5711,5864,6078
250,1896,3909,2284,2503,3516,4373,2004,4597,4142,2414,3590,3012,4268,4822,1322,631,5664,4829,6671,6274,5802,5548,6157,5740,4714,6017,2662,3203,6641,5656,2444,2518
251,1022,2590,1238,1103,1491,2756,1206,3834,3995,2767,3157,2721,3636,5244,2934,897,2106,860,3468,2742,2063,2903,5203,4535,2981,4698,2364,5639,4733,3591,1293,1243
252,793,642,595,884,608,1200,1140,2264,1628,500,1144,317,674,3365,955,1893,2074,1658,1392,1841,3380,4804,4334,3274,546,2658,623,3803,3656,1658,3727,3404
253,1497,1873,854,1353,12,111,129,454,3335,2601,1098,1472,1145,1570,1434,1100,1917,1859,2683,2918,1155,2036,2595,1364,17,502,53,2675,1680,250,2257,2142
254,1516,2095,1869,1473,2801,3837,1789,1956,3543,2760,1596,2876,1297,2215,1755,2141,366,15,1079,1255,5,825,1143,289,1600,2286,1708,2508,2286,1305,2574,2198
255,114,1285,751,890,1359,3106,1688,1815,205,95,1832,629,702,1607,3,99,1288,1504,1383,1407,1346,1573,1661,1411,0,927,0,1290,1120,1324,1500,1999
256,0,0,46,102,19,202,0,716,73,39,0,4,1,802,5,218,306,2,939,608,697,1063,697,749,1338,1575,1185,834,576,241,86,2
257,1385,1592,998,851,1414,1513,1932,1992,12,4,0,0,1,8,32,2087,0,0,150,1,0,226,1311,1325,667,1212,1171,1315,1025,1057,1395,1341
258,67,38,546,814,258,93,297,198,787,1351,673,1475,696,1396,1191,1428,1569,1585,1750,1421,3507,1370,2257,2221,93,129,103,132,81,63,1555,1348
259,1089,2298,1432,234,0,177,145,154,1501,1612,121,80,143,92,116,9,183,233,1396,1490,302,166,317,308,10,0,0,0,1,0,195,170
260,1334,1725,1795,1111,3038,3042,1205,1395,2644,2868,2588,2422,2224,1890,1530,821,160,31,57,0,81,0,100,0,1366,1984,1446,1534,1872,1329,1668,2005
261,519,114,939,70,1190,2248,93,1540,1586,1774,3266,1406,1411,3939,772,471,1476,1503,1177,1353,1132,1292,1788,1559,581,167,65,33,1628,1123,2,31
262,229,49,383,516,423,1145,961,1152,0,47,957,45,11,710,96,20,11,0,387,578,304,645,863,653,2830,92,1107,1761,35,154,397,439
263,1909,2329,2074,1804,1526,1690,1577,2122,228,90,311,14,319,558,322,1076,334,128,682,594,482,548,921,639,1784,2119,1898,1957,1622,1622,1755,2273
264,328,96,918,1143,145,2,38,9,1505,1243,1629,1651,1208,1601,1539,1007,1992,2097,1765,1849,3676,3528,3000,2939,415,364,623,469,602,922,1087,1614
265,2090,2211,258,269,165,188,51,206,2103,1812,455,931,609,775,427,455,98,1019,1269,1756,78,45,25,0,56,0,207,223,280,187,322,445
266,0,123,0,32,977,555,115,381,201,365,632,308,763,1561,475,158,0,157,504,1465,14,0,22,67,130,251,241,131,302,92,123,102
267,41,4,17,0,23,31,0,5,0,45,25,64,44,6,4,139,4,10,192,0,127,37,21,51,562,300,0,15,1716,1782,51,37
268,1539,1908,1561,1295,1841,1760,1719,1348,668,727,351,787,324,708,2179,2945,56,2,0,0,0,6,1,32,1776,2011,3150,2897,1412,1762,1866,2120
269,51,36,3,5,3,5,47,131,1270,1369,1747,1297,1557,1748,2155,3377,2178,1332,2018,1899,1771,1588,1588,1976,498,848,1689,1696,120,292,282,771
270,380,271,1914,2131,205,78,154,290,684,881,927,797,780,822,962,1115,1330,1169,15,204,2287,2369,1917,2093,275,217,877,1186,353,242,1940,2567
271,2133,2340,616,457,654,416,251,243,461,261,151,1314,662,6,23,15,1941,1847,2255,3180,1993,2125,1027,1863,283,184,412,510,377,303,672,811
272,393,316,492,481,199,886,378,322,873,1178,663,760,1169,2581,1035,685,518,185,514,1759,288,484,210,425,528,1160,508,649,538,446,572,391
273,931,1235,1267,1357,1069,1461,1884,1322,372,970,258,341,1084,2377,2234,2230,1,236,2,37,0,2,1,26,3144,1629,905,979,1499,1760,851,893
274,1937,2002,1666,1749,1877,1599,2095,1654,688,1265,1775,1218,1349,3886,2682,3900,1184,976,871,1166,830,1280,1211,864,3481,2657,3763,3822,3880,4809,2379,2106
275,1197,1401,799,1359,1064,1586,967,1331,2277,2244,2508,2018,1995,5420,3336,4751,1884,1178,1912,1883,1335,1537,1855,1623,2572,2069,2896,3460,3396,3957,1633,1838
276,1147,1209,2614,3789,1089,1088,942,1498,1613,1879,1899,2390,1504,4447,2250,4015,1440,1016,1239,1180,3547,3823,3178,4058,1946,1201,1987,2768,2377,2633,3954,4276
277,2019,2896,110,378,81,17,78,1312,706,927,530,0,75,1063,20,1,1551,1231,2573,3329,1866,1990,1225,2066,10,35,26,276,60,66,1467,1821
278,839,1891,1171,1230,2318,2316,2592,1564,3506,4650,1910,1939,2215,2647,2484,1728,1126,29,2108,2387,1219,1553,889,1655,2250,1816,1456,781,690,668,524,1169
279,964,2607,2032,1665,3095,3080,3515,2747,3479,4651,1973,2319,1787,2767,4021,4971,963,893,1136,990,951,1011,1376,1281,2670,2219,1400,1015,2667,3329,1540,1659
280,2466,3271,2736,2695,3913,4157,4639,4576,4637,6001,3448,3554,3358,4893,5151,5750,2307,1745,1998,2081,2070,2595,3022,2641,4355,4330,5883,5522,4396,5796,3665,3658
281,991,2179,2254,1840,2882,2747,4213,4060,4220,5890,3656,3854,3091,5219,4935,4977,3580,2596,3476,2918,3669,4179,3942,3406,2548,3210,4503,5305,3646,4524,2174,3135
282,13,0,2963,2231,25,0,919,1811,258,1689,1935,1440,1183,2161,978,777,1609,1482,1744,686,4924,5540,5290,5071,6,20,804,1336,62,1368,3939,4622
283,1357,1873,722,627,157,205,204,2109,1638,3035,18,41,0,1900,54,101,1028,155,2651,1336,2993,3507,3521,3186,292,1634,250,181,238,295,2668,3429
284,1657,1826,1820,2125,2048,2363,1336,1606,2997,4382,1307,1128,756,3421,2596,1648,299,9,734,119,986,1238,1416,1294,3589,2276,1950,2458,2041,1839,1650,2211
285,289,679,544,403,669,885,900,1588,2467,3921,1079,1862,724,3671,1824,5249,1298,1300,1489,1208,1164,1251,1577,1179,1126,941,993,713,2411,1872,189,1158
286,3372,3696,3085,2929,3297,3967,4041,5054,4520,5830,3227,2658,4197,4813,3785,5957,964,105,494,503,950,1667,881,724,3812,4029,6094,6307,6561,4902,4172,4229
287,548,963,713,1032,1155,1881,1489,3492,3002,4408,1973,2863,3835,3996,2347,4402,3135,2794,3101,2994,3096,4299,2944,2630,1594,2112,3706,4516,4436,1964,2388,1994
288,11,0,610,356,86,26,273,2942,257,77,7,183,425,3454,123,262,2742,1664,1098,1071,3441,5442,3852,4500,0,0,15,1552,960,0,2137,993
289,1850,2113,833,497,353,637,1824,1296,357,496,3,21,30,1746,0,6,1948,466,854,789,2466,3383,946,2008,1252,2004,830,1065,313,890,1624,1062
290,2027,1934,2156,1778,3063,3611,2056,1857,3744,4354,2277,2785,2307,3810,2807,3242,1244,1168,1334,1275,1958,2175,1154,1401,1572,2051,1469,2235,2031,1972,2504,2423
291,4100,4743,4707,3773,5354,5906,4338,4651,5738,5611,3775,4913,3132,5388,4132,4411,1230,891,1548,1092,833,1123,1304,1274,3107,4203,4019,4383,5304,4437,5468,5424
292,3610,4749,5346,3355,5436,6537,4580,5221,6905,6284,4646,4678,3166,6724,5630,3662,3926,3914,4204,3619,4051,3993,4032,3628,2804,4929,7085,7442,7878,7487,5736,5130
293,0,0,420,549,0,568,0,1517,1183,781,2570,1514,412,1551,573,51,5056,4563,4978,3706,3690,4928,4170,4443,2,0,1158,1582,2499,1704,2,2
294,115,121,1,1,34,48,1209,3,53,101,83,0,41,77,165,220,576,671,993,4,0,838,4088,4976,1,683,0,0,49,1,335,479
295,1657,1730,997,1028,1095,1137,1247,1189,993,773,496,664,453,169,2210,418,255,69,1430,1459,356,242,217,696,2446,1048,895,967,1107,1027,1040,2165
296,1617,2026,1897,1824,3658,2091,1958,2028,4150,2283,1958,1525,2250,1707,2366,1910,1255,1472,1243,1207,1082,1277,1259,1434,1667,1608,1862,2249,1825,1923,1906,2059
297,3887,3726,4428,3852,5660,4373,3825,5071,6723,5930,4585,4146,4234,5272,5511,4805,1633,1780,1701,2224,1561,1585,1432,1513,3113,3819,3594,4925,4550,4689,4928,4831
298,4462,5004,4742,3545,6479,5491,4355,6521,8021,6244,6260,5837,6309,7177,6412,5870,3773,4026,3842,4654,4411,4275,3770,3535,3383,4450,7324,8870,6621,6787,5915,5299
299,1628,2356,5555,2969,2558,2975,1481,4343,3599,1349,4653,1302,2331,4902,1983,888,4645,4072,4825,5612,5313,5316,5465,5081,63,2440,3592,6090,3893,4417,3138,3239
300,887,925,1326,1,0,1,26,1073,389,118,1275,145,129,1655,1186,172,3089,2510,3026,4123,4876,3851,6799,6367,357,15,214,2088,55,828,2100,1932
301,987,1154,441,743,1557,2057,768,1143,8,0,187,49,0,579,455,1057,2693,1557,2248,2259,1208,3094,2394,1835,449,852,730,1078,869,803,2741,2941
302,1986,2228,2475,1907,2926,3891,2016,2368,4558,4331,2467,1915,1969,2990,2794,2492,1664,983,1854,2027,1700,2717,1945,1862,1913,2306,2137,2022,2172,2334,2652,2694
303,3605,4242,4529,4317,4652,6311,4113,5022,5867,6086,4140,4157,3970,4760,4612,3909,2016,1647,1248,1476,1555,1744,2456,1835,3130,4669,3737,4429,5036,4973,4824,4939
304,93,820,1320,2037,666,2537,1245,4612,2442,1935,3533,3430,3450,2512,882,5,4511,3422,4049,3632,3699,4109,4435,3777,289,1212,3334,3950,3889,4295,1132,1627
305,377,626,2123,740,352,575,877,1014,0,2,187,210,156,595,1083,0,1582,480,1097,753,1028,1986,1784,1404,469,606,565,732,695,629,655,648
306,821,863,28,4,38,8,67,0,0,12,79,30,2,0,810,308,511,140,557,130,413,2214,456,316,28,0,0,0,0,3,39,0
307,2032,2289,1753,1903,2171,2366,1657,1883,1500,1423,1742,1350,1920,1612,1828,2194,206,796,2485,2390,400,421,658,665,1700,2048,1626,1928,1925,1530,3047,3237
308,1347,1737,1238,1020,2482,2629,677,962,5392,5397,2071,825,1995,1368,1998,1884,2000,1825,2376,1978,2008,1985,2203,1989,410,1637,851,1195,1016,285,2269,2439
309,2194,2845,2256,2015,3321,3664,1790,5013,4741,4818,2771,2910,3968,1787,1636,947,1346,835,1890,1409,1439,1424,1452,1626,389,2810,1830,3008,3494,2505,3829,4018
310,2,853,1893,1637,927,1530,1415,2960,3106,2896,1202,1002,2258,1664,0,3,2974,2322,3695,3511,2848,3422,2611,3112,12,2323,1848,3434,3901,2495,1281,1526
311,238,118,89,0,18,34,38,39,187,72,151,24,218,153,217,192,500,554,1067,1007,2032,847,534,1215,553,154,268,279,315,5,81,498
312,544,231,161,217,76,0,351,18,106,68,0,3,42,0,639,1773,868,701,510,510,274,511,1975,698,1,253,370,523,266,19,509,855
313,2457,2591,1572,1640,2733,2483,1437,1409,2337,1812,1256,1998,2283,2097,2426,2066,1943,924,2754,2732,650,961,775,974,1509,1976,1825,2083,1385,1532,3569,3605
314,4242,4873,4150,3933,5795,6031,3565,4546,5576,6000,3322,3088,3525,5731,4000,4617,2042,1634,1663,1989,1664,1795,1710,2023,3703,4696,4083,4577,3740,3600,6562,6590
315,1992,2673,2182,3482,3314,3837,3219,4343,3297,3384,4759,3531,3291,5501,1960,1541,4569,3919,4418,5179,4729,4717,4008,5012,1331,3201,1958,2774,2134,1500,5287,4924
316,703,786,2315,1045,648,616,590,901,499,599,635,675,539,2720,703,197,3328,1809,2426,3642,2780,2593,2158,3307,1881,1057,2402,2328,878,1017,901,835
317,1866,1820,3875,1811,2142,2366,1787,2016,2080,2001,1687,2103,1419,4705,3897,1910,753,843,521,605,1012,1522,473,961,3104,2844,3889,4649,2570,2633,2853,2516
318,1788,1659,2633,1277,865,1114,1063,1059,1435,1125,970,1334,659,3558,2520,3531,2734,2832,2357,2141,2469,3221,5141,4944,1824,1906,2325,3579,1106,1225,1545,1189
319,46,1067,55,0,1772,1601,38,0,628,387,555,384,469,497,385,410,3078,2404,3993,3876,983,1784,3469,3737,35,63,46,268,167,0,2339,2125
320,1793,3129,3159,2217,4673,4811,2254,3668,4394,4544,1953,1592,3501,2626,1685,1150,463,43,30,0,126,74,51,292,2468,2724,2613,2599,2656,2347,4799,5167
321,37,29,127,63,0,13,0,55,38,33,722,421,109,739,18,411,2769,2110,1937,2469,2053,2519,2507,3199,0,38,5,3,62,1172,3,0
322,1199,1283,1424,1542,990,1180,1385,1650,1571,1461,2098,1331,1147,2065,1475,1498,26,3,9,1,178,416,31,0,1503,1758,4235,4112,1439,1304,1565,1378
323,877,1475,1651,1359,923,1124,1409,1686,726,1388,1189,30,902,1485,2143,3503,1260,1290,1086,1088,1171,2632,1766,1495,1524,1930,3801,4171,2173,1026,1915,1008
324,164,2197,0,172,160,92,125,72,2,2,0,5,1,396,151,1482,2939,2952,727,960,959,2824,4298,4028,1,237,1509,1760,91,0,34,0
325,9,1217,308,90,1366,870,557,1402,212,303,2372,203,402,263,218,558,2243,2053,819,974,198,637,1199,1785,210,389,323,896,632,361,2902,3249
326,0,3,26,0,638,1085,1195,847,684,347,144,2,8,732,0,111,1452,1060,597,573,657,901,923,1182,38,1552,9,0,18,0,1500,1840
327,221,422,146,77,0,79,0,0,778,938,926,3087,674,444,801,590,1,0,0,0,350,1,0,0,0,114,185,453,210,128,1,0
328,1027,893,694,1078,904,1306,751,1106,869,749,734,2862,673,945,1778,692,0,123,109,1,1,0,121,0,960,1949,4019,4417,989,1101,936,1143
329,2758,2696,2214,1867,1841,2276,1818,2187,2917,2694,2442,4225,2173,2566,4598,3076,776,428,862,1032,1112,981,1114,1421,2115,3319,5321,5675,2478,2393,2832,2306
330,618,3589,679,243,327,153,679,284,1350,635,802,2110,138,1750,2859,498,2944,3050,1968,1483,1950,2413,4289,4491,233,1668,2916,4217,952,816,1160,966
331,174,2120,48,0,300,557,617,1872,439,41,353,1447,1247,1421,2339,10,1262,1541,3537,2804,163,536,1709,2109,175,1464,697,2617,1196,147,3799,3474
332,0,0,0,0,1,1,2,0,13,1,216,8,174,188,0,0,355,350,2606,1803,407,407,1087,1590,2,0,5,0,0,0,0,0
333,2210,2134,3871,2989,2516,2109,1612,2254,2713,2645,2203,3079,2537,3945,2686,2232,0,0,0,0,0,3,0,6,2020,2453,2029,2328,2196,2290,2206,2378
334,2973,3325,4082,3375,2517,3029,2313,3219,2848,3414,2628,3905,2863,3889,5144,3650,3268,3059,1875,2251,3325,1901,2022,2313,1752,2338,6093,6735,1937,2064,3176,3140
335,3906,5150,3854,2104,1450,2023,1238,2159,2763,2853,1887,3350,2130,3380,5418,3999,2497,2727,2985,2730,2845,3457,3332,3781,1029,2394,5571,6397,1354,1772,3051,3220
336,4209,5807,4641,2966,1409,2419,1678,4403,3820,3144,2808,3699,3346,4512,5554,4167,2281,2305,2192,2064,1056,2441,6128,6624,1325,3050,6150,6716,1486,2363,4096,4488
337,11,277,1,0,424,501,83,4,13,12,0,1,12,15,35,42,3391,2869,5730,5577,1313,2509,6471,7115,538,2,9,445,1,615,2494,2133
338,96,0,195,175,0,4,0,0,213,69,87,101,118,154,451,93,0,10,113,10,95,687,749,1358,71,30,83,109,0,0,258,290
339,2,0,844,816,0,289,152,375,0,0,7,10,13,0,0,0,0,1,0,0,0,8,0,1,0,0,0,0,1,0,0,0
340,1,4,1,1,0,0,0,1,165,64,52,92,104,205,970,553,219,246,15,352,26,74,171,153,90,81,39,94,123,181,153,117
341,0,0,14,35,120,85,0,0,0,0,0,0,0,3,0,1,0,0,194,174,0,1,0,0,0,0,0,0,0,0,0,0
342,467,336,471,301,465,29,727,559,351,552,297,242,611,667,0,26,1067,1042,0,0,0,25,0,0,66,208,660,408,783,807,304,500
343,386,285,150,342,1347,1063,41,320,354,358,594,1474,49,514,255,259,436,555,397,512,453,469,425,503,153,113,353,130,173,288,413,620
344,3,0,0,0,0,0,0,0,13,47,21,7,34,33,55,7,415,235,334,374,432,353,506,347,0,0,0,13,0,0,28,59
345,1861,996,1324,660,1338,740,1058,989,1335,1196,1776,1065,1189,1265,1716,1115,0,6,0,0,0,0,87,111,1099,1503,1123,1646,1153,1290,1491,1312
346,901,964,1259,876,566,746,1041,987,1915,1298,1011,1206,1498,1524,1461,1269,1147,1367,826,974,796,951,736,708,1507,1607,1420,1600,1334,1070,1617,1221
347,1,0,0,15,1,0,13,20,0,2,0,0,23,74,3,2,1177,1169,737,673,877,1220,1464,721,45,105,0,101,79,86,44,0
348,70,33,16,16,0,12,56,40,720,672,1826,720,685,1050,569,447,419,814,163,221,0,0,2,0,1111,1131,468,1160,868,3084,639,1032
349,764,1065,1374,1038,2460,2734,1056,1401,2030,1516,903,1295,280,404,297,243,0,30,0,17,48,12,25,24,246,565,603,1147,993,2079,1535,1176
350,1478,997,1290,1583,695,702,772,992,1797,1613,1228,1066,1193,1073,1543,1499,693,765,1299,887,744,821,1239,849,1052,1939,1779,1203,1237,1132,1639,1817
351,68,211,82,0,96,62,166,104,0,9,45,1,67,15,17,399,895,552,583,797,490,762,660,765,75,54,1459,80,23,30,83,62
352,1469,1211,1236,1369,1028,1290,1151,1723,765,806,885,1236,2308,1655,1568,844,1,91,50,79,72,34,116,23,826,2349,1334,1036,947,819,1191,1188
353,0,10,20,9,0,0,1166,166,12,18,42,0,14,9,0,0,1503,1511,1504,1596,1440,1509,1878,1659,3,9,61,84,390,735,0,1
354,340,254,220,270,244,397,86,96,487,386,631,1604,525,782,700,228,33,12,32,103,52,33,2,57,858,984,585,1267,762,513,1010,453
355,142,0,386,270,181,86,223,231,1810,1519,805,792,530,721,745,739,286,163,379,0,143,286,84,17,842,683,642,854,647,525,882,1054
356,620,685,164,378,116,212,132,245,4,46,13,4,88,269,0,6,143,222,1,27,93,106,293,149,0,10,19,1,1,1,0,1
357,207,423,248,121,293,550,141,546,296,566,625,518,1267,619,797,615,161,235,252,204,230,215,374,235,243,816,826,887,252,447,640,787
358,0,65,2,7,0,98,134,288,1,0,23,32,36,69,0,6,233,496,320,438,287,267,1492,492,401,3,1,0,136,17,1,10
359,0,0,0,0,1,0,0,0,618,671,839,1411,373,651,760,432,113,0,56,96,64,243,428,89,822,1132,570,441,383,885,875,866
360,1246,1944,1960,1618,1765,2942,1632,2563,906,1143,832,2376,289,1370,161,618,0,0,0,11,131,105,0,0,1,936,754,421,0,579,1499,1837
361,916,314,187,129,188,132,209,150,217,252,254,176,167,517,276,350,1637,1410,1606,2131,3162,3263,2174,2276,204,140,443,662,136,283,536,365
362,15,21,115,165,0,0,13,11,88,94,0,46,73,91,155,197,0,1,211,235,156,73,47,293,8,86,13,32,35,9,34,8
363,88,0,194,126,0,0,114,1,1266,583,1333,1268,1377,1652,1448,1112,13,8,1,3,0,0,1,6,1318,2149,1223,1507,1698,1533,1482,1677
364,0,0,3,0,0,0,2,0,24,190,1278,403,921,280,208,253,21,98,12,13,0,4,536,1,207,289,50,26,142,145,63,250
365,50,0,9,79,8,32,60,33,590,454,783,903,223,713,826,565,22,792,27,233,0,1,2,0,551,555,753,904,581,456,704,536
366,1285,1337,2128,2739,2969,2810,1235,1465,2061,1832,2016,2028,1161,2703,2416,1225,1,105,58,0,1211,1163,1,0,989,2063,1486,2175,1698,913,2506,2189
367,2506,1053,967,1671,1722,1838,786,985,1739,1683,212,115,131,971,500,2175,1872,1898,1662,1627,3360,3346,1288,1980,235,599,1233,1747,15,205,1039,231
368,945,148,324,668,691,943,282,1148,1,237,0,157,146,163,70,230,920,675,665,682,2707,1983,772,1858,260,937,288,249,38,263,425,169
369,7,5,0,42,1,0,409,3,0,8,0,10,9,817,14,0,158,91,249,298,1364,910,2264,1001,1,9,7,0,1201,1241,165,0
370,3,32,1,53,22,0,10,0,1318,1512,2226,2930,1399,1525,1657,1755,18,9,51,4,0,0,11,0,1282,1682,1579,1639,1546,1476,1733,1311
371,22,427,903,250,618,266,524,473,505,543,427,1332,601,782,489,818,0,4,88,559,57,48,32,27,386,600,530,661,818,739,554,854
372,773,915,1137,2559,2630,2144,682,849,1549,2528,0,453,44,0,254,189,97,60,1,43,2792,2318,1,33,270,351,583,767,399,110,230,497
373,78,257,103,408,0,387,215,1363,1258,2464,455,365,468,1038,523,1850,1287,1547,1182,1801,3212,4222,1373,2212,646,1271,1158,904,701,497,593,391
374,320,599,542,542,446,713,616,2559,1165,1666,19,0,140,1466,127,955,253,171,362,219,1437,2310,529,728,1524,1962,373,415,341,281,2020,1479
375,0,21,37,1,1,17,0,0,376,537,779,1234,630,588,230,161,1270,945,969,1010,2060,3031,2678,1412,19,0,8,1,4,5,149,85
376,1703,882,2585,1138,884,857,806,984,2610,2730,2732,4530,2698,3627,3178,2266,85,769,86,579,12,42,0,14,2256,2351,2386,2725,2680,2607,3152,2940
377,691,912,3781,2515,996,2175,1041,1286,898,936,1131,2643,1045,1896,3121,909,1190,851,1172,999,2019,799,996,1340,1059,1528,1468,3163,1774,1186,2143,2061
378,777,1090,1912,713,1929,3456,57,28,1012,177,0,0,0,0,0,459,415,636,1095,934,4024,3347,1304,2587,0,158,326,269,263,267,297,242
379,1089,998,1250,930,865,668,1233,2183,2453,1089,1216,840,541,1207,1218,891,1,1,145,73,3156,2645,112,1843,1947,1902,987,1220,823,984,694,1324
380,0,89,410,79,106,319,2076,1433,0,0,0,27,529,81,0,0,1036,931,946,818,967,1095,2337,1237,3,58,26,47,862,692,1261,5
381,578,578,878,660,773,844,887,825,477,987,1686,2844,550,802,724,994,2378,300,1107,290,338,361,1256,496,416,587,190,331,1766,2041,1247,1061
382,613,1081,2212,2158,689,1357,1100,1559,638,1204,1803,2222,417,1686,3440,580,925,803,805,1192,1214,1342,1401,1375,1,595,34,748,1865,1781,811,821
383,0,750,552,804,1344,1549,416,196,510,914,903,793,415,1437,2586,1114,1259,1160,1342,1465,1453,1404,1293,1515,45,456,1764,1570,338,579,504,342
384,497,601,0,0,69,82,19,0,1965,1301,1107,863,963,1054,946,735,565,241,664,412,2356,2847,789,734,2092,3245,1360,1325,1337,1369,1468,1453
385,2219,2056,1638,1229,901,1518,2335,1566,2749,2033,2036,1787,1507,3967,2441,1504,8,0,28,0,1,0,386,72,2764,2924,1034,1643,1695,1091,1731,2125
386,604,0,6,46,0,0,1456,613,3,7,164,337,128,763,0,0,2890,917,2644,1029,585,1092,1379,1322,43,0,0,0,401,403,0,51
387,2168,2175,2577,1829,1867,1927,1782,2146,2498,2702,2292,3834,2005,2472,2516,1895,1266,1476,397,110,53,42,1,0,1174,1938,1824,1961,2096,2223,2200,1978
388,1071,1556,1687,2086,1273,1581,831,2135,2674,3030,2189,3104,1653,3250,5783,2092,1653,1545,1833,1930,1878,2241,1552,1792,922,1991,2709,4281,2767,2841,2684,2214
389,0,88,100,31,285,356,41,300,983,204,0,0,0,0,72,1,906,976,1396,1394,1236,1849,954,3656,150,119,58,95,47,140,47,5
390,924,1383,1,0,52,45,18,104,638,381,372,217,386,640,531,524,0,0,44,13,43,4631,0,2,1508,620,420,459,313,506,551,450
391,166,548,0,374,274,405,852,384,767,630,731,485,2847,1191,742,710,0,12,31,66,8,604,72,45,615,726,758,595,608,603,937,640
392,30,149,1713,133,0,356,16,681,96,5,1079,1083,862,280,157,171,683,176,1153,1179,205,97,341,423,7,0,0,1,1023,1533,1398,882
393,741,527,799,1675,278,772,625,686,645,603,466,688,1067,419,1823,602,488,1273,133,861,305,311,604,594,1449,1789,1674,1776,1593,1246,1415,1642
394,107,942,703,1642,593,1134,888,1199,0,0,0,0,23,0,2,1761,949,543,760,472,812,638,790,1803,48,0,35,31,15,0,4,4
395,979,933,1083,1020,1677,2184,1043,1010,2078,2488,313,0,279,0,212,213,102,474,592,344,1960,932,532,1743,1671,3163,1320,1397,1387,1150,1778,1506
396,1412,1797,421,282,289,284,1197,267,751,1215,111,104,223,1741,26,71,954,680,776,729,1019,1782,2334,1158,1157,611,0,92,126,1,105,23
397,900,1079,959,982,677,503,725,739,1812,1272,2682,2340,2275,1563,1293,900,1233,471,1276,238,393,367,284,303,1270,1873,1389,1959,1142,1023,2083,1471
398,1286,1508,3565,1706,807,1461,905,2016,1227,1043,2076,2077,2167,1303,868,250,1091,623,884,1021,522,907,806,521,1055,1586,1306,1493,3736,3866,3885,3738
399,1107,1730,4275,3011,648,1594,973,2158,1404,1479,2405,2570,2653,2287,2542,1978,1534,1199,1514,1275,1027,1527,1636,2084,57,0,2070,1547,2314,2386,2356,3196
400,40,35,960,100,364,442,165,491,166,91,91,43,79,0,90,17,2079,1405,2435,1855,1139,2323,2274,3594,1392,1326,1457,1583,1369,1483,1708,2528
401,762,991,735,443,2774,2593,928,870,1944,1399,0,0,0,1,19,52,0,6,3,104,59,1799,1035,260,2304,65,77,46,94,59,23,1
402,1489,1552,881,726,591,774,805,826,104,222,491,337,1730,1475,212,146,1791,773,641,586,551,1281,2447,629,740,1044,836,1108,974,1566,629,1264
403,1995,2642,3065,1334,587,2119,809,1928,622,2031,4223,3900,4127,3491,2182,993,924,1596,1012,2498,583,786,609,776,822,1006,939,1711,1471,1430,1636,1719
404,78,924,1849,1495,177,345,61,461,44,331,3276,3108,2196,876,1449,191,1627,2143,1700,2944,1345,1225,1430,1749,906,1458,1113,1331,3107,2932,2607,3092
405,551,1024,1330,1061,579,840,791,2596,949,281,3821,3937,3241,1503,2566,1884,59,0,428,1190,176,184,420,2961,1546,2750,3735,4193,4074,4154,3817,3961
406,1566,2401,2698,2441,2647,3085,2811,4380,894,1336,4558,4771,4094,2354,3307,2396,1009,829,714,944,1810,625,1104,3143,2,3187,1893,3278,2832,2704,3359,3105
407,215,278,148,172,239,582,468,838,1103,916,1156,1195,373,1107,295,196,2496,2198,2046,2846,3603,3396,4055,4464,1044,1443,0,657,588,17,1166,827
408,1465,3712,1439,1376,1762,1124,1719,1345,1314,1760,1745,1583,2651,2183,1723,1429,790,426,512,349,401,369,817,1064,709,1265,1133,1406,1005,1164,1531,777
409,1510,3179,3184,3415,1010,1530,2074,1691,1416,1845,5912,4516,2929,4096,3465,1719,1527,1167,2192,1730,1524,1458,1286,1312,1804,3153,2700,3273,2022,2345,3431,1959
410,1425,3815,3644,3681,906,2071,2550,2899,299,907,4495,3234,1837,2370,2561,3148,1635,1649,1876,1648,1165,2088,1132,2842,553,745,395,1320,3372,3836,4060,2854
411,0,1000,1219,310,0,1,150,2895,1776,1382,3908,1832,1465,1872,1991,2204,2241,2565,2021,1687,1995,2469,1797,3730,1056,1413,2961,4659,3393,3341,3486,2013
412,0,298,28,0,2088,2057,1363,2284,150,9,2818,612,69,1418,282,1254,0,0,137,90,1356,2324,188,1303,1912,481,1,1263,0,18,947,0
413,493,583,719,339,505,723,658,914,1522,1997,717,1081,2212,2028,790,511,1636,187,85,15,842,2094,1063,696,1736,136,100,291,188,174,192,235
414,4740,4517,3000,2047,2123,1958,1734,1913,2361,2337,2007,1762,2513,2985,1855,1323,450,480,566,556,594,634,681,326,1964,623,444,1131,476,934,1149,1123
415,3069,3738,1734,3664,788,742,1113,1431,827,768,3554,3578,1013,1817,2471,2379,2208,2158,2175,1623,1991,1911,1720,2197,721,502,133,313,173,428,530,365
416,634,1298,0,1247,8,1,12,716,1,28,36,49,1,31,0,0,1318,1131,1798,998,1285,1306,1082,3109,74,148,52,248,1663,1756,145,113
417,2,76,2,0,20,16,0,25,339,392,487,535,351,525,522,584,0,0,0,0,185,875,109,92,50,872,1034,2736,1094,796,440,366
418,0,0,1,0,145,64,0,30,1068,1387,796,584,900,1685,640,518,1770,423,69,79,117,122,1359,163,1411,781,743,766,932,980,665,947
419,1276,1876,1575,962,2192,2251,1780,1393,4039,3971,819,643,2760,2728,1101,635,36,323,105,1275,10,39,10,1,322,622,671,40,1095,890,752,1407
420,3260,4545,1346,1181,794,2021,1443,1335,2771,3243,1913,1972,2308,2587,2313,748,1024,833,1126,2619,974,1449,1197,1344,827,1104,1167,1100,1334,843,1298,1213
421,3298,4461,2099,1080,946,1723,2030,2960,2917,50,4,3630,2912,3172,3593,19,1845,1787,1909,1768,1864,2049,2003,2417,212,650,477,816,908,372,1338,1278
422,0,59,45,4,199,151,151,234,1835,205,291,2514,1535,238,2617,261,2017,1488,2008,1823,2747,2159,2642,2817,377,358,532,557,2067,1817,904,715
423,1,93,19,3,63,34,28,1,0,100,226,40,355,311,712,113,101,16,80,121,127,63,177,173,2245,1696,1956,2217,86,248,591,238
424,257,561,273,217,511,1590,653,412,319,330,427,140,1051,1406,280,212,957,1114,1846,1202,690,900,1058,1045,2224,2017,1680,1947,835,681,448,659
425,696,786,742,1129,2429,4063,661,498,2530,2463,804,329,1248,2610,591,279,105,1812,1082,2414,111,364,200,285,1395,1784,1055,1724,546,330,695,230
426,2238,2391,2279,1541,401,2071,229,418,2511,1872,605,244,576,3072,1844,1704,954,2150,1527,3198,945,960,923,1066,130,625,0,613,0,48,36,19
427,558,1165,353,277,131,506,98,649,1830,923,2991,2187,1318,2063,1158,1083,1016,1111,1190,2094,1169,1303,1414,2232,1286,881,1134,699,678,744,601,535
428,849,1261,712,544,526,522,1504,956,1883,784,3257,1977,1124,2778,1517,717,1003,698,930,825,1085,2696,1625,850,13,1051,0,133,3375,3159,717,1451
429,0,0,24,0,0,0,1,0,1707,617,773,842,634,926,1199,1305,3502,1301,1447,1202,1242,3394,2711,1498,2839,1760,2801,3292,1744,1707,1139,1784
430,1801,1858,2406,1456,1611,2189,1879,2368,861,333,1027,1056,692,1813,885,281,946,407,451,539,1111,492,596,711,1620,733,2435,3837,1163,1038,444,1336
431,707,904,743,1071,1798,2807,345,939,2528,2422,612,825,2268,3731,781,575,1009,559,1175,1078,1373,1267,842,1103,1051,285,1592,2747,109,35,586,991
432,1402,1531,984,798,23,0,106,9,72,497,512,801,731,1294,1863,1945,1074,801,1258,1102,1357,1506,1290,2257,179,377,330,14,407,90,674,390
433,185,558,2,0,0,1,1,1,1007,1021,1984,2160,1081,833,1547,1004,830,904,1032,1060,2051,1630,1311,1556,983,1168,1292,1392,926,992,1043,1057
434,1,0,0,55,0,0,381,0,40,90,36,1,0,56,81,27,1742,734,497,132,314,372,538,462,1594,548,74,0,1152,1277,2002,2196
435,479,757,708,556,388,552,478,760,1268,1017,940,1203,1243,1208,1293,1606,76,780,117,1239,0,49,120,63,4336,1602,3633,4038,3017,3419,4211,3143
436,1431,2290,1823,1971,2426,2067,2205,2644,3020,747,672,985,810,1553,414,4069,1159,973,1078,1695,971,859,1256,785,1589,421,2070,2743,1327,2037,2095,2362
437,773,546,1349,611,2130,1833,997,1247,5962,3251,1206,1729,2963,4376,1467,3185,74,21,63,101,17,87,57,1819,945,1639,1908,2992,1348,2072,1968,2075
438,1819,1911,3975,3477,2306,1436,333,2176,2553,504,370,338,300,2141,1352,3557,1600,1532,1945,1822,2133,2095,1611,2388,57,245,341,607,247,106,357,319
439,308,0,44,49,281,0,128,0,1676,12,2632,2484,176,979,119,1353,25,1,0,33,276,3821,2372,169,141,986,119,0,0,0,0,0
440,0,7,3,46,0,23,56,0,1767,1867,2827,1885,1908,2290,2724,2117,638,1123,2131,955,624,2425,654,908,2407,3264,2433,2989,3358,2890,3879,3939
441,2973,3143,3473,2954,2781,3349,3259,3780,2954,2733,3261,3100,2965,3421,3817,2811,675,691,690,256,707,166,310,190,3261,3675,7753,8705,5201,4705,4778,5277
442,3824,3853,3893,3793,3498,3694,4014,4815,4479,4855,4510,3040,2528,4842,4275,2434,2311,2241,2496,2275,1975,2752,2514,3317,3249,3848,6989,8693,5083,4538,5331,6436
443,776,1385,1159,1151,3202,4082,2122,4256,1355,1784,674,0,2711,5258,573,8,3746,2727,3536,3668,2960,3643,3649,5213,0,249,3026,5030,1636,622,2512,3284
444,1139,1341,491,168,435,568,747,358,241,235,927,785,370,2853,2397,2384,1504,72,944,1356,1980,1233,838,2560,0,0,874,2614,480,0,432,1270
445,65,119,583,297,27,176,72,48,78,234,1588,1620,452,1267,391,260,1055,353,522,4,376,1160,535,702,2071,1146,698,1282,210,279,683,215
446,91,162,5,596,155,132,1,181,741,828,619,725,784,836,674,710,282,810,641,1603,291,435,563,392,578,1076,771,675,2166,2523,2475,2983
447,247,633,894,640,722,829,547,1484,2215,2710,2306,1810,1886,2664,1861,2438,39,110,0,0,46,0,35,0,2968,3347,4010,4561,3551,3922,4898,4987
448,1591,2671,2845,1934,2503,3636,2450,4548,2984,4335,2388,1838,1598,2934,1369,1849,701,566,779,478,976,886,780,2212,1825,3106,3562,4439,3182,3148,4777,4467
449,16,13,0,0,1513,1452,4,1387,980,4264,746,591,421,1826,766,477,2530,1306,2425,2657,2276,2439,2350,3675,1504,873,243,599,394,375,615,675
450,2240,2792,686,686,629,630,610,788,299,1752,218,88,282,732,1168,886,795,136,3,20,161,1927,682,23,370,251,257,395,28,184,191,282
451,1,0,9,31,10,4,0,0,1966,2512,3888,4819,1838,2239,2029,2086,69,1109,1609,114,13,6,15,15,2281,2370,2422,2350,2223,2568,3064,2147
452,2066,2459,2508,2431,2248,2119,2524,3265,2233,1702,3835,3833,1947,2264,2019,1239,718,893,691,817,791,729,903,454,1400,2298,1383,1848,4844,5085,4682,4573
453,882,2245,973,1156,1182,1144,1277,3993,1762,1840,4127,4146,1457,2937,1737,1614,1938,1420,1875,1850,1957,2033,2305,3924,1087,1027,4108,4527,3635,4263,4662,4258
454,606,998,613,569,1998,3146,345,2884,1987,1674,3195,3091,581,2423,947,326,1069,0,1349,300,1370,1763,1056,4312,155,154,3131,4125,2885,3284,4246,3445
455,64,93,0,94,310,914,756,1816,0,618,315,1,651,2346,21,38,1081,935,1629,916,2707,1708,1211,4219,88,667,227,1787,0,748,2128,1592
456,368,698,111,0,0,28,0,0,1679,1553,1195,1782,1472,1095,2817,2845,715,123,0,71,252,1453,117,2251,1726,2371,1806,2208,2370,1899,2450,2231
457,1558,2344,1753,1477,1833,1955,1779,2040,2028,1687,4852,4755,1098,2715,3855,3397,106,261,310,2477,94,200,111,108,2412,5250,3497,3485,3373,2987,2840,2818
458,2061,3302,1824,2281,2099,2295,2392,3684,3762,3412,6743,6586,2412,4754,5538,4631,1899,1678,2516,2457,1614,1978,2390,1966,1390,4579,2901,3576,4911,5403,4913,5526
459,537,2717,888,1998,1963,2073,2447,4787,1327,3580,2636,4440,10,3206,2255,1428,2383,1351,2579,2475,1813,2431,2372,4808,4,893,899,2053,361,1107,2338,3769
460,78,10,50,36,1187,1313,21,350,250,2932,306,271,325,360,416,215,1560,592,2165,1647,1165,2368,1425,4028,159,75,0,38,0,0,28,295
461,0,8,301,431,1,0,2,0,0,10,90,49,11,60,1,88,328,243,148,135,285,1781,350,431,1674,1050,1265,1074,797,957,1385,574
462,2673,2547,1504,2338,1384,1160,1601,2128,1237,888,780,1495,967,1518,3769,3877,53,9,0,28,104,108,0,5,3858,3036,3416,3038,2243,2942,3158,3080
463,3085,3641,3061,2754,2838,2937,3001,3104,3250,2757,5781,5929,2312,4091,5966,5821,1831,1785,2349,3286,1754,1611,2023,1859,4436,4742,4392,5353,4670,5221,5294,5279
464,5356,5586,5859,5519,4884,5046,5685,7006,4479,3829,6750,7737,3788,6256,8053,6875,2447,1998,2639,3662,2037,2615,2529,3970,3213,4780,5204,6956,4514,6931,7255,7564
465,3946,4648,4959,4389,3996,4527,5060,6505,3239,2119,3834,4526,68,3445,4355,2516,5475,4254,5353,5377,4593,5353,5330,6622,572,1499,5232,6682,1132,3493,4240,4847
466,918,1615,1425,693,3369,3898,3111,3904,1241,1134,2356,2947,49,2957,2783,772,4821,2471,4201,4507,3871,4563,4953,5789,1012,2401,3614,5367,387,1669,2931,3528
467,7,5,478,1287,1024,1855,1155,1829,974,1127,753,559,671,2303,723,465,3083,2252,1162,995,2208,5103,1575,2411,638,1112,992,3788,788,772,1152,1121
468,1957,2474,2972,1704,715,1510,653,1730,933,1425,962,504,807,2958,3125,2641,677,0,1479,1223,2,2760,0,545,1512,2347,2332,5320,2081,2000,2500,2871
469,2706,3260,4031,2478,2299,2791,2235,3724,2379,1669,5271,3747,2494,4281,5450,2795,1077,798,1894,1288,1338,1225,968,1642,898,2473,2492,5275,4709,4698,3372,2840
470,2450,3993,4123,2421,1984,3297,2591,4559,2943,1991,5578,3616,2259,4617,5214,2597,2502,2291,2753,2795,2064,2852,2639,3443,35,0,24,2600,1422,1685,3779,3579
471,48,116,82,42,108,90,16,191,85,667,1431,3,0,604,731,74,3265,2085,3457,2827,1454,3135,2821,3944,1389,2249,2215,3647,877,829,1155,834
472,719,961,1255,1155,1936,2257,705,1186,1064,1614,1939,807,836,1835,964,1266,732,2,124,107,206,679,7,29,1489,1615,1162,2756,57,0,184,807
473,302,204,1693,2139,0,12,45,33,709,3322,1058,4424,3469,4184,1076,769,801,1239,1883,1052,820,786,990,868,192,678,269,1786,0,36,40,95
474,2517,2857,1801,1276,460,1045,834,735,53,932,346,2565,1404,2491,1971,2179,488,492,1038,2174,227,55,351,115,2227,2128,1968,3315,2284,2113,2037,2495
475,2690,3062,2066,2166,1265,2076,2231,3880,1,184,1435,3651,128,1899,809,1278,864,723,718,1343,733,785,1378,2898,0,0,0,0,0,8,0,0
476,0,0,0,0,0,0,0,0,0,0,0,0,0,0,0,0,1410,1721,1669,1786,1249,1922,2009,3663,0,0,0,0,0,0,0,0
477,0,0,0,0,0,0,0,0,0,0,0,0,0,0,0,0,0,0,0,0,0,0,0,0,0,0,0,0,0,0,0,0
478,0,0,0,0,0,0,0,0,0,0,0,0,0,0,0,0,0,0,0,0,0,0,0,0,0,0,0,0,0,0,0,0
479,0,0,0,0,0,0,0,0,Null,Null,Null,Null,Null,Null,Null,Null,0,0,0,0,0,0,0,0,Null,Null,Null,Null,Null,Null,Null,Null
480,Null,Null,Null,Null,Null,Null,Null,Null,Null,Null,Null,Null,Null,Null,Null,Null,0,0,0,0,0,0,0,0,Null,Null,Null,Null,Null,Null,Null,Null