op_r_out_bytes,ceph01_ceph-osd.0.asok.txt,ceph01_ceph-osd.1.asok.txt,ceph01_ceph-osd.2.asok.txt,ceph01_ceph-osd.3.asok.txt,ceph01_ceph-osd.4.asok.txt,ceph01_ceph-osd.5.asok.txt,ceph01_ceph-osd.6.asok.txt,ceph01_ceph-osd.7.asok.txt,ceph02_ceph-osd.10.asok.txt,ceph02_ceph-osd.11.asok.txt,ceph02_ceph-osd.12.asok.txt,ceph02_ceph-osd.13.asok.txt,ceph02_ceph-osd.14.asok.txt,ceph02_ceph-osd.15.asok.txt,ceph02_ceph-osd.8.asok.txt,ceph02_ceph-osd.9.asok.txt,ceph03_ceph-osd.16.asok.txt,ceph03_ceph-osd.17.asok.txt,ceph03_ceph-osd.18.asok.txt,ceph03_ceph-osd.19.asok.txt,ceph03_ceph-osd.20.asok.txt,ceph03_ceph-osd.21.asok.txt,ceph03_ceph-osd.22.asok.txt,ceph03_ceph-osd.23.asok.txt,ceph04_ceph-osd.24.asok.txt,ceph04_ceph-osd.25.asok.txt,ceph04_ceph-osd.26.asok.txt,ceph04_ceph-osd.27.asok.txt,ceph04_ceph-osd.28.asok.txt,ceph04_ceph-osd.29.asok.txt,ceph04_ceph-osd.30.asok.txt,ceph04_ceph-osd.31.asok.txt
0,128,32,16,0,0,0,0,0,134,114,0,0,0,0,32,32,268,3124,268,134,76,32,316,140,134,70,64,38,64,70,248,300
1,1048,792,1200,1328,128,536,1200,1072,1992,2144,664,128,664,920,256,1200,1072,3948,1072,920,1200,128,1328,1328,920,664,792,536,1328,664,2528,1200
2,1048,792,1200,1328,128,536,1200,1072,1992,2144,664,128,664,920,256,1200,1072,3948,1072,920,1200,128,1328,1328,920,664,792,536,1328,664,2528,1200
3,1048,792,1200,1328,128,536,1200,1072,1992,2144,664,128,664,920,256,1200,1072,3948,1072,920,1200,128,1328,1328,920,664,792,536,1328,664,2528,1200
4,1048,792,1200,1328,128,536,1200,1072,1992,2144,664,128,664,920,256,1200,1072,3948,1072,920,1200,128,1328,1328,920,664,792,536,1328,664,2528,1200
5,1048,792,1200,1328,128,536,1200,1072,1992,2144,664,128,664,920,256,1200,1072,3948,1072,920,1200,128,1328,1328,920,664,792,536,1328,664,2528,1200
6,1048,792,1200,1328,128,536,1200,1072,1992,2144,664,128,664,920,256,1200,1072,3948,1072,920,1200,128,1328,1328,920,664,792,536,1328,664,2528,1200
7,1048,792,1200,1328,128,536,1200,1072,1992,2144,664,128,664,920,256,1200,1072,3948,1072,920,1200,128,1328,1328,920,664,792,536,1328,664,2528,1200
8,1048,792,1200,1328,128,536,1200,1072,1992,2144,664,128,664,920,256,1200,1072,3948,1072,920,1200,128,1328,1328,920,664,792,536,1328,664,2528,1200
9,1048,792,1200,1328,128,536,1200,1072,1992,2144,664,128,664,920,256,1200,1072,3948,1072,920,1200,128,1328,1328,920,664,792,536,1328,664,2528,1200
10,1048,792,1200,1328,128,536,1200,1072,1992,2144,664,128,664,920,256,1200,1072,3948,1072,920,1200,128,1328,1328,920,664,792,536,1328,664,2528,1200
11,1048,792,1200,1328,128,536,1200,1072,1992,2144,664,128,664,920,256,1200,1072,3948,1072,920,1200,128,1328,1328,920,664,792,536,1328,664,2528,1200
12,1048,792,1200,1328,128,536,1200,1072,1992,2144,664,128,664,920,256,1200,1072,3948,1072,920,1200,128,1328,1328,920,664,792,536,1328,664,2528,1200
13,1048,792,1200,1328,128,536,1200,1072,1992,2144,664,128,664,920,256,1200,1072,3948,1072,920,1200,128,1328,1328,920,664,792,536,1328,664,2528,1200
14,1048,792,1200,1328,128,536,1200,1072,1992,2144,664,128,664,920,256,1200,1072,3948,1072,920,1200,128,1328,1328,920,664,792,536,1328,664,2528,1200
15,1048,792,1200,1328,128,536,1200,1072,1992,2144,664,128,664,920,256,1200,1072,3948,1072,920,1200,128,1328,1328,920,664,792,536,1328,664,2528,1200
16,1048,792,1200,1328,128,536,1200,1072,1992,2144,664,128,664,920,256,1200,1072,3948,1072,920,1200,128,1328,1328,920,664,792,536,1328,664,2528,1200
17,1048,792,1200,1328,128,536,1200,1072,1992,2144,664,128,664,920,256,1200,1072,3948,1072,920,1200,128,1328,1328,920,664,792,536,1328,664,2528,1200
18,1048,792,1200,1328,128,536,1200,1072,1992,2144,664,128,664,920,256,1200,1072,3948,1072,920,1200,128,1328,1328,920,664,792,536,1328,664,2528,1200
19,1048,792,1200,1328,128,536,1200,1072,1992,2144,664,128,664,920,256,1200,1072,3948,1072,920,1200,128,1328,1328,920,664,792,536,1328,664,2528,1200
20,1048,792,1200,1328,128,536,1200,1072,1992,2144,664,128,664,920,256,1200,1072,3948,1072,920,1200,128,1328,1328,920,664,792,536,1328,664,2528,1200
21,1048,792,1200,1328,128,536,1200,1072,1992,2144,664,128,664,920,256,1200,1072,3948,1072,920,1200,128,1328,1328,920,664,792,536,1328,664,2528,1200
22,1048,792,1200,1328,128,536,1200,1072,1992,2144,664,128,664,920,256,1200,1072,3948,1072,920,1200,128,1328,1328,920,664,792,536,1328,664,2528,1200
23,1048,792,1200,1328,128,536,1200,1072,1992,2144,664,128,664,920,256,1200,1072,3948,1072,920,1200,128,1328,1328,920,664,792,536,1328,664,2528,1200
24,1048,792,1200,1328,128,536,1200,1072,1992,2144,664,128,664,920,256,1200,1072,3948,1072,920,1200,128,1328,1328,920,664,792,536,1328,664,2528,1200
25,1048,792,1200,1328,128,536,1200,1072,1992,2144,664,128,664,920,256,1200,1072,3948,1072,920,1200,128,1328,1328,920,664,792,536,1328,664,2528,1200
26,1048,792,1200,1328,128,536,1200,1072,1992,2144,664,128,664,920,256,1200,1072,3948,1072,920,1200,128,1328,1328,920,664,792,536,1328,664,2528,1200
27,1048,792,1200,1328,128,536,1200,1072,1992,2144,664,128,664,920,256,1200,1072,3948,1072,920,1200,128,1328,1328,920,664,792,536,1328,664,2528,1200
28,1048,792,1200,1328,128,536,1200,1072,1992,2144,664,128,664,920,256,1200,1072,3948,1072,920,1200,128,1328,1328,920,664,792,536,1328,664,2528,1200
29,1048,792,1200,1328,128,536,1200,1072,1992,2144,664,128,664,920,256,1200,1072,3948,1072,920,1200,128,1328,1328,920,664,792,536,1328,664,2528,1200
30,1048,792,1200,1328,128,536,1200,1072,1992,2144,664,128,664,920,256,1200,1072,3948,1072,920,1200,128,1328,1328,920,664,792,536,1328,664,2528,1200
31,1048,792,1200,1328,128,536,1200,1072,1992,2144,664,128,664,920,256,1200,1072,3948,1072,920,1200,128,1328,1328,920,664,792,536,1328,664,2528,1200
32,1048,792,1200,1328,128,536,1200,1072,1992,2144,664,128,664,920,256,1200,1072,3948,1072,920,1200,128,1328,1328,920,664,792,536,1328,664,2528,1200
33,1048,792,1200,1328,128,536,1200,1072,1992,2144,664,128,664,920,256,1200,1072,3948,1072,920,1200,128,1328,1328,920,664,792,536,1328,664,2528,1200
34,1048,792,1200,1328,128,536,1200,1072,1992,2144,664,128,664,920,256,1200,1072,3948,1072,920,1200,128,1328,1328,920,664,792,536,1328,664,2528,1200
35,1048,792,1200,1328,128,536,1200,1072,1992,2144,664,128,664,920,256,1200,1072,3948,1072,920,1200,128,1328,1328,920,664,792,536,1328,664,2528,1200
36,1048,792,1200,1328,128,536,1200,1072,1992,2144,664,128,664,920,256,1200,1072,3948,1072,920,1200,128,1328,1328,920,664,792,536,1328,664,2528,1200
37,1048,792,1200,1328,128,536,1200,1072,1992,2144,664,128,664,920,256,1200,1072,3948,1072,920,1200,128,1328,1328,920,664,792,536,1328,664,2528,1200
38,1048,792,1200,1328,128,536,1200,1072,1992,2144,664,128,664,920,256,1200,1072,3948,1072,920,1200,128,1328,1328,920,664,792,536,1328,664,2528,1200
39,1048,792,1200,1328,128,536,1200,1072,1992,2144,664,128,664,920,256,1200,1072,3948,1072,920,1200,128,1328,1328,920,664,792,536,1328,664,2528,1200
40,1048,792,1200,1328,128,536,1200,1072,1992,2144,664,128,664,920,256,1200,1072,3948,1072,920,1200,128,1328,1328,920,664,792,536,1328,664,2528,1200
41,1048,792,1200,1328,128,536,1200,1072,1992,2144,664,128,664,920,256,1200,1072,3948,1072,920,1200,128,1328,1328,920,664,792,536,1328,664,2528,1200
42,1048,792,1200,1328,128,536,1200,1072,1992,2144,664,128,664,920,256,1200,1072,3948,1072,920,1200,128,1328,1328,920,664,792,536,1328,664,2528,1200
43,1048,792,1200,1328,128,536,1200,1072,1992,2144,664,128,664,920,256,1200,1072,3948,1072,920,1200,128,1328,1328,920,664,792,536,1328,664,2528,1200
44,1048,792,1200,1328,128,536,1200,1072,1992,2144,664,128,664,920,256,1200,1072,3948,1072,920,1200,128,1328,1328,920,664,792,536,1328,664,2528,1200
45,1048,792,1200,1328,128,536,1200,1072,1992,2144,664,128,664,920,256,1200,1072,3948,1072,920,1200,128,1328,1328,920,664,792,536,1328,664,2528,1200
46,1048,792,1200,1328,128,536,1200,1072,1992,2144,664,128,664,920,256,1200,1072,3948,1072,920,1200,128,1328,1328,920,664,792,536,1328,664,2528,1200
47,1048,792,1200,1328,128,536,1200,1072,1992,2144,664,128,664,920,256,1200,1072,3948,1072,920,1200,128,1328,1328,920,664,792,536,1328,664,2528,1200
48,1048,792,1200,1328,128,536,1200,1072,1992,2144,664,128,664,920,256,1200,1072,3948,1072,920,1200,128,1328,1328,920,664,792,536,1328,664,2528,1200
49,1048,792,1200,1328,128,536,1200,1072,1992,2144,664,128,664,920,256,1200,1072,3948,1072,920,1200,128,1328,1328,920,664,792,536,1328,664,2528,1200
50,1048,792,1200,1328,128,536,1200,1072,1992,2144,664,128,664,920,256,1200,1072,3948,1072,920,1200,128,1328,1328,920,664,792,536,1328,664,2528,1200
51,1048,792,1200,1328,128,536,1200,1072,1992,2144,664,128,664,920,256,1200,1072,3948,1072,920,1200,128,1328,1328,920,664,792,536,1328,664,2528,1200
52,1048,792,1200,1328,128,536,1200,1072,1992,2144,664,128,664,920,256,1200,1072,3948,1072,920,1200,128,1328,1328,920,664,792,536,1328,664,2528,1200
53,1048,792,1200,1328,128,536,1200,1072,1992,2144,664,128,664,920,256,1200,1072,3948,1072,920,1200,128,1328,1328,920,664,792,536,1328,664,2528,1200
54,1048,792,1200,1328,128,536,1200,1072,1992,2144,664,128,664,920,256,1200,1072,3948,1072,920,1200,128,1328,1328,920,664,792,536,1328,664,2528,1200
55,1048,792,1200,1328,128,536,1200,1072,1992,2144,664,128,664,920,256,1200,1072,3948,1072,920,1200,128,1328,1328,920,664,792,536,1328,664,2528,1200
56,1048,792,1200,1328,128,536,1200,1072,1992,2144,664,128,664,920,256,1200,1072,3948,1072,920,1200,128,1328,1328,920,664,792,536,1328,664,2528,1200
57,1048,792,1200,1328,128,536,1200,1072,1992,2144,664,128,664,920,256,1200,1072,3948,1072,920,1200,128,1328,1328,920,664,792,536,1328,664,2528,1200
58,1048,792,1200,1328,128,536,1200,1072,1992,2144,664,128,664,920,256,1200,1072,3948,1072,920,1200,128,1328,1328,920,664,792,536,1328,664,2528,1200
59,1048,792,1200,1328,128,536,1200,1072,1992,2144,664,128,664,920,256,1200,1072,3948,1072,920,1200,128,1328,1328,920,664,792,536,1328,664,2528,1200
60,1048,792,1200,1328,128,536,1200,1072,1992,2144,664,128,664,920,256,1200,1072,3948,1072,920,1200,128,1328,1328,920,664,792,536,1328,664,2528,1200
61,1048,792,1200,1328,128,536,1200,1072,1992,2144,664,128,664,920,256,1200,1072,3948,1072,920,1200,128,1328,1328,920,664,792,536,1328,664,2528,1200
62,1048,792,1200,1328,128,536,1200,1072,1992,2144,664,128,664,920,256,1200,1072,3948,1072,920,1200,128,1328,1328,920,664,792,536,1328,664,2528,1200
63,1048,792,1200,1328,128,536,1200,1072,1992,2144,664,128,664,920,256,1200,1072,3948,1072,920,1200,128,1328,1328,920,664,792,536,1328,664,2528,1200
64,1048,792,1200,1328,128,536,1200,1072,1992,2144,664,128,664,920,256,1200,1072,3948,1072,920,1200,128,1328,1328,920,664,792,536,1328,664,2528,1200
65,1048,792,1200,1328,128,536,1200,1072,1992,2144,664,128,664,920,256,1200,1072,3948,1072,920,1200,128,1328,1328,920,664,792,536,1328,664,2528,1200
66,1048,792,1200,1328,128,536,1200,1072,1992,2144,664,128,664,920,256,1200,1072,3948,1072,920,1200,128,1328,1328,920,664,792,536,1328,664,2528,1200
67,1048,792,1200,1328,128,536,1200,1072,1992,2144,664,128,664,920,256,1200,1072,3948,1072,920,1200,128,1328,1328,920,664,792,536,1328,664,2528,1200
68,1048,792,1200,1328,128,536,1200,1072,1992,2144,664,128,664,920,256,1200,1072,3948,1072,920,1200,128,1328,1328,920,664,792,536,1328,664,2528,1200
69,1048,792,1200,1328,128,536,1200,1072,1992,2144,664,128,664,920,256,1200,1072,3948,1072,920,1200,128,1328,1328,920,664,792,536,1328,664,2528,1200
70,1048,792,1200,1328,128,536,1200,1072,1992,2144,664,128,664,920,256,1200,1072,3948,1072,920,1200,128,1328,1328,920,664,792,536,1328,664,2528,1200
71,1048,792,1200,1328,128,536,1200,1072,1992,2144,664,128,664,920,256,1200,1072,3948,1072,920,1200,128,1328,1328,920,664,792,536,1328,664,2528,1200
72,1048,792,1200,1328,128,536,1200,1072,1992,2144,664,128,664,920,256,1200,1072,3948,1072,920,1200,128,1328,1328,920,664,792,536,1328,664,2528,1200
73,1048,792,1200,1328,128,536,1200,1072,1992,2144,664,128,664,920,256,1200,1072,3948,1072,920,1200,128,1328,1328,920,664,792,536,1328,664,2528,1200
74,1048,792,1200,1328,128,536,1200,1072,1992,2144,664,128,664,920,256,1200,1072,3948,1072,920,1200,128,1328,1328,920,664,792,536,1328,664,2528,1200
75,1048,792,1200,1328,128,536,1200,1072,1992,2144,664,128,664,920,256,1200,1072,3948,1072,920,1200,128,1328,1328,920,664,792,536,1328,664,2528,1200
76,1048,792,1200,1328,128,536,1200,1072,1992,2144,664,128,664,920,256,1200,1072,3948,1072,920,1200,128,1328,1328,920,664,792,536,1328,664,2528,1200
77,1048,792,1200,1328,128,536,1200,1072,1992,2144,664,128,664,920,256,1200,1072,3948,1072,920,1200,128,1328,1328,920,664,792,536,1328,664,2528,1200
78,1048,792,1200,1328,128,536,1200,1072,1992,2144,664,128,664,920,256,1200,1072,3948,1072,920,1200,128,1328,1328,920,664,792,536,1328,664,2528,1200
79,1048,792,1200,1328,128,536,1200,1072,1992,2144,664,128,664,920,256,1200,1072,3948,1072,920,1200,128,1328,1328,920,664,792,536,1328,664,2528,1200
80,1048,792,1200,1328,128,536,1200,1072,1992,2144,664,128,664,920,256,1200,1072,3948,1072,920,1200,128,1328,1328,920,664,792,536,1328,664,2528,1200
81,1048,792,1200,1328,128,536,1200,1072,1992,2144,664,128,664,920,256,1200,1072,3948,1072,920,1200,128,1328,1328,920,664,792,536,1328,664,2528,1200
82,1048,792,1200,1328,128,536,1200,1072,1992,2144,664,128,664,920,256,1200,1072,3948,1072,920,1200,128,1328,1328,920,664,792,536,1328,664,2528,1200
83,1048,792,1200,1328,128,536,1200,1072,1992,2144,664,128,664,920,256,1200,1072,3948,1072,920,1200,128,1328,1328,920,664,792,536,1328,664,2528,1200
84,1048,792,1200,1328,128,536,1200,1072,1992,2144,664,128,664,920,256,1200,1072,3948,1072,920,1200,128,1328,1328,920,664,792,536,1328,664,2528,1200
85,1048,792,1200,1328,128,536,1200,1072,1992,2144,664,128,664,920,256,1200,1072,3948,1072,920,1200,128,1328,1328,920,664,792,536,1328,664,2528,1200
86,1048,792,1200,1328,128,536,1200,1072,1992,2144,664,128,664,920,256,1200,1072,3948,1072,920,1200,128,1328,1328,920,664,792,536,1328,664,2528,1200
87,1048,792,1200,1328,128,536,1200,1072,1992,2144,664,128,664,920,256,1200,1072,3948,1072,920,1200,128,1328,1328,920,664,792,536,1328,664,2528,1200
88,1048,792,1200,1328,128,536,1200,1072,1992,2144,664,128,664,920,256,1200,1072,3948,1072,920,1200,128,1328,1328,920,664,792,536,1328,664,2528,1200
89,1048,792,1200,1328,128,536,1200,1072,1992,2144,664,128,664,920,256,1200,1072,3948,1072,920,1200,128,1328,1328,920,664,792,536,1328,664,2528,1200
90,1048,792,1200,1328,128,536,1200,1072,1992,2144,664,128,664,920,256,1200,1072,3948,1072,920,1200,128,1328,1328,920,664,792,536,1328,664,2528,1200
91,1048,792,1200,1328,128,536,1200,1072,1992,2144,664,128,664,920,256,1200,1072,3948,1072,920,1200,128,1328,1328,920,664,792,536,1328,664,2528,1200
92,1048,792,1200,1328,128,536,1200,1072,1992,2144,664,128,664,920,256,1200,1072,3948,1072,920,1200,128,1328,1328,920,664,792,536,1328,664,2528,1200
93,1048,792,1200,1328,128,536,1200,1072,1992,2144,664,128,664,920,256,1200,1072,3948,1072,920,1200,128,1328,1328,920,664,792,536,1328,664,2528,1200
94,1048,792,1200,1328,128,536,1200,1072,1992,2144,664,128,664,920,256,1200,1072,3948,1072,920,1200,128,1328,1328,920,664,792,536,1328,664,2528,1200
95,1048,792,1200,1328,128,536,1200,1072,1992,2144,664,128,664,920,256,1200,1072,3948,1072,920,1200,128,1328,1328,920,664,792,536,1328,664,2528,1200
96,1048,792,1200,1328,128,536,1200,1072,1992,2144,664,128,664,920,256,1200,1072,3948,1072,920,1200,128,1328,1328,920,664,792,536,1328,664,2528,1200
97,1048,792,1200,1328,128,536,1200,1072,1992,2144,664,128,664,920,256,1200,1072,3948,1072,920,1200,128,1328,1328,920,664,792,536,1328,664,2528,1200
98,1048,792,1200,1328,128,536,1200,1072,1992,2144,664,128,664,920,256,1200,1072,3948,1072,920,1200,128,1328,1328,920,664,792,536,1328,664,2528,1200
99,1048,792,1200,1328,128,536,1200,1072,1992,2144,664,128,664,920,256,1200,1072,3948,1072,920,1200,128,1328,1328,920,664,792,536,1328,664,2528,1200
100,1048,792,1200,1328,128,536,1200,1072,1992,2144,664,128,664,920,256,1200,1072,3948,1072,920,1200,128,1328,1328,920,664,792,536,1328,664,2528,1200
101,1048,792,1200,1328,128,536,1200,1072,1992,2144,664,128,664,920,256,1200,1072,3948,1072,920,1200,128,1328,1328,920,664,792,536,1328,664,2528,1200
102,1048,792,1200,1328,128,536,1200,1072,1992,2144,664,128,664,920,256,1200,1072,3948,1072,920,1200,128,1328,1328,920,664,792,536,1328,664,2528,1200
103,1048,792,1200,1328,128,536,1200,1072,1992,2144,664,128,664,920,256,1200,1072,3948,1072,920,1200,128,1328,1328,920,664,792,536,1328,664,2528,1200
104,1048,792,1200,1328,128,536,1200,1072,1992,2144,664,128,664,920,256,1200,1072,3948,1072,920,1200,128,1328,1328,920,664,792,536,1328,664,2528,1200
105,1048,792,1200,1328,128,536,1200,1072,1992,2144,664,128,664,920,256,1200,1072,3948,1072,920,1200,128,1328,1328,920,664,792,536,1328,664,2528,1200
106,1048,792,1200,1328,128,536,1200,1072,1992,2144,664,128,664,920,256,1200,1072,3948,1072,920,1200,128,1328,1328,920,664,792,536,1328,664,2528,1200
107,1048,792,1200,1328,128,536,1200,1072,1992,2144,664,128,664,920,256,1200,1072,3948,1072,920,1200,128,1328,1328,920,664,792,536,1328,664,2528,1200
108,1048,792,1200,1328,128,536,1200,1072,1992,2144,664,128,664,920,256,1200,1072,3948,1072,920,1200,128,1328,1328,920,664,792,536,1328,664,2528,1200
109,1048,792,1200,1328,128,536,1200,1072,1992,2144,664,128,664,920,256,1200,1072,3948,1072,920,1200,128,1328,1328,920,664,792,536,1328,664,2528,1200
110,1048,792,1200,1328,128,536,1200,1072,1992,2144,664,128,664,920,256,1200,1072,3948,1072,920,1200,128,1328,1328,920,664,792,536,1328,664,2528,1200
111,1048,792,1200,1328,128,536,1200,1072,1992,2144,664,128,664,920,256,1200,1072,3948,1072,920,1200,128,1328,1328,920,664,792,536,1328,664,2528,1200
112,1048,792,1200,1328,128,536,1200,1072,1992,2144,664,128,664,920,256,1200,1072,3948,1072,920,1200,128,1328,1328,920,664,792,536,1328,664,2528,1200
113,1048,792,1200,1328,128,536,1200,1072,1992,2144,664,128,664,920,256,1200,1072,3948,1072,920,1200,128,1328,1328,920,664,792,536,1328,664,2528,1200
114,1048,792,1200,1328,128,536,1200,1072,1992,2144,664,128,664,920,256,1200,1072,3948,1072,920,1200,128,1328,1328,920,664,792,536,1328,664,2528,1200
115,1048,792,1200,1328,128,536,1200,1072,1992,2144,664,128,664,920,256,1200,1072,3948,1072,920,1200,128,1328,1328,920,664,792,536,1328,664,2528,1200
116,1048,792,1200,1328,128,536,1200,1072,1992,2144,664,128,664,920,256,1200,1072,3948,1072,920,1200,128,1328,1328,920,664,792,536,1328,664,2528,1200
117,1048,792,1200,1328,128,536,1200,1072,1992,2144,664,128,664,920,256,1200,1072,3948,1072,920,1200,128,1328,1328,920,664,792,536,1328,664,2528,1200
118,1048,792,1200,1328,128,536,1200,1072,1992,2144,664,128,664,920,256,1200,1072,3948,1072,920,1200,128,1328,1328,920,664,792,536,1328,664,2528,1200
119,1048,792,1200,1328,128,536,1200,1072,1992,2144,664,128,664,920,256,1200,1072,3948,1072,920,1200,128,1328,1328,920,664,792,536,1328,664,2528,1200
120,1048,792,1200,1328,128,536,1200,1072,1992,2144,664,128,664,920,256,1200,1072,3948,1072,920,1200,128,1328,1328,920,664,792,536,1328,664,2528,1200
121,1048,792,1200,1328,128,536,1200,1072,1992,2144,664,128,664,920,256,1200,1072,3948,1072,920,1200,128,1328,1328,920,664,792,536,1328,664,2528,1200
122,1048,792,1200,1328,128,536,1200,1072,1992,2144,664,128,664,920,256,1200,1072,3948,1072,920,1200,128,1328,1328,920,664,792,536,1328,664,2528,1200
123,1048,792,1200,1328,128,536,1200,1072,1992,2144,664,128,664,920,256,1200,1072,3948,1072,920,1200,128,1328,1328,920,664,792,536,1328,664,2528,1200
124,1048,792,1200,1328,128,536,1200,1072,1992,2144,664,128,664,920,256,1200,1072,3948,1072,920,1200,128,1328,1328,920,664,792,536,1328,664,2528,1200
125,1048,792,1200,1328,128,536,1200,1072,1992,2144,664,128,664,920,256,1200,1072,3948,1072,920,1200,128,1328,1328,920,664,792,536,1328,664,2528,1200
126,1048,792,1200,1328,128,536,1200,1072,1992,2144,664,128,664,920,256,1200,1072,3948,1072,920,1200,128,1328,1328,920,664,792,536,1328,664,2528,1200
127,1048,792,1200,1328,128,536,1200,1072,1992,2144,664,128,664,920,256,1200,1072,3948,1072,920,1200,128,1328,1328,920,664,792,536,1328,664,2528,1200
128,1048,792,1200,1328,128,536,1200,1072,1992,2144,664,128,664,920,256,1200,1072,3948,1072,920,1200,128,1328,1328,920,664,792,536,1328,664,2528,1200
129,1048,792,1200,1328,128,536,1200,1072,1992,2144,664,128,664,920,256,1200,1072,3948,1072,920,1200,128,1328,1328,920,664,792,536,1328,664,2528,1200
130,1048,792,1200,1328,128,536,1200,1072,1992,2144,664,128,664,920,256,1200,1072,3948,1072,920,1200,128,1328,1328,920,664,792,536,1328,664,2528,1200
131,1048,792,1200,1328,128,536,1200,1072,1992,2144,664,128,664,920,256,1200,1072,3948,1072,920,1200,128,1328,1328,920,664,792,536,1328,664,2528,1200
132,1048,792,1200,1328,128,536,1200,1072,1992,2144,664,128,664,920,256,1200,1072,3948,1072,920,1200,128,1328,1328,920,664,792,536,1328,664,2528,1200
133,1048,792,1200,1328,128,536,1200,1072,1992,2144,664,128,664,920,256,1200,1072,3948,1072,920,1200,128,1328,1328,920,664,792,536,1328,664,2528,1200
134,1048,792,1200,1328,128,536,1200,1072,1992,2144,664,128,664,920,256,1200,1072,3948,1072,920,1200,128,1328,1328,920,664,792,536,1328,664,2528,1200
135,1048,792,1200,1328,128,536,1200,1072,1992,2144,664,128,664,920,256,1200,1072,3948,1072,920,1200,128,1328,1328,920,664,792,536,1328,664,2528,1200
136,1048,792,1200,1328,128,536,1200,1072,1992,2144,664,128,664,920,256,1200,1072,3948,1072,920,1200,128,1328,1328,920,664,792,536,1328,664,2528,1200
137,1048,792,1200,1328,128,536,1200,1072,1992,2144,664,128,664,920,256,1200,1072,3948,1072,920,1200,128,1328,1328,920,664,792,536,1328,664,2528,1200
138,1048,792,1200,1328,128,536,1200,1072,1992,2144,664,128,664,920,256,1200,1072,3948,1072,920,1200,128,1328,1328,920,664,792,536,1328,664,2528,1200
139,1048,792,1200,1328,128,536,1200,1072,1992,2144,664,128,664,920,256,1200,1072,3948,1072,920,1200,128,1328,1328,920,664,792,536,1328,664,2528,1200
140,1048,792,1200,1328,128,536,1200,1072,1992,2144,664,128,664,920,256,1200,1072,3948,1072,920,1200,128,1328,1328,920,664,792,536,1328,664,2528,1200
141,1048,792,1200,1328,128,536,1200,1072,1992,2144,664,128,664,920,256,1200,1072,3948,1072,920,1200,128,1328,1328,920,664,792,536,1328,664,2528,1200
142,1048,792,1200,1328,128,536,1200,1072,1992,2144,664,128,664,920,256,1200,1072,3948,1072,920,1200,128,1328,1328,920,664,792,536,1328,664,2528,1200
143,1048,792,1200,1328,128,536,1200,1072,1992,2144,664,128,664,920,256,1200,1072,3948,1072,920,1200,128,1328,1328,920,664,792,536,1328,664,2528,1200
144,1048,792,1200,1328,128,536,1200,1072,1992,2144,664,128,664,920,256,1200,1072,3948,1072,920,1200,128,1328,1328,920,664,792,536,1328,664,2528,1200
145,1048,792,1200,1328,128,536,1200,1072,1992,2144,664,128,664,920,256,1200,1072,3948,1072,920,1200,128,1328,1328,920,664,792,536,1328,664,2528,1200
146,1048,792,1200,1328,128,536,1200,1072,1992,2144,664,128,664,920,256,1200,1072,3948,1072,920,1200,128,1328,1328,920,664,792,536,1328,664,2528,1200
147,1048,792,1200,1328,128,536,1200,1072,1992,2144,664,128,664,920,256,1200,1072,3948,1072,920,1200,128,1328,1328,920,664,792,536,1328,664,2528,1200
148,1048,792,1200,1328,128,536,1200,1072,1992,2144,664,128,664,920,256,1200,1072,3948,1072,920,1200,128,1328,1328,920,664,792,536,1328,664,2528,1200
149,1048,792,1200,1328,128,536,1200,1072,1992,2144,664,128,664,920,256,1200,1072,3948,1072,920,1200,128,1328,1328,920,664,792,536,1328,664,2528,1200
150,1048,792,1200,1328,128,536,1200,1072,1992,2144,664,128,664,920,256,1200,1072,3948,1072,920,1200,128,1328,1328,920,664,792,536,1328,664,2528,1200
151,1048,792,1200,1328,128,536,1200,1072,1992,2144,664,128,664,920,256,1200,1072,3948,1072,920,1200,128,1328,1328,920,664,792,536,1328,664,2528,1200
152,1048,792,1200,1328,128,536,1200,1072,1992,2144,664,128,664,920,256,1200,1072,3948,1072,920,1200,128,1328,1328,920,664,792,536,1328,664,2528,1200
153,1048,792,1200,1328,128,536,1200,1072,1992,2144,664,128,664,920,256,1200,1072,3948,1072,920,1200,128,1328,1328,920,664,792,536,1328,664,2528,1200
154,1048,792,1200,1328,128,536,1200,1072,1992,2144,664,128,664,920,256,1200,1072,3948,1072,920,1200,128,1328,1328,920,664,792,536,1328,664,2528,1200
155,1048,792,1200,1328,128,536,1200,1072,1992,2144,664,128,664,920,256,1200,1072,3948,1072,920,1200,128,1328,1328,920,664,792,536,1328,664,2528,1200
156,1048,792,1200,1328,128,536,1200,1072,1992,2144,664,128,664,920,256,1200,1072,3948,1072,920,1200,128,1328,1328,920,664,792,536,1328,664,2528,1200
157,1048,792,1200,1328,128,536,1200,1072,1992,2144,664,128,664,920,256,1200,1072,3948,1072,920,1200,128,1328,1328,920,664,792,536,1328,664,2528,1200
158,1048,792,1200,1328,128,536,1200,1072,1992,2144,664,128,664,920,256,1200,1072,3948,1072,920,1200,128,1328,1328,920,664,792,536,1328,664,2528,1200
159,1048,792,1200,1328,128,536,1200,1072,1992,2144,664,128,664,920,256,1200,1072,3948,1072,920,1200,128,1328,1328,920,664,792,536,1328,664,2528,1200
160,1048,792,1200,1328,128,536,1200,1072,1992,2144,664,128,664,920,256,1200,1072,3948,1072,920,1200,128,1328,1328,920,664,792,536,1328,664,2528,1200
161,1048,792,1200,1328,128,536,1200,1072,1992,2144,664,128,664,920,256,1200,1072,3948,1072,920,1200,128,1328,1328,920,664,792,536,1328,664,2528,1200
162,1048,792,1200,1328,128,536,1200,1072,1992,2144,664,128,664,920,256,1200,1072,3948,1072,920,1200,128,1328,1328,920,664,792,536,1328,664,2528,1200
163,1048,792,1200,1328,128,536,1200,1072,1992,2144,664,128,664,920,256,1200,1072,3948,1072,920,1200,128,1328,1328,920,664,792,536,1328,664,2528,1200
164,1048,792,1200,1328,128,536,1200,1072,1992,2144,664,128,664,920,256,1200,1072,3948,1072,920,1200,128,1328,1328,920,664,792,536,1328,664,2528,1200
165,1048,792,1200,1328,128,536,1200,1072,1992,2144,664,128,664,920,256,1200,1072,3948,1072,920,1200,128,1328,1328,920,664,792,536,1328,664,2528,1200
166,1048,792,1200,1328,128,536,1200,1072,1992,2144,664,128,664,920,256,1200,1072,3948,1072,920,1200,128,1328,1328,920,664,792,536,1328,664,2528,1200
167,1048,792,1200,1328,128,536,1200,1072,1992,2144,664,128,664,920,256,1200,1072,3948,1072,920,1200,128,1328,1328,920,664,792,536,1328,664,2528,1200
168,1048,792,1200,1328,128,536,1200,1072,1992,2144,664,128,664,920,256,1200,1072,3948,1072,920,1200,128,1328,1328,920,664,792,536,1328,664,2528,1200
169,1048,792,1200,1328,128,536,1200,1072,1992,2144,664,128,664,920,256,1200,1072,3948,1072,920,1200,128,1328,1328,920,664,792,536,1328,664,2528,1200
170,1048,792,1200,1328,128,536,1200,1072,1992,2144,664,128,664,920,256,1200,1072,3948,1072,920,1200,128,1328,1328,920,664,792,536,1328,664,2528,1200
171,1048,792,1200,1328,128,536,1200,1072,1992,2144,664,128,664,920,256,1200,1072,3948,1072,920,1200,128,1328,1328,920,664,792,536,1328,664,2528,1200
172,1048,792,1200,1328,128,536,1200,1072,1992,2144,664,128,664,920,256,1200,1072,3948,1072,920,1200,128,1328,1328,920,664,792,536,1328,664,2528,1200
173,1048,792,1200,1328,128,536,1200,1072,1992,2144,664,128,664,920,256,1200,1072,3948,1072,920,1200,128,1328,1328,920,664,792,536,1328,664,2528,1200
174,1048,792,1200,1328,128,536,1200,1072,1992,2144,664,128,664,920,256,1200,1072,3948,1072,920,1200,128,1328,1328,920,664,792,536,1328,664,2528,1200
175,1048,792,1200,1328,128,536,1200,1072,1992,2144,664,128,664,920,256,1200,1072,3948,1072,920,1200,128,1328,1328,920,664,792,536,1328,664,2528,1200
176,1048,792,1200,1328,128,536,1200,1072,1992,2144,664,128,664,920,256,1200,1072,3948,1072,920,1200,128,1328,1328,920,664,792,536,1328,664,2528,1200
177,1048,792,1200,1328,128,536,1200,1072,1992,2144,664,128,664,920,256,1200,1072,3948,1072,920,1200,128,1328,1328,920,664,792,536,1328,664,2528,1200
178,1048,792,1200,1328,128,536,1200,1072,1992,2144,664,128,664,920,256,1200,1072,3948,1072,920,1200,128,1328,1328,920,664,792,536,1328,664,2528,1200
179,1048,792,1200,1328,128,536,1200,1072,1992,2144,664,128,664,920,256,1200,1072,3948,1072,920,1200,128,1328,1328,920,664,792,536,1328,664,2528,1200
180,1048,792,1200,1328,128,536,1200,1072,1992,2144,664,128,664,920,256,1200,1072,3948,1072,920,1200,128,1328,1328,920,664,792,536,1328,664,2528,1200
181,1048,792,1200,1328,128,536,1200,1072,1992,2144,664,128,664,920,256,1200,1072,3948,1072,920,1200,128,1328,1328,920,664,792,536,1328,664,2528,1200
182,1048,792,1200,1328,128,536,1200,1072,1992,2144,664,128,664,920,256,1200,1072,3948,1072,920,1200,128,1328,1328,920,664,792,536,1328,664,2528,1200
183,1048,792,1200,1328,128,536,1200,1072,1992,2144,664,128,664,920,256,1200,1072,3948,1072,920,1200,128,1328,1328,920,664,792,536,1328,664,2528,1200
184,1048,792,1200,1328,128,536,1200,1072,1992,2144,664,128,664,920,256,1200,1072,3948,1072,920,1200,128,1328,1328,920,664,792,536,1328,664,2528,1200
185,1048,792,1200,1328,128,536,1200,1072,1992,2144,664,128,664,920,256,1200,1072,3948,1072,920,1200,128,1328,1328,920,664,792,536,1328,664,2528,1200
186,1048,792,1200,1328,128,536,1200,1072,1992,2144,664,128,664,920,256,1200,1072,3948,1072,920,1200,128,1328,1328,920,664,792,536,1328,664,2528,1200
187,1048,792,1200,1328,128,536,1200,1072,1992,2144,664,128,664,920,256,1200,1072,3948,1072,920,1200,128,1328,1328,920,664,792,536,1328,664,2528,1200
188,1048,792,1200,1328,128,536,1200,1072,1992,2144,664,128,664,920,256,1200,1072,3948,1072,920,1200,128,1328,1328,920,664,792,536,1328,664,2528,1200
189,1048,792,1200,1328,128,536,1200,1072,1992,2144,664,128,664,920,256,1200,1072,3948,1072,920,1200,128,1328,1328,920,664,792,536,1328,664,2528,1200
190,1048,792,1200,1328,128,536,1200,1072,1992,2144,664,128,664,920,256,1200,1072,3948,1072,920,1200,128,1328,1328,920,664,792,536,1328,664,2528,1200
191,1048,792,1200,1328,128,536,1200,1072,1992,2144,664,128,664,920,256,1200,1072,3948,1072,920,1200,128,1328,1328,920,664,792,536,1328,664,2528,1200
192,1048,792,1200,1328,128,536,1200,1072,1992,2144,664,128,664,920,256,1200,1072,3948,1072,920,1200,128,1328,1328,920,664,792,536,1328,664,2528,1200
193,1048,792,1200,1328,128,536,1200,1072,1992,2144,664,128,664,920,256,1200,1072,3948,1072,920,1200,128,1328,1328,920,664,792,536,1328,664,2528,1200
194,1048,792,1200,1328,128,536,1200,1072,1992,2144,664,128,664,920,256,1200,1072,3948,1072,920,1200,128,1328,1328,920,664,792,536,1328,664,2528,1200
195,1048,792,1200,1328,128,536,1200,1072,1992,2144,664,128,664,920,256,1200,1072,3948,1072,920,1200,128,1328,1328,920,664,792,536,1328,664,2528,1200
196,1048,792,1200,1328,128,536,1200,1072,1992,2144,664,128,664,920,256,1200,1072,3948,1072,920,1200,128,1328,1328,920,664,792,536,1328,664,2528,1200
197,1048,792,1200,1328,128,536,1200,1072,1992,2144,664,128,664,920,256,1200,1072,3948,1072,920,1200,128,1328,1328,920,664,792,536,1328,664,2528,1200
198,1048,792,1200,1328,128,536,1200,1072,1992,2144,664,128,664,920,256,1200,1072,3948,1072,920,1200,128,1328,1328,920,664,792,536,1328,664,2528,1200
199,1048,792,1200,1328,128,536,1200,1072,1992,2144,664,128,664,920,256,1200,1072,3948,1072,920,1200,128,1328,1328,920,664,792,536,1328,664,2528,1200
200,1048,792,1200,1328,128,536,1200,1072,1992,2144,664,128,664,920,256,1200,1072,3948,1072,920,1200,128,1328,1328,920,664,792,536,1328,664,2528,1200
201,1048,792,1200,1328,128,536,1200,1072,1992,2144,664,128,664,920,256,1200,1072,3948,1072,920,1200,128,1328,1328,920,664,792,536,1328,664,2528,1200
202,1048,792,1200,1328,128,536,1200,1072,1992,2144,664,128,664,920,256,1200,1072,3948,1072,920,1200,128,1328,1328,920,664,792,536,1328,664,2528,1200
203,1048,792,1200,1328,128,536,1200,1072,1992,2144,664,128,664,920,256,1200,1072,3948,1072,920,1200,128,1328,1328,920,664,792,536,1328,664,2528,1200
204,1048,792,1200,1328,128,536,1200,1072,1992,2144,664,128,664,920,256,1200,1072,3948,1072,920,1200,128,1328,1328,920,664,792,536,1328,664,2528,1200
205,1048,792,1200,1328,128,536,1200,1072,1992,2144,664,128,664,920,256,1200,1072,3948,1072,920,1200,128,1328,1328,920,664,792,536,1328,664,2528,1200
206,1048,792,1200,1328,128,536,1200,1072,1992,2144,664,128,664,920,256,1200,1072,3948,1072,920,1200,128,1328,1328,920,664,792,536,1328,664,2528,1200
207,1048,792,1200,1328,128,536,1200,1072,1992,2144,664,128,664,920,256,1200,1072,3948,1072,920,1200,128,1328,1328,920,664,792,536,1328,664,2528,1200
208,1048,792,1200,1328,128,536,1200,1072,1992,2144,664,128,664,920,256,1200,1072,3948,1072,920,1200,128,1328,1328,920,664,792,536,1328,664,2528,1200
209,1048,792,1200,1328,128,536,1200,1072,1992,2144,664,128,664,920,256,1200,1072,3948,1072,920,1200,128,1328,1328,920,664,792,536,1328,664,2528,1200
210,1048,792,1200,1328,128,536,1200,1072,1992,2144,664,128,664,920,256,1200,1072,3948,1072,920,1200,128,1328,1328,920,664,792,536,1328,664,2528,1200
211,1048,792,1200,1328,128,536,1200,1072,1992,2144,664,128,664,920,256,1200,1072,3948,1072,920,1200,128,1328,1328,920,664,792,536,1328,664,2528,1200
212,1048,792,1200,1328,128,536,1200,1072,1992,2144,664,128,664,920,256,1200,1072,3948,1072,920,1200,128,1328,1328,920,664,792,536,1328,664,2528,1200
213,1048,792,1200,1328,128,536,1200,1072,1992,2144,664,128,664,920,256,1200,1072,3948,1072,920,1200,128,1328,1328,920,664,792,536,1328,664,2528,1200
214,1048,792,1200,1328,128,536,1200,1072,1992,2144,664,128,664,920,256,1200,1072,3948,1072,920,1200,128,1328,1328,920,664,792,536,1328,664,2528,1200
215,1048,792,1200,1328,128,536,1200,1072,1992,2144,664,128,664,920,256,1200,1072,3948,1072,920,1200,128,1328,1328,920,664,792,536,1328,664,2528,1200
216,1048,792,1200,1328,128,536,1200,1072,1992,2144,664,128,664,920,256,1200,1072,3948,1072,920,1200,128,1328,1328,920,664,792,536,1328,664,2528,1200
217,1048,792,1200,1328,128,536,1200,1072,1992,2144,664,128,664,920,256,1200,1072,3948,1072,920,1200,128,1328,1328,920,664,792,536,1328,664,2528,1200
218,1048,792,1200,1328,128,536,1200,1072,1992,2144,664,128,664,920,256,1200,1072,3948,1072,920,1200,128,1328,1328,920,664,792,536,1328,664,2528,1200
219,1048,792,1200,1328,128,536,1200,1072,1992,2144,664,128,664,920,256,1200,1072,3948,1072,920,1200,128,1328,1328,920,664,792,536,1328,664,2528,1200
220,1048,792,1200,1328,128,536,1200,1072,1992,2144,664,128,664,920,256,1200,1072,3948,1072,920,1200,128,1328,1328,920,664,792,536,1328,664,2528,1200
221,1048,792,1200,1328,128,536,1200,1072,1992,2144,664,128,664,920,256,1200,1072,3948,1072,920,1200,128,1328,1328,920,664,792,536,1328,664,2528,1200
222,1048,792,1200,1328,128,536,1200,1072,1992,2144,664,128,664,920,256,1200,1072,3948,1072,920,1200,128,1328,1328,920,664,792,536,1328,664,2528,1200
223,1048,792,1200,1328,128,536,1200,1072,1992,2144,664,128,664,920,256,1200,1072,3948,1072,920,1200,128,1328,1328,920,664,792,536,1328,664,2528,1200
224,1048,792,1200,1328,128,536,1200,1072,1992,2144,664,128,664,920,256,1200,1072,3948,1072,920,1200,128,1328,1328,920,664,792,536,1328,664,2528,1200
225,1048,792,1200,1328,128,536,1200,1072,1992,2144,664,128,664,920,256,1200,1072,3948,1072,920,1200,128,1328,1328,920,664,792,536,1328,664,2528,1200
226,1048,792,1200,1328,128,536,1200,1072,1992,2144,664,128,664,920,256,1200,1072,3948,1072,920,1200,128,1328,1328,920,664,792,536,1328,664,2528,1200
227,1048,792,1200,1328,128,536,1200,1072,1992,2144,664,128,664,920,256,1200,1072,3948,1072,920,1200,128,1328,1328,920,664,792,536,1328,664,2528,1200
228,1048,792,1200,1328,128,536,1200,1072,1992,2144,664,128,664,920,256,1200,1072,3948,1072,920,1200,128,1328,1328,920,664,792,536,1328,664,2528,1200
229,1048,792,1200,1328,128,536,1200,1072,1992,2144,664,128,664,920,256,1200,1072,3948,1072,920,1200,128,1328,1328,920,664,792,536,1328,664,2528,1200
230,1048,792,1200,1328,128,536,1200,1072,1992,2144,664,128,664,920,256,1200,1072,3948,1072,920,1200,128,1328,1328,920,664,792,536,1328,664,2528,1200
231,1048,792,1200,1328,128,536,1200,1072,1992,2144,664,128,664,920,256,1200,1072,3948,1072,920,1200,128,1328,1328,920,664,792,536,1328,664,2528,1200
232,1048,792,1200,1328,128,536,1200,1072,1992,2144,664,128,664,920,256,1200,1072,3948,1072,920,1200,128,1328,1328,920,664,792,536,1328,664,2528,1200
233,1048,792,1200,1328,128,536,1200,1072,1992,2144,664,128,664,920,256,1200,1072,3948,1072,920,1200,128,1328,1328,920,664,792,536,1328,664,2528,1200
234,1048,792,1200,1328,128,536,1200,1072,1992,2144,664,128,664,920,256,1200,1072,3948,1072,920,1200,128,1328,1328,920,664,792,536,1328,664,2528,1200
235,1048,792,1200,1328,128,536,1200,1072,1992,2144,664,128,664,920,256,1200,1072,3948,1072,920,1200,128,1328,1328,920,664,792,536,1328,664,2528,1200
236,1048,792,1200,1328,128,536,1200,1072,1992,2144,664,128,664,920,256,1200,1072,3948,1072,920,1200,128,1328,1328,920,664,792,536,1328,664,2528,1200
237,1048,792,1200,1328,128,536,1200,1072,1992,2144,664,128,664,920,256,1200,1072,3948,1072,920,1200,128,1328,1328,920,664,792,536,1328,664,2528,1200
238,1048,792,1200,1328,128,536,1200,1072,1992,2144,664,128,664,920,256,1200,1072,3948,1072,920,1200,128,1328,1328,920,664,792,536,1328,664,2528,1200
239,1048,792,1200,1328,128,536,1200,1072,1992,2144,664,128,664,920,256,1200,1072,3948,1072,920,1200,128,1328,1328,920,664,792,536,1328,664,2528,1200
240,1048,792,1200,1328,128,536,1200,1072,1992,2144,664,128,664,920,256,1200,1072,3948,1072,920,1200,128,1328,1328,920,664,792,536,1328,664,2528,1200
241,1048,792,1200,1328,128,536,1200,1072,1992,2144,664,128,664,920,256,1200,1072,3948,1072,920,1200,128,1328,1328,920,664,792,536,1328,664,2528,1200
242,1048,792,1200,1328,128,536,1200,1072,1992,2144,664,128,664,920,256,1200,1072,3948,1072,920,1200,128,1328,1328,920,664,792,536,1328,664,2528,1200
243,1048,792,1200,1328,128,536,1200,1072,1992,2144,664,128,664,920,256,1200,1072,3948,1072,920,1200,128,1328,1328,920,664,792,536,1328,664,2528,1200
244,1048,792,1200,1328,128,536,1200,1072,1992,2144,664,128,664,920,256,1200,1072,3948,1072,920,1200,128,1328,1328,920,664,792,536,1328,664,2528,1200
245,1048,792,1200,1328,128,536,1200,1072,1992,2144,664,128,664,920,256,1200,1072,3948,1072,920,1200,128,1328,1328,920,664,792,536,1328,664,2528,1200
246,1048,792,1200,1328,128,536,1200,1072,1992,2144,664,128,664,920,256,1200,1072,3948,1072,920,1200,128,1328,1328,920,664,792,536,1328,664,2528,1200
247,1048,792,1200,1328,128,536,1200,1072,1992,2144,664,128,664,920,256,1200,1072,3948,1072,920,1200,128,1328,1328,920,664,792,536,1328,664,2528,1200
248,1048,792,1200,1328,128,536,1200,1072,1992,2144,664,128,664,920,256,1200,1072,3948,1072,920,1200,128,1328,1328,920,664,792,536,1328,664,2528,1200
249,1048,792,1200,1328,128,536,1200,1072,1992,2144,664,128,664,920,256,1200,1072,3948,1072,920,1200,128,1328,1328,920,664,792,536,1328,664,2528,1200
250,1048,792,1200,1328,128,536,1200,1072,1992,2144,664,128,664,920,256,1200,1072,3948,1072,920,1200,128,1328,1328,920,664,792,536,1328,664,2528,1200
251,1048,792,1200,1328,128,536,1200,1072,1992,2144,664,128,664,920,256,1200,1072,3948,1072,920,1200,128,1328,1328,920,664,792,536,1328,664,2528,1200
252,1048,792,1200,1328,128,536,1200,1072,1992,2144,664,128,664,920,256,1200,1072,3948,1072,920,1200,128,1328,1328,920,664,792,536,1328,664,2528,1200
253,1048,792,1200,1328,128,536,1200,1072,1992,2144,664,128,664,920,256,1200,1072,3948,1072,920,1200,128,1328,1328,920,664,792,536,1328,664,2528,1200
254,1048,792,1200,1328,128,536,1200,1072,1992,2144,664,128,664,920,256,1200,1072,3948,1072,920,1200,128,1328,1328,920,664,792,536,1328,664,2528,1200
255,1048,792,1200,1328,128,536,1200,1072,1992,2144,664,128,664,920,256,1200,1072,3948,1072,920,1200,128,1328,1328,920,664,792,536,1328,664,2528,1200
256,1048,792,1200,1328,128,536,1200,1072,1992,2144,664,128,664,920,256,1200,1072,3948,1072,920,1200,128,1328,1328,920,664,792,536,1328,664,2528,1200
257,1048,792,1200,1328,128,536,1200,1072,1992,2144,664,128,664,920,256,1200,1072,3948,1072,920,1200,128,1328,1328,920,664,792,536,1328,664,2528,1200
258,1048,792,1200,1328,128,536,1200,1072,1992,2144,664,128,664,920,256,1200,1072,3948,1072,920,1200,128,1328,1328,920,664,792,536,1328,664,2528,1200
259,1048,792,1200,1328,128,536,1200,1072,1992,2144,664,128,664,920,256,1200,1072,3948,1072,920,1200,128,1328,1328,920,664,792,536,1328,664,2528,1200
260,1048,792,1200,1328,128,536,1200,1072,1992,2144,664,128,664,920,256,1200,1072,3948,1072,920,1200,128,1328,1328,920,664,792,536,1328,664,2528,1200
261,1048,792,1200,1328,128,536,1200,1072,1992,2144,664,128,664,920,256,1200,1072,3948,1072,920,1200,128,1328,1328,920,664,792,536,1328,664,2528,1200
262,1048,792,1200,1328,128,536,1200,1072,1992,2144,664,128,664,920,256,1200,1072,3948,1072,920,1200,128,1328,1328,920,664,792,536,1328,664,2528,1200
263,1048,792,1200,1328,128,536,1200,1072,1992,2144,664,128,664,920,256,1200,1072,3948,1072,920,1200,128,1328,1328,920,664,792,536,1328,664,2528,1200
264,1048,792,1200,1328,128,536,1200,1072,1992,2144,664,128,664,920,256,1200,1072,3948,1072,920,1200,128,1328,1328,920,664,792,536,1328,664,2528,1200
265,1048,792,1200,1328,128,536,1200,1072,1992,2144,664,128,664,920,256,1200,1072,3948,1072,920,1200,128,1328,1328,920,664,792,536,1328,664,2528,1200
266,1048,792,1200,1328,128,536,1200,1072,1992,2144,664,128,664,920,256,1200,1072,3948,1072,920,1200,128,1328,1328,920,664,792,536,1328,664,2528,1200
267,1048,792,1200,1328,128,536,1200,1072,1992,2144,664,128,664,920,256,1200,1072,3948,1072,920,1200,128,1328,1328,920,664,792,536,1328,664,2528,1200
268,1048,792,1200,1328,128,536,1200,1072,1992,2144,664,128,664,920,256,1200,1072,3948,1072,920,1200,128,1328,1328,920,664,792,536,1328,664,2528,1200
269,1048,792,1200,1328,128,536,1200,1072,1992,2144,664,128,664,920,256,1200,1072,3948,1072,920,1200,128,1328,1328,920,664,792,536,1328,664,2528,1200
270,1048,792,1200,1328,128,536,1200,1072,1992,2144,664,128,664,920,256,1200,1072,3948,1072,920,1200,128,1328,1328,920,664,792,536,1328,664,2528,1200
271,1048,792,1200,1328,128,536,1200,1072,1992,2144,664,128,664,920,256,1200,1072,3948,1072,920,1200,128,1328,1328,920,664,792,536,1328,664,2528,1200
272,1048,792,1200,1328,128,536,1200,1072,1992,2144,664,128,664,920,256,1200,1072,3948,1072,920,1200,128,1328,1328,920,664,792,536,1328,664,2528,1200
273,1048,792,1200,1328,128,536,1200,1072,1992,2144,664,128,664,920,256,1200,1072,3948,1072,920,1200,128,1328,1328,920,664,792,536,1328,664,2528,1200
274,1048,792,1200,1328,128,536,1200,1072,1992,2144,664,128,664,920,256,1200,1072,3948,1072,920,1200,128,1328,1328,920,664,792,536,1328,664,2528,1200
275,1048,792,1200,1328,128,536,1200,1072,1992,2144,664,128,664,920,256,1200,1072,3948,1072,920,1200,128,1328,1328,920,664,792,536,1328,664,2528,1200
276,1048,792,1200,1328,128,536,1200,1072,1992,2144,664,128,664,920,256,1200,1072,3948,1072,920,1200,128,1328,1328,920,664,792,536,1328,664,2528,1200
277,1048,792,1200,1328,128,536,1200,1072,1992,2144,664,128,664,920,256,1200,1072,3948,1072,920,1200,128,1328,1328,920,664,792,536,1328,664,2528,1200
278,1048,792,1200,1328,128,536,1200,1072,1992,2144,664,128,664,920,256,1200,1072,3948,1072,920,1200,128,1328,1328,920,664,792,536,1328,664,2528,1200
279,1048,792,1200,1328,128,536,1200,1072,1992,2144,664,128,664,920,256,1200,1072,3948,1072,920,1200,128,1328,1328,920,664,792,536,1328,664,2528,1200
280,1048,792,1200,1328,128,536,1200,1072,1992,2144,664,128,664,920,256,1200,1072,3948,1072,920,1200,128,1328,1328,920,664,792,536,1328,664,2528,1200
281,1048,792,1200,1328,128,536,1200,1072,1992,2144,664,128,664,920,256,1200,1072,3948,1072,920,1200,128,1328,1328,920,664,792,536,1328,664,2528,1200
282,1048,792,1200,1328,128,536,1200,1072,1992,2144,664,128,664,920,256,1200,1072,3948,1072,920,1200,128,1328,1328,920,664,792,536,1328,664,2528,1200
283,1048,792,1200,1328,128,536,1200,1072,1992,2144,664,128,664,920,256,1200,1072,3948,1072,920,1200,128,1328,1328,920,664,792,536,1328,664,2528,1200
284,1048,792,1200,1328,128,536,1200,1072,1992,2144,664,128,664,920,256,1200,1072,3948,1072,920,1200,128,1328,1328,920,664,792,536,1328,664,2528,1200
285,1048,792,1200,1328,128,536,1200,1072,1992,2144,664,128,664,920,256,1200,1072,3948,1072,920,1200,128,1328,1328,920,664,792,536,1328,664,2528,1200
286,1048,792,1200,1328,128,536,1200,1072,1992,2144,664,128,664,920,256,1200,1072,3948,1072,920,1200,128,1328,1328,920,664,792,536,1328,664,2528,1200
287,1048,792,1200,1328,128,536,1200,1072,1992,2144,664,128,664,920,256,1200,1072,3948,1072,920,1200,128,1328,1328,920,664,792,536,1328,664,2528,1200
288,1048,792,1200,1328,128,536,1200,1072,1992,2144,664,128,664,920,256,1200,1072,3948,1072,920,1200,128,1328,1328,920,664,792,536,1328,664,2528,1200
289,1048,792,1200,1328,128,536,1200,1072,1992,2144,664,128,664,920,256,1200,1072,3948,1072,920,1200,128,1328,1328,920,664,792,536,1328,664,2528,1200
290,1048,792,1200,1328,128,536,1200,1072,1992,2144,664,128,664,920,256,1200,1072,3948,1072,920,1200,128,1328,1328,920,664,792,536,1328,664,2528,1200
291,1048,792,1200,1328,128,536,1200,1072,1992,2144,664,128,664,920,256,1200,1072,3948,1072,920,1200,128,1328,1328,920,664,792,536,1328,664,2528,1200
292,1048,792,1200,1328,128,536,1200,1072,1992,2144,664,128,664,920,256,1200,1072,3948,1072,920,1200,128,1328,1328,920,664,792,536,1328,664,2528,1200
293,1048,792,1200,1328,128,536,1200,1072,1992,2144,664,128,664,920,256,1200,1072,3948,1072,920,1200,128,1328,1328,920,664,792,536,1328,664,2528,1200
294,1048,792,1200,1328,128,536,1200,1072,1992,2144,664,128,664,920,256,1200,1072,3948,1072,920,1200,128,1328,1328,920,664,792,536,1328,664,2528,1200
295,1048,792,1200,1328,128,536,1200,1072,1992,2144,664,128,664,920,256,1200,1072,3948,1072,920,1200,128,1328,1328,920,664,792,536,1328,664,2528,1200
296,1048,792,1200,1328,128,536,1200,1072,1992,2144,664,128,664,920,256,1200,1072,3948,1072,920,1200,128,1328,1328,920,664,792,536,1328,664,2528,1200
297,1048,792,1200,1328,128,536,1200,1072,1992,2144,664,128,664,920,256,1200,1072,3948,1072,920,1200,128,1328,1328,920,664,792,536,1328,664,2528,1200
298,1048,792,1200,1328,128,536,1200,1072,1992,2144,664,128,664,920,256,1200,1072,3948,1072,920,1200,128,1328,1328,920,664,792,536,1328,664,2528,1200
299,1048,792,1200,1328,128,536,1200,1072,1992,2144,664,128,664,920,256,1200,1072,3948,1072,920,1200,128,1328,1328,920,664,792,536,1328,664,2528,1200
300,1048,792,1200,1328,128,536,1200,1072,1992,2144,664,128,664,920,256,1200,1072,3948,1072,920,1200,128,1328,1328,920,664,792,536,1328,664,2528,1200
301,1048,792,1200,1328,128,536,1200,1072,1992,2144,664,128,664,920,256,1200,1072,3948,1072,920,1200,128,1328,1328,920,664,792,536,1328,664,2528,1200
302,1048,792,1200,1328,128,536,1200,1072,1992,2144,664,128,664,920,256,1200,1072,3948,1072,920,1200,128,1328,1328,920,664,792,536,1328,664,2528,1200
303,1048,792,1200,1328,128,536,1200,1072,1992,2144,664,128,664,920,256,1200,1072,3948,1072,920,1200,128,1328,1328,920,664,792,536,1328,664,2528,1200
304,1048,792,1200,1328,128,536,1200,1072,1992,2144,664,128,664,920,256,1200,1072,3948,1072,920,1200,128,1328,1328,920,664,792,536,1328,664,2528,1200
305,1048,792,1200,1328,128,536,1200,1072,1992,2144,664,128,664,920,256,1200,1072,3948,1072,920,1200,128,1328,1328,920,664,792,536,1328,664,2528,1200
306,1048,792,1200,1328,128,536,1200,1072,1992,2144,664,128,664,920,256,1200,1072,3948,1072,920,1200,128,1328,1328,920,664,792,536,1328,664,2528,1200
307,1048,792,1200,1328,128,536,1200,1072,1992,2144,664,128,664,920,256,1200,1072,3948,1072,920,1200,128,1328,1328,920,664,792,536,1328,664,2528,1200
308,1048,792,1200,1328,128,536,1200,1072,1992,2144,664,128,664,920,256,1200,1072,3948,1072,920,1200,128,1328,1328,920,664,792,536,1328,664,2528,1200
309,1048,792,1200,1328,128,536,1200,1072,1992,2144,664,128,664,920,256,1200,1072,3948,1072,920,1200,128,1328,1328,920,664,792,536,1328,664,2528,1200
310,1048,792,1200,1328,128,536,1200,1072,1992,2144,664,128,664,920,256,1200,1072,3948,1072,920,1200,128,1328,1328,920,664,792,536,1328,664,2528,1200
311,1048,792,1200,1328,128,536,1200,1072,1992,2144,664,128,664,920,256,1200,1072,3948,1072,920,1200,128,1328,1328,920,664,792,536,1328,664,2528,1200
312,1048,792,1200,1328,128,536,1200,1072,1992,2144,664,128,664,920,256,1200,1072,3948,1072,920,1200,128,1328,1328,920,664,792,536,1328,664,2528,1200
313,1048,792,1200,1328,128,536,1200,1072,1992,2144,664,128,664,920,256,1200,1072,3948,1072,920,1200,128,1328,1328,920,664,792,536,1328,664,2528,1200
314,1048,792,1200,1328,128,536,1200,1072,1992,2144,664,128,664,920,256,1200,1072,3948,1072,920,1200,128,1328,1328,920,664,792,536,1328,664,2528,1200
315,1048,792,1200,1328,128,536,1200,1072,1992,2144,664,128,664,920,256,1200,1072,3948,1072,920,1200,128,1328,1328,920,664,792,536,1328,664,2528,1200
316,1048,792,1200,1328,128,536,1200,1072,1992,2144,664,128,664,920,256,1200,1072,3948,1072,920,1200,128,1328,1328,920,664,792,536,1328,664,2528,1200
317,1048,792,1200,1328,128,536,1200,1072,1992,2144,664,128,664,920,256,1200,1072,3948,1072,920,1200,128,1328,1328,920,664,792,536,1328,664,2528,1200
318,1048,792,1200,1328,128,536,1200,1072,1992,2144,664,128,664,920,256,1200,1072,3948,1072,920,1200,128,1328,1328,920,664,792,536,1328,664,2528,1200
319,1048,792,1200,1328,128,536,1200,1072,1992,2144,664,128,664,920,256,1200,1072,3948,1072,920,1200,128,1328,1328,920,664,792,536,1328,664,2528,1200
320,1048,792,1200,1328,128,536,1200,1072,1992,2144,664,128,664,920,256,1200,1072,3948,1072,920,1200,128,1328,1328,920,664,792,536,1328,664,2528,1200
321,1048,792,1200,1328,128,536,1200,1072,1992,2144,664,128,664,920,256,1200,1072,3948,1072,920,1200,128,1328,1328,920,664,792,536,1328,664,2528,1200
322,1048,792,1200,1328,128,536,1200,1072,1992,2144,664,128,664,920,256,1200,1072,3948,1072,920,1200,128,1328,1328,920,664,792,536,1328,664,2528,1200
323,1048,792,1200,1328,128,536,1200,1072,1992,2144,664,128,664,920,256,1200,1072,3948,1072,920,1200,128,1328,1328,920,664,792,536,1328,664,2528,1200
324,1048,792,1200,1328,128,536,1200,1072,1992,2144,664,128,664,920,256,1200,1072,3948,1072,920,1200,128,1328,1328,920,664,792,536,1328,664,2528,1200
325,1048,792,1200,1328,128,536,1200,1072,1992,2144,664,128,664,920,256,1200,1072,3948,1072,920,1200,128,1328,1328,920,664,792,536,1328,664,2528,1200
326,1048,792,1200,1328,128,536,1200,1072,1992,2144,664,128,664,920,256,1200,1072,3948,1072,920,1200,128,1328,1328,920,664,792,536,1328,664,2528,1200
327,1048,792,1200,1328,128,536,1200,1072,1992,2144,664,128,664,920,256,1200,1072,3948,1072,920,1200,128,1328,1328,920,664,792,536,1328,664,2528,1200
328,1048,792,1200,1328,128,536,1200,1072,1992,2144,664,128,664,920,256,1200,1072,3948,1072,920,1200,128,1328,1328,920,664,792,536,1328,664,2528,1200
329,1048,792,1200,1328,128,536,1200,1072,1992,2144,664,128,664,920,256,1200,1072,3948,1072,920,1200,128,1328,1328,920,664,792,536,1328,664,2528,1200
330,1048,792,1200,1328,128,536,1200,1072,1992,2144,664,128,664,920,256,1200,1072,3948,1072,920,1200,128,1328,1328,920,664,792,536,1328,664,2528,1200
331,1048,792,1200,1328,128,536,1200,1072,1992,2144,664,128,664,920,256,1200,1072,3948,1072,920,1200,128,1328,1328,920,664,792,536,1328,664,2528,1200
332,1048,792,1200,1328,128,536,1200,1072,1992,2144,664,128,664,920,256,1200,1072,3948,1072,920,1200,128,1328,1328,920,664,792,536,1328,664,2528,1200
333,1048,792,1200,1328,128,536,1200,1072,1992,2144,664,128,664,920,256,1200,1072,3948,1072,920,1200,128,1328,1328,920,664,792,536,1328,664,2528,1200
334,1048,792,1200,1328,128,536,1200,1072,1992,2144,664,128,664,920,256,1200,1072,3948,1072,920,1200,128,1328,1328,920,664,792,536,1328,664,2528,1200
335,1048,792,1200,1328,128,536,1200,1072,1992,2144,664,128,664,920,256,1200,1072,3948,1072,920,1200,128,1328,1328,920,664,792,536,1328,664,2528,1200
336,1048,792,1200,1328,128,536,1200,1072,1992,2144,664,128,664,920,256,1200,1072,3948,1072,920,1200,128,1328,1328,920,664,792,536,1328,664,2528,1200
337,1048,792,1200,1328,128,536,1200,1072,1992,2144,664,128,664,920,256,1200,1072,3948,1072,920,1200,128,1328,1328,920,664,792,536,1328,664,2528,1200
338,1048,792,1200,1328,128,536,1200,1072,1992,2144,664,128,664,920,256,1200,1072,3948,1072,920,1200,128,1328,1328,920,664,792,536,1328,664,2528,1200
339,1048,792,1200,1328,128,536,1200,1072,1992,2144,664,128,664,920,256,1200,1072,3948,1072,920,1200,128,1328,1328,920,664,792,536,1328,664,2528,1200
340,1048,792,1200,1328,128,536,1200,1072,1992,2144,664,128,664,920,256,1200,1072,3948,1072,920,1200,128,1328,1328,920,664,792,536,1328,664,2528,1200
341,1048,792,1200,1328,128,536,1200,1072,1992,2144,664,128,664,920,256,1200,1072,3948,1072,920,1200,128,1328,1328,920,664,792,536,1328,664,2528,1200
342,1048,792,1200,1328,128,536,1200,1072,1992,2144,664,128,664,920,256,1200,1072,3948,1072,920,1200,128,1328,1328,920,664,792,536,1328,664,2528,1200
343,1048,792,1200,1328,128,536,1200,1072,1992,2144,664,128,664,920,256,1200,1072,3948,1072,920,1200,128,1328,1328,920,664,792,536,1328,664,2528,1200
344,1048,792,1200,1328,128,536,1200,1072,1992,2144,664,128,664,920,256,1200,1072,3948,1072,920,1200,128,1328,1328,920,664,792,536,1328,664,2528,1200
345,1048,792,1200,1328,128,536,1200,1072,1992,2144,664,128,664,920,256,1200,1072,3948,1072,920,1200,128,1328,1328,920,664,792,536,1328,664,2528,1200
346,1048,792,1200,1328,128,536,1200,1072,1992,2144,664,128,664,920,256,1200,1072,3948,1072,920,1200,128,1328,1328,920,664,792,536,1328,664,2528,1200
347,1048,792,1200,1328,128,536,1200,1072,1992,2144,664,128,664,920,256,1200,1072,3948,1072,920,1200,128,1328,1328,920,664,792,536,1328,664,2528,1200
348,1048,792,1200,1328,128,536,1200,1072,1992,2144,664,128,664,920,256,1200,1072,3948,1072,920,1200,128,1328,1328,920,664,792,536,1328,664,2528,1200
349,1048,792,1200,1328,128,536,1200,1072,1992,2144,664,128,664,920,256,1200,1072,3948,1072,920,1200,128,1328,1328,920,664,792,536,1328,664,2528,1200
350,1048,792,1200,1328,128,536,1200,1072,1992,2144,664,128,664,920,256,1200,1072,3948,1072,920,1200,128,1328,1328,920,664,792,536,1328,664,2528,1200
351,1048,792,1200,1328,128,536,1200,1072,1992,2144,664,128,664,920,256,1200,1072,3948,1072,920,1200,128,1328,1328,920,664,792,536,1328,664,2528,1200
352,1048,792,1200,1328,128,536,1200,1072,1992,2144,664,128,664,920,256,1200,1072,3948,1072,920,1200,128,1328,1328,920,664,792,536,1328,664,2528,1200
353,1048,792,1200,1328,128,536,1200,1072,1992,2144,664,128,664,920,256,1200,1072,3948,1072,920,1200,128,1328,1328,920,664,792,536,1328,664,2528,1200
354,1048,792,1200,1328,128,536,1200,1072,1992,2144,664,128,664,920,256,1200,1072,3948,1072,920,1200,128,1328,1328,920,664,792,536,1328,664,2528,1200
355,1048,792,1200,1328,128,536,1200,1072,1992,2144,664,128,664,920,256,1200,1072,3948,1072,920,1200,128,1328,1328,920,664,792,536,1328,664,2528,1200
356,1048,792,1200,1328,128,536,1200,1072,1992,2144,664,128,664,920,256,1200,1072,3948,1072,920,1200,128,1328,1328,920,664,792,536,1328,664,2528,1200
357,1048,792,1200,1328,128,536,1200,1072,1992,2144,664,128,664,920,256,1200,1072,3948,1072,920,1200,128,1328,1328,920,664,792,536,1328,664,2528,1200
358,1048,792,1200,1328,128,536,1200,1072,1992,2144,664,128,664,920,256,1200,1072,3948,1072,920,1200,128,1328,1328,920,664,792,536,1328,664,2528,1200
359,1048,792,1200,1328,128,536,1200,1072,1992,2144,664,128,664,920,256,1200,1072,3948,1072,920,1200,128,1328,1328,920,664,792,536,1328,664,2528,1200
360,1048,792,1200,1328,128,536,1200,1072,1992,2144,664,128,664,920,256,1200,1072,3948,1072,920,1200,128,1328,1328,920,664,792,536,1328,664,2528,1200
361,1048,792,1200,1328,128,536,1200,1072,1992,2144,664,128,664,920,256,1200,1072,3948,1072,920,1200,128,1328,1328,920,664,792,536,1328,664,2528,1200
362,1048,792,1200,1328,128,536,1200,1072,1992,2144,664,128,664,920,256,1200,1072,3948,1072,920,1200,128,1328,1328,920,664,792,536,1328,664,2528,1200
363,1048,792,1200,1328,128,536,1200,1072,1992,2144,664,128,664,920,256,1200,1072,3948,1072,920,1200,128,1328,1328,920,664,792,536,1328,664,2528,1200
364,1048,792,1200,1328,128,536,1200,1072,1992,2144,664,128,664,920,256,1200,1072,3948,1072,920,1200,128,1328,1328,920,664,792,536,1328,664,2528,1200
365,1048,792,1200,1328,128,536,1200,1072,1992,2144,664,128,664,920,256,1200,1072,3948,1072,920,1200,128,1328,1328,920,664,792,536,1328,664,2528,1200
366,1048,792,1200,1328,128,536,1200,1072,1992,2144,664,128,664,920,256,1200,1072,3948,1072,920,1200,128,1328,1328,920,664,792,536,1328,664,2528,1200
367,1048,792,1200,1328,128,536,1200,1072,1992,2144,664,128,664,920,256,1200,1072,3948,1072,920,1200,128,1328,1328,920,664,792,536,1328,664,2528,1200
368,1048,792,1200,1328,128,536,1200,1072,1992,2144,664,128,664,920,256,1200,1072,3948,1072,920,1200,128,1328,1328,920,664,792,536,1328,664,2528,1200
369,1048,792,1200,1328,128,536,1200,1072,1992,2144,664,128,664,920,256,1200,1072,3948,1072,920,1200,128,1328,1328,920,664,792,536,1328,664,2528,1200
370,1048,792,1200,1328,128,536,1200,1072,1992,2144,664,128,664,920,256,1200,1072,3948,1072,920,1200,128,1328,1328,920,664,792,536,1328,664,2528,1200
371,1048,792,1200,1328,128,536,1200,1072,1992,2144,664,128,664,920,256,1200,1072,3948,1072,920,1200,128,1328,1328,920,664,792,536,1328,664,2528,1200
372,1048,792,1200,1328,128,536,1200,1072,1992,2144,664,128,664,920,256,1200,1072,3948,1072,920,1200,128,1328,1328,920,664,792,536,1328,664,2528,1200
373,1048,792,1200,1328,128,536,1200,1072,1992,2144,664,128,664,920,256,1200,1072,3948,1072,920,1200,128,1328,1328,920,664,792,536,1328,664,2528,1200
374,1048,792,1200,1328,128,536,1200,1072,1992,2144,664,128,664,920,256,1200,1072,3948,1072,920,1200,128,1328,1328,920,664,792,536,1328,664,2528,1200
375,1048,792,1200,1328,128,536,1200,1072,1992,2144,664,128,664,920,256,1200,1072,3948,1072,920,1200,128,1328,1328,920,664,792,536,1328,664,2528,1200
376,1048,792,1200,1328,128,536,1200,1072,1992,2144,664,128,664,920,256,1200,1072,3948,1072,920,1200,128,1328,1328,920,664,792,536,1328,664,2528,1200
377,1048,792,1200,1328,128,536,1200,1072,1992,2144,664,128,664,920,256,1200,1072,3948,1072,920,1200,128,1328,1328,920,664,792,536,1328,664,2528,1200
378,1048,792,1200,1328,128,536,1200,1072,1992,2144,664,128,664,920,256,1200,1072,3948,1072,920,1200,128,1328,1328,920,664,792,536,1328,664,2528,1200
379,1048,792,1200,1328,128,536,1200,1072,1992,2144,664,128,664,920,256,1200,1072,3948,1072,920,1200,128,1328,1328,920,664,792,536,1328,664,2528,1200
380,1048,792,1200,1328,128,536,1200,1072,1992,2144,664,128,664,920,256,1200,1072,3948,1072,920,1200,128,1328,1328,920,664,792,536,1328,664,2528,1200
381,1048,792,1200,1328,128,536,1200,1072,1992,2144,664,128,664,920,256,1200,1072,3948,1072,920,1200,128,1328,1328,920,664,792,536,1328,664,2528,1200
382,1048,792,1200,1328,128,536,1200,1072,1992,2144,664,128,664,920,256,1200,1072,3948,1072,920,1200,128,1328,1328,920,664,792,536,1328,664,2528,1200
383,1048,792,1200,1328,128,536,1200,1072,1992,2144,664,128,664,920,256,1200,1072,3948,1072,920,1200,128,1328,1328,920,664,792,536,1328,664,2528,1200
384,1048,792,1200,1328,128,536,1200,1072,1992,2144,664,128,664,920,256,1200,1072,3948,1072,920,1200,128,1328,1328,920,664,792,536,1328,664,2528,1200
385,1048,792,1200,1328,128,536,1200,1072,1992,2144,664,128,664,920,256,1200,1072,3948,1072,920,1200,128,1328,1328,920,664,792,536,1328,664,2528,1200
386,1048,792,1200,1328,128,536,1200,1072,1992,2144,664,128,664,920,256,1200,1072,3948,1072,920,1200,128,1328,1328,920,664,792,536,1328,664,2528,1200
387,1048,792,1200,1328,128,536,1200,1072,1992,2144,664,128,664,920,256,1200,1072,3948,1072,920,1200,128,1328,1328,920,664,792,536,1328,664,2528,1200
388,1048,792,1200,1328,128,536,1200,1072,1992,2144,664,128,664,920,256,1200,1072,3948,1072,920,1200,128,1328,1328,920,664,792,536,1328,664,2528,1200
389,1048,792,1200,1328,128,536,1200,1072,1992,2144,664,128,664,920,256,1200,1072,3948,1072,920,1200,128,1328,1328,920,664,792,536,1328,664,2528,1200
390,1048,792,1200,1328,128,536,1200,1072,1992,2144,664,128,664,920,256,1200,1072,3948,1072,920,1200,128,1328,1328,920,664,792,536,1328,664,2528,1200
391,1048,792,1200,1328,128,536,1200,1072,1992,2144,664,128,664,920,256,1200,1072,3948,1072,920,1200,128,1328,1328,920,664,792,536,1328,664,2528,1200
392,1048,792,1200,1328,128,536,1200,1072,1992,2144,664,128,664,920,256,1200,1072,3948,1072,920,1200,128,1328,1328,920,664,792,536,1328,664,2528,1200
393,1048,792,1200,1328,128,536,1200,1072,1992,2144,664,128,664,920,256,1200,1072,3948,1072,920,1200,128,1328,1328,920,664,792,536,1328,664,2528,1200
394,1048,792,1200,1328,128,536,1200,1072,1992,2144,664,128,664,920,256,1200,1072,3948,1072,920,1200,128,1328,1328,920,664,792,536,1328,664,2528,1200
395,1048,792,1200,1328,128,536,1200,1072,1992,2144,664,128,664,920,256,1200,1072,3948,1072,920,1200,128,1328,1328,920,664,792,536,1328,664,2528,1200
396,1048,792,1200,1328,128,536,1200,1072,1992,2144,664,128,664,920,256,1200,1072,3948,1072,920,1200,128,1328,1328,920,664,792,536,1328,664,2528,1200
397,1048,792,1200,1328,128,536,1200,1072,1992,2144,664,128,664,920,256,1200,1072,3948,1072,920,1200,128,1328,1328,920,664,792,536,1328,664,2528,1200
398,1048,792,1200,1328,128,536,1200,1072,1992,2144,664,128,664,920,256,1200,1072,3948,1072,920,1200,128,1328,1328,920,664,792,536,1328,664,2528,1200
399,1048,792,1200,1328,128,536,1200,1072,1992,2144,664,128,664,920,256,1200,1072,3948,1072,920,1200,128,1328,1328,920,664,792,536,1328,664,2528,1200
400,1048,792,1200,1328,128,536,1200,1072,1992,2144,664,128,664,920,256,1200,1072,3948,1072,920,1200,128,1328,1328,920,664,792,536,1328,664,2528,1200
401,1048,792,1200,1328,128,536,1200,1072,1992,2144,664,128,664,920,256,1200,1072,3948,1072,920,1200,128,1328,1328,920,664,792,536,1328,664,2528,1200
402,1048,792,1200,1328,128,536,1200,1072,1992,2144,664,128,664,920,256,1200,1072,3948,1072,920,1200,128,1328,1328,920,664,792,536,1328,664,2528,1200
403,1048,792,1200,1328,128,536,1200,1072,1992,2144,664,128,664,920,256,1200,1072,3948,1072,920,1200,128,1328,1328,920,664,792,536,1328,664,2528,1200
404,1048,792,1200,1328,128,536,1200,1072,1992,2144,664,128,664,920,256,1200,1072,3948,1072,920,1200,128,1328,1328,920,664,792,536,1328,664,2528,1200
405,1048,792,1200,1328,128,536,1200,1072,1992,2144,664,128,664,920,256,1200,1072,3948,1072,920,1200,128,1328,1328,920,664,792,536,1328,664,2528,1200
406,1048,792,1200,1328,128,536,1200,1072,1992,2144,664,128,664,920,256,1200,1072,3948,1072,920,1200,128,1328,1328,920,664,792,536,1328,664,2528,1200
407,1048,792,1200,1328,128,536,1200,1072,1992,2144,664,128,664,920,256,1200,1072,3948,1072,920,1200,128,1328,1328,920,664,792,536,1328,664,2528,1200
408,1048,792,1200,1328,128,536,1200,1072,1992,2144,664,128,664,920,256,1200,1072,3948,1072,920,1200,128,1328,1328,920,664,792,536,1328,664,2528,1200
409,1048,792,1200,1328,128,536,1200,1072,1992,2144,664,128,664,920,256,1200,1072,3948,1072,920,1200,128,1328,1328,920,664,792,536,1328,664,2528,1200
410,1048,792,1200,1328,128,536,1200,1072,1992,2144,664,128,664,920,256,1200,1072,3948,1072,920,1200,128,1328,1328,920,664,792,536,1328,664,2528,1200
411,1048,792,1200,1328,128,536,1200,1072,1992,2144,664,128,664,920,256,1200,1072,3948,1072,920,1200,128,1328,1328,920,664,792,536,1328,664,2528,1200
412,1048,792,1200,1328,128,536,1200,1072,1992,2144,664,128,664,920,256,1200,1072,3948,1072,920,1200,128,1328,1328,920,664,792,536,1328,664,2528,1200
413,1048,792,1200,1328,128,536,1200,1072,1992,2144,664,128,664,920,256,1200,1072,3948,1072,920,1200,128,1328,1328,920,664,792,536,1328,664,2528,1200
414,1048,792,1200,1328,128,536,1200,1072,1992,2144,664,128,664,920,256,1200,1072,3948,1072,920,1200,128,1328,1328,920,664,792,536,1328,664,2528,1200
415,1048,792,1200,1328,128,536,1200,1072,1992,2144,664,128,664,920,256,1200,1072,3948,1072,920,1200,128,1328,1328,920,664,792,536,1328,664,2528,1200
416,1048,792,1200,1328,128,536,1200,1072,1992,2144,664,128,664,920,256,1200,1072,3948,1072,920,1200,128,1328,1328,920,664,792,536,1328,664,2528,1200
417,1048,792,1200,1328,128,536,1200,1072,1992,2144,664,128,664,920,256,1200,1072,3948,1072,920,1200,128,1328,1328,920,664,792,536,1328,664,2528,1200
418,1048,792,1200,1328,128,536,1200,1072,1992,2144,664,128,664,920,256,1200,1072,3948,1072,920,1200,128,1328,1328,920,664,792,536,1328,664,2528,1200
419,1048,792,1200,1328,128,536,1200,1072,1992,2144,664,128,664,920,256,1200,1072,3948,1072,920,1200,128,1328,1328,920,664,792,536,1328,664,2528,1200
420,1048,792,1200,1328,128,536,1200,1072,1992,2144,664,128,664,920,256,1200,1072,3948,1072,920,1200,128,1328,1328,920,664,792,536,1328,664,2528,1200
421,1048,792,1200,1328,128,536,1200,1072,1992,2144,664,128,664,920,256,1200,1072,3948,1072,920,1200,128,1328,1328,920,664,792,536,1328,664,2528,1200
422,1048,792,1200,1328,128,536,1200,1072,1992,2144,664,128,664,920,256,1200,1072,3948,1072,920,1200,128,1328,1328,920,664,792,536,1328,664,2528,1200
423,1048,792,1200,1328,128,536,1200,1072,1992,2144,664,128,664,920,256,1200,1072,3948,1072,920,1200,128,1328,1328,920,664,792,536,1328,664,2528,1200
424,1048,792,1200,1328,128,536,1200,1072,1992,2144,664,128,664,920,256,1200,1072,3948,1072,920,1200,128,1328,1328,920,664,792,536,1328,664,2528,1200
425,1048,792,1200,1328,128,536,1200,1072,1992,2144,664,128,664,920,256,1200,1072,3948,1072,920,1200,128,1328,1328,920,664,792,536,1328,664,2528,1200
426,1048,792,1200,1328,128,536,1200,1072,1992,2144,664,128,664,920,256,1200,1072,3948,1072,920,1200,128,1328,1328,920,664,792,536,1328,664,2528,1200
427,1048,792,1200,1328,128,536,1200,1072,1992,2144,664,128,664,920,256,1200,1072,3948,1072,920,1200,128,1328,1328,920,664,792,536,1328,664,2528,1200
428,1048,792,1200,1328,128,536,1200,1072,1992,2144,664,128,664,920,256,1200,1072,3948,1072,920,1200,128,1328,1328,920,664,792,536,1328,664,2528,1200
429,1048,792,1200,1328,128,536,1200,1072,1992,2144,664,128,664,920,256,1200,1072,3948,1072,920,1200,128,1328,1328,920,664,792,536,1328,664,2528,1200
430,1048,792,1200,1328,128,536,1200,1072,1992,2144,664,128,664,920,256,1200,1072,3948,1072,920,1200,128,1328,1328,920,664,792,536,1328,664,2528,1200
431,1048,792,1200,1328,128,536,1200,1072,1992,2144,664,128,664,920,256,1200,1072,3948,1072,920,1200,128,1328,1328,920,664,792,536,1328,664,2528,1200
432,1048,792,1200,1328,128,536,1200,1072,1992,2144,664,128,664,920,256,1200,1072,3948,1072,920,1200,128,1328,1328,920,664,792,536,1328,664,2528,1200
433,1048,792,1200,1328,128,536,1200,1072,1992,2144,664,128,664,920,256,1200,1072,3948,1072,920,1200,128,1328,1328,920,664,792,536,1328,664,2528,1200
434,1048,792,1200,1328,128,536,1200,1072,1992,2144,664,128,664,920,256,1200,1072,3948,1072,920,1200,128,1328,1328,920,664,792,536,1328,664,2528,1200
435,1048,792,1200,1328,128,536,1200,1072,1992,2144,664,128,664,920,256,1200,1072,3948,1072,920,1200,128,1328,1328,920,664,792,536,1328,664,2528,1200
436,1048,792,1200,1328,128,536,1200,1072,1992,2144,664,128,664,920,256,1200,1072,3948,1072,920,1200,128,1328,1328,920,664,792,536,1328,664,2528,1200
437,1048,792,1200,1328,128,536,1200,1072,1992,2144,664,128,664,920,256,1200,1072,3948,1072,920,1200,128,1328,1328,920,664,792,536,1328,664,2528,1200
438,1048,792,1200,1328,128,536,1200,1072,1992,2144,664,128,664,920,256,1200,1072,3948,1072,920,1200,128,1328,1328,920,664,792,536,1328,664,2528,1200
439,1048,792,1200,1328,128,536,1200,1072,1992,2144,664,128,664,920,256,1200,1072,3948,1072,920,1200,128,1328,1328,920,664,792,536,1328,664,2528,1200
440,1048,792,1200,1328,128,536,1200,1072,1992,2144,664,128,664,920,256,1200,1072,3948,1072,920,1200,128,1328,1328,920,664,792,536,1328,664,2528,1200
441,1048,792,1200,1328,128,536,1200,1072,1992,2144,664,128,664,920,256,1200,1072,3948,1072,920,1200,128,1328,1328,920,664,792,536,1328,664,2528,1200
442,1048,792,1200,1328,128,536,1200,1072,1992,2144,664,128,664,920,256,1200,1072,3948,1072,920,1200,128,1328,1328,920,664,792,536,1328,664,2528,1200
443,1048,792,1200,1328,128,536,1200,1072,1992,2144,664,128,664,920,256,1200,1072,3948,1072,920,1200,128,1328,1328,920,664,792,536,1328,664,2528,1200
444,1048,792,1200,1328,128,536,1200,1072,1992,2144,664,128,664,920,256,1200,1072,3948,1072,920,1200,128,1328,1328,920,664,792,536,1328,664,2528,1200
445,1048,792,1200,1328,128,536,1200,1072,1992,2144,664,128,664,920,256,1200,1072,3948,1072,920,1200,128,1328,1328,920,664,792,536,1328,664,2528,1200
446,1048,792,1200,1328,128,536,1200,1072,1992,2144,664,128,664,920,256,1200,1072,3948,1072,920,1200,128,1328,1328,920,664,792,536,1328,664,2528,1200
447,1048,792,1200,1328,128,536,1200,1072,1992,2144,664,128,664,920,256,1200,1072,3948,1072,920,1200,128,1328,1328,920,664,792,536,1328,664,2528,1200
448,1048,792,1200,1328,128,536,1200,1072,1992,2144,664,128,664,920,256,1200,1072,3948,1072,920,1200,128,1328,1328,920,664,792,536,1328,664,2528,1200
449,1048,792,1200,1328,128,536,1200,1072,1992,2144,664,128,664,920,256,1200,1072,3948,1072,920,1200,128,1328,1328,920,664,792,536,1328,664,2528,1200
450,1048,792,1200,1328,128,536,1200,1072,1992,2144,664,128,664,920,256,1200,1072,3948,1072,920,1200,128,1328,1328,920,664,792,536,1328,664,2528,1200
451,1048,792,1200,1328,128,536,1200,1072,1992,2144,664,128,664,920,256,1200,1072,3948,1072,920,1200,128,1328,1328,920,664,792,536,1328,664,2528,1200
452,1048,792,1200,1328,128,536,1200,1072,1992,2144,664,128,664,920,256,1200,1072,3948,1072,920,1200,128,1328,1328,920,664,792,536,1328,664,2528,1200
453,1048,792,1200,1328,128,536,1200,1072,1992,2144,664,128,664,920,256,1200,1072,3948,1072,920,1200,128,1328,1328,920,664,792,536,1328,664,2528,1200
454,1048,792,1200,1328,128,536,1200,1072,1992,2144,664,128,664,920,256,1200,1072,3948,1072,920,1200,128,1328,1328,920,664,792,536,1328,664,2528,1200
455,1048,792,1200,1328,128,536,1200,1072,1992,2144,664,128,664,920,256,1200,1072,3948,1072,920,1200,128,1328,1328,920,664,792,536,1328,664,2528,1200
456,1048,792,1200,1328,128,536,1200,1072,1992,2144,664,128,664,920,256,1200,1072,3948,1072,920,1200,128,1328,1328,920,664,792,536,1328,664,2528,1200
457,1048,792,1200,1328,128,536,1200,1072,1992,2144,664,128,664,920,256,1200,1072,3948,1072,920,1200,128,1328,1328,920,664,792,536,1328,664,2528,1200
458,1048,792,1200,1328,128,536,1200,1072,1992,2144,664,128,664,920,256,1200,1072,3948,1072,920,1200,128,1328,1328,920,664,792,536,1328,664,2528,1200
459,1048,792,1200,1328,128,536,1200,1072,1992,2144,664,128,664,920,256,1200,1072,3948,1072,920,1200,128,1328,1328,920,664,792,536,1328,664,2528,1200
460,1048,792,1200,1328,128,536,1200,1072,1992,2144,664,128,664,920,256,1200,1072,3948,1072,920,1200,128,1328,1328,920,664,792,536,1328,664,2528,1200
461,1048,792,1200,1328,128,536,1200,1072,1992,2144,664,128,664,920,256,1200,1072,3948,1072,920,1200,128,1328,1328,920,664,792,536,1328,664,2528,1200
462,1048,792,1200,1328,128,536,1200,1072,1992,2144,664,128,664,920,256,1200,1072,3948,1072,920,1200,128,1328,1328,920,664,792,536,1328,664,2528,1200
463,1048,792,1200,1328,128,536,1200,1072,1992,2144,664,128,664,920,256,1200,1072,3948,1072,920,1200,128,1328,1328,920,664,792,536,1328,664,2528,1200
464,1048,792,1200,1328,128,536,1200,1072,1992,2144,664,128,664,920,256,1200,1072,3948,1072,920,1200,128,1328,1328,920,664,792,536,1328,664,2528,1200
465,1048,792,1200,1328,128,536,1200,1072,1992,2144,664,128,664,920,256,1200,1072,3948,1072,920,1200,128,1328,1328,920,664,792,536,1328,664,2528,1200
466,1048,792,1200,1328,128,536,1200,1072,1992,2144,664,128,664,920,256,1200,1072,3948,1072,920,1200,128,1328,1328,920,664,792,536,1328,664,2528,1200
467,1048,792,1200,1328,128,536,1200,1072,1992,2144,664,128,664,920,256,1200,1072,3948,1072,920,1200,128,1328,1328,920,664,792,536,1328,664,2528,1200
468,1048,792,1200,1328,128,536,1200,1072,1992,2144,664,128,664,920,256,1200,1072,3948,1072,920,1200,128,1328,1328,920,664,792,536,1328,664,2528,1200
469,1048,792,1200,1328,128,536,1200,1072,1992,2144,664,128,664,920,256,1200,1072,3948,1072,920,1200,128,1328,1328,920,664,792,536,1328,664,2528,1200
470,1048,792,1200,1328,128,536,1200,1072,1992,2144,664,128,664,920,256,1200,1072,3948,1072,920,1200,128,1328,1328,920,664,792,536,1328,664,2528,1200
471,1048,792,1200,1328,128,536,1200,1072,1992,2144,664,128,664,920,256,1200,1072,3948,1072,920,1200,128,1328,1328,920,664,792,536,1328,664,2528,1200
472,1048,792,1200,1328,128,536,1200,1072,1992,2144,664,128,664,920,256,1200,1072,3948,1072,920,1200,128,1328,1328,920,664,792,536,1328,664,2528,1200
473,1048,792,1200,1328,128,536,1200,1072,1992,2144,664,128,664,920,256,1200,1072,3948,1072,920,1200,128,1328,1328,920,664,792,536,1328,664,2528,1200
474,1048,792,1200,1328,128,536,1200,1072,1992,2144,664,128,664,920,256,1200,1072,3948,1072,920,1200,128,1328,1328,920,664,792,536,1328,664,2528,1200
475,1048,792,1200,1328,128,536,1200,1072,1992,2144,664,128,664,920,256,1200,1072,3948,1072,920,1200,128,1328,1328,920,664,792,536,1328,664,2528,1200
476,1048,792,1200,1328,128,536,1200,1072,1992,2144,664,128,664,920,256,1200,1072,3948,1072,920,1200,128,1328,1328,920,664,792,536,1328,664,2528,1200
477,1048,792,1200,1328,128,536,1200,1072,1992,2144,664,128,664,920,256,1200,1072,3948,1072,920,1200,128,1328,1328,920,664,792,536,1328,664,2528,1200
478,1048,792,1200,1328,128,536,1200,1072,1992,2144,664,128,664,920,256,1200,1072,3948,1072,920,1200,128,1328,1328,920,664,792,536,1328,664,2528,1200
479,1048,792,1200,1328,128,536,1200,1072,Null,Null,Null,Null,Null,Null,Null,Null,1072,3948,1072,920,1200,128,1328,1328,Null,Null,Null,Null,Null,Null,Null,Null
480,Null,Null,Null,Null,Null,Null,Null,Null,Null,Null,Null,Null,Null,Null,Null,Null,1072,3948,1072,920,1200,128,1328,1328,Null,Null,Null,Null,Null,Null,Null,Null