op_rw_process_latency,ceph01_ceph-osd.0.asok.txt,ceph01_ceph-osd.1.asok.txt,ceph01_ceph-osd.2.asok.txt,ceph01_ceph-osd.3.asok.txt,ceph01_ceph-osd.4.asok.txt,ceph01_ceph-osd.5.asok.txt,ceph01_ceph-osd.6.asok.txt,ceph01_ceph-osd.7.asok.txt,ceph02_ceph-osd.10.asok.txt,ceph02_ceph-osd.11.asok.txt,ceph02_ceph-osd.12.asok.txt,ceph02_ceph-osd.13.asok.txt,ceph02_ceph-osd.14.asok.txt,ceph02_ceph-osd.15.asok.txt,ceph02_ceph-osd.8.asok.txt,ceph02_ceph-osd.9.asok.txt,ceph03_ceph-osd.16.asok.txt,ceph03_ceph-osd.17.asok.txt,ceph03_ceph-osd.18.asok.txt,ceph03_ceph-osd.19.asok.txt,ceph03_ceph-osd.20.asok.txt,ceph03_ceph-osd.21.asok.txt,ceph03_ceph-osd.22.asok.txt,ceph03_ceph-osd.23.asok.txt,ceph04_ceph-osd.24.asok.txt,ceph04_ceph-osd.25.asok.txt,ceph04_ceph-osd.26.asok.txt,ceph04_ceph-osd.27.asok.txt,ceph04_ceph-osd.28.asok.txt,ceph04_ceph-osd.29.asok.txt,ceph04_ceph-osd.30.asok.txt,ceph04_ceph-osd.31.asok.txt
0,0.001111,0.001725,0.001814,0.001494,0,0.000949,0.001393,0.002469,0.002485,0.002884,0.003975,0,0.003402,0.001393,0,0.003306,0.001362,0.001344,0.001144,0.001872,0.001951,0,0.00108,0.004578,0.000969,0.001269,0.003133,0.002283,0.002563,0.002577,0.00748,0.002443
1,0,0,0,0,0,0,0,0,0,0,0,0,0,0,0,0,0,0,0,0,0,0,0,0,0,0,0,0,0,0,0,0
2,0,0,0,0,0,0,0,0,0,0,0,0,0,0,0,0,0,0,0,0,0,0,0,0,0,0,0,0,0,0,0,0
3,0,0,0,0,0,0,0,0,0,0,0,0,0,0,0,0,0,0,0,0,0,0,0,0,0,0,0,0,0,0,0,0
4,4.4e-05,3.2e-05,3.5e-05,4.1e-05,0,3.7e-05,5.2e-05,0,3.3e-05,2.9e-05,0,0,7.3e-05,0,0,3.2e-05,4e-05,3.2e-05,3.7e-05,0,0.000114,0,0,3.7e-05,6.2e-05,3.5e-05,3.7e-05,2.4e-05,4.8e-05,4.5e-05,4e-05,4.3e-05
5,0,0,0,0,0,0,8.5e-05,3.6e-05,2.7e-05,4.2e-05,4.4e-05,0,0,4.9e-05,0,3.7e-05,4.3e-05,0,3.8e-05,4.7e-05,3.9e-05,0,4.6e-05,3e-05,0,0,0,0,0,0,4.7e-05,0
6,0,0,0,0,0,0,0,0,0,0,0,0,0,0,0,0,0,0,0,0,0,0,0,0,0,0,0,0,0,0,0,0
7,0,0,0,0,0,0,0,0,0,0,0,0,0,0,0,0,0,0,0,0,0,0,0,0,0,0,0,0,0,0,0,0
8,0,0,0,0,0,0,0,0,0,0,0,0,0,0,0,0,0,0,0,0,0,0,0,0,0,0,0,0,0,0,0,0
9,3.2e-05,2.8e-05,4.3e-05,3.7e-05,0,3.3e-05,3.9e-05,2.9e-05,3.4e-05,3.4e-05,3.4e-05,0,3.2e-05,4.9e-05,0,4.3e-05,3.7e-05,4.5e-05,3.2e-05,2.7e-05,3.4e-05,0,3.7e-05,3.6e-05,3.8e-05,4.7e-05,3e-05,3.8e-05,3.1e-05,3.4e-05,3.9e-05,3.4e-05
10,0,0,0,0,0,0,0,0,0,0,0,0,0,0,0,0,0,0,0,0,0,0,0,0,0,0,0,0,0,0,0,0
11,0,0,0,0,0,0,0,0,0,0,0,0,0,0,0,0,0,0,0,0,0,0,0,0,0,0,0,0,0,0,0,0
12,0,0,0,0,0,0,0,0,0,0,0,0,0,0,0,0,0,0,0,0,0,0,0,0,0,0,0,0,0,0,0,0
13,0,0,0,0,0,0,0,0,0,0,0,0,0,0,0,0,0,0,0,0,0,0,0,0,0,0,0,0,0,0,0,0
14,3.8e-05,2.6e-05,5.3e-05,3.5e-05,0,3.7e-05,4.4e-05,4.3e-05,4e-05,3.9e-05,4e-05,0,3.4e-05,5.6e-05,0,3.7e-05,4.3e-05,3.8e-05,4.5e-05,3.7e-05,4.1e-05,0,4.2e-05,4.5e-05,2.7e-05,4.7e-05,3.4e-05,4.7e-05,5.2e-05,0.000319,4.3e-05,3.7e-05
15,0,0,0,0,0,0,0,0,0,0,0,0,0,0,0,0,0,0,0,0,0,0,0,0,0,0,0,0,0,0,0,0
16,0,0,0,0,0,0,0,0,0,0,0,0,0,0,0,0,0,0,0,0,0,0,0,0,0,0,0,0,0,0,0,0
17,0,0,0,0,0,0,0,0,0,0,0,0,0,0,0,0,0,0,0,0,0,0,0,0,0,0,0,0,0,0,0,0
18,0,0,0,0,0,0,0,0,0,0,0,0,0,0,0,0,0,0,0,0,0,0,0,0,0,0,3e-05,0,0,0,4.1e-05,0
19,3.3e-05,5.1e-05,4.1e-05,5.3e-05,0,5.8e-05,4.2e-05,3.8e-05,5.5e-05,4.2e-05,4.8e-05,0,4.5e-05,4.8e-05,0,5.6e-05,3.8e-05,3.4e-05,3.9e-05,4.9e-05,4.3e-05,0,4.4e-05,5.1e-05,3.6e-05,4e-05,0,3.3e-05,3.1e-05,3.7e-05,4.3e-05,4.5e-05
20,0,0,0,0,0,0,0,0,0,0,0,0,0,0,0,0,0,0,0,0,0,0,0,0,0,0,0,0,0,0,0,0
21,0,0,0,0,0,0,0,0,0,0,0,0,0,0,0,0,0,0,0,0,0,0,0,0,0,0,0,0,0,0,0,0
22,0,0,0,0,0,0,0,0,0,0,0,0,0,0,0,0,0,0,0,0,0,0,0,0,0,0,0,0,0,0,0,0
23,7.1e-05,4.5e-05,3.7e-05,5.1e-05,0,5e-05,3.7e-05,5.4e-05,3.9e-05,5.4e-05,4.6e-05,0,3.8e-05,5.2e-05,0,4.5e-05,3.9e-05,4.5e-05,3.5e-05,3.4e-05,4.3e-05,0,3.8e-05,6.3e-05,3.4e-05,3.9e-05,4.6e-05,4.3e-05,3.5e-05,4.5e-05,4.1e-05,4.4e-05
24,0,0,0,0,0,0,0,0,0,0,0,0,0,0,0,0,0,0,3.6e-05,0,4.3e-05,0,0,3.1e-05,0,0,0,0,0,0,0,0
25,0,0,0,0,0,0,0,0,0,0,0,0,0,0,0,0,0,0,0,0,0,0,0,0,0,0,0,0,0,0,0,0
26,0,0,0,0,0,0,0,0,0,0,0,0,0,0,0,0,0,0,0,0,0,0,0,0,0,0,0,0,0,0,0,0
27,0,0,0,0,0,0,0,0,0,0,0,0,0,0,0,0,0,0,0,0,0,0,0,0,0,0,0,0,0,0,0,0
28,3.2e-05,5e-05,4.7e-05,3.3e-05,0,4.3e-05,3.9e-05,4.7e-05,5.8e-05,6.2e-05,6.9e-05,0,3.5e-05,4.3e-05,0,4e-05,5e-05,4.4e-05,5.4e-05,4.3e-05,4.9e-05,0,4.1e-05,6.2e-05,3.6e-05,3.6e-05,3.6e-05,3.1e-05,3.1e-05,3.8e-05,5.3e-05,3.8e-05
29,0,0,0,0,0,0,0,0,0,0,0,0,0,0,0,0,0,0,0,0,0,0,0,0,0,0,0,0,0,0,0,0
30,0,0,0,0,0,0,0,0,0,0,0,0,0,0,0,0,0,0,0,0,0,0,0,0,0,0,0,0,0,0,0,0
31,0,0,0,0,0,0,0,0,0,0,0,0,0,0,0,0,0,0,0,0,0,0,0,0,0,0,0,0,0,0,0,0
32,0,0,0,0,0,0,0,0,0,0,0,0,0,0,0,0,0,0,0,0,0,0,0,0,0,0,0,0,0,0,0,0
33,4.1e-05,4.3e-05,3.7e-05,3.2e-05,0,4.5e-05,4.4e-05,7.5e-05,4.2e-05,3.8e-05,9e-05,0,5.2e-05,3.5e-05,0,4.4e-05,4.2e-05,3.8e-05,3.8e-05,4e-05,3.6e-05,0,4e-05,3.4e-05,4.6e-05,3.9e-05,5.2e-05,2.9e-05,3.8e-05,3.9e-05,4e-05,3.2e-05
34,0,0,0,0,0,0,0,0,0,0,0,0,0,0,0,0,0,0,0,0,0,0,0,0,0,0,0,0,0,0,0,0
35,0,0,0,0,0,0,0,0,0,0,0,0,0,0,0,0,0,0,0,0,0,0,0,0,0,0,0,0,0,0,0,0
36,0,0,0,0,0,0,0,0,0,0,0,0,0,0,0,0,0,0,0,0,0,0,0,0,0,0,0,0,0,0,0,0
37,0,3.8e-05,0,4.9e-05,0,0,0,0,0,0,0,0,0,0,0,0,0,0,0,0,0,0,0,0,0,0,3.5e-05,0,3.8e-05,0,0,0
38,3.8e-05,0,4.7e-05,0,0,8.7e-05,4.5e-05,4.9e-05,3.8e-05,4.6e-05,4.2e-05,0,4.8e-05,4.4e-05,0,9.8e-05,4.9e-05,3.5e-05,3.7e-05,3.4e-05,4.5e-05,0,4e-05,3.4e-05,3.5e-05,4.2e-05,0,3.9e-05,0,4.3e-05,4.9e-05,4.8e-05
39,0,0,0,0,0,0,0,0,0,0,0,0,0,0,0,0,0,0,0,0,0,0,0,0,0,0,0,0,0,0,0,0
40,0,0,0,0,0,0,0,0,0,0,0,0,0,0,0,0,0,0,0,0,0,0,0,0,0,0,0,0,0,0,0,0
41,0,0,0,0,0,0,0,0,0,0,0,0,0,0,0,0,0,0,0,0,0,0,0,0,0,0,0,0,0,0,0,0
42,4.5e-05,3.5e-05,3.6e-05,4.5e-05,0,3.9e-05,3.9e-05,3.7e-05,4e-05,4.1e-05,4.1e-05,0,3.9e-05,4e-05,0,5.5e-05,6.1e-05,4e-05,3.9e-05,3.9e-05,6.3e-05,0,3.8e-05,4.5e-05,4.2e-05,6.9e-05,3.1e-05,3.7e-05,4.1e-05,3.7e-05,5.1e-05,0.000204
43,0,0,0,0,0,0,0,0,0,0,0,0,0,0,0,0,0,0,0,0,0,0,0,0,0,0,0,0,0,0,0,0
44,0,0,0,0,0,0,0,0,0,0,0,0,0,0,0,0,0,0,0,0,0,0,0,0,0,0,0,0,0,0,0,0
45,0,0,0,0,0,0,0,0,0,0,0,0,0,0,0,0,0,0,0,0,0,0,0,0,0,0,0,0,0,0,0,0
46,0,0,0,0,0,0,0,0,0,0,0,0,0,0,0,0,0,0,0,0,0,0,0,0,0,0,0,0,0,0,0,0
47,3.7e-05,4.1e-05,4.2e-05,4.5e-05,0,3.4e-05,3.8e-05,4.1e-05,4.5e-05,4.5e-05,7.4e-05,0,4.1e-05,4.6e-05,0,4.8e-05,3.6e-05,4.7e-05,4.3e-05,4.5e-05,5e-05,0,4.7e-05,3.4e-05,3.1e-05,3.9e-05,5.7e-05,4.7e-05,8.2e-05,4.2e-05,4.6e-05,3.6e-05
48,0,0,0,0,0,0,0,0,0,0,0,0,0,0,0,0,0,0,0,0,0,0,0,0,0,0,0,0,0,0,0,0
49,0,0,0,0,0,0,0,0,0,0,0,0,0,0,0,0,0,0,0,0,0,0,0,0,0,0,0,0,0,0,0,0
50,0,0,0,0,0,0,0,0,0,0,0,0,0,0,0,0,0,0,0,0,0,0,0,0,0,0,0,0,0,0,0,0
51,0,0,0,0,0,0,0,0,0,0,0,0,0,0,0,0,0,0,0,0,0,0,0,0,0,0,0,0,0,0,0,0
52,5.7e-05,3.9e-05,3.1e-05,4.8e-05,0,3.1e-05,5e-05,4.9e-05,4.6e-05,4.7e-05,5.4e-05,0,4.3e-05,5.8e-05,0,4.6e-05,6e-05,4.4e-05,6.7e-05,3.1e-05,5.1e-05,0,4.5e-05,3.6e-05,2.6e-05,2.8e-05,6.4e-05,3.2e-05,3.5e-05,5.9e-05,4.2e-05,3.5e-05
53,0,0,0,0,0,0,0,0,0,0,0,0,0,0,0,0,0,0,0,0,0,0,0,0,0,0,0,0,0,0,0,0
54,0,0,0,0,0,0,0,0,0,0,0,0,0,0,0,0,0,0,0,0,0,0,0,0,0,0,0,0,0,0,0,0
55,0,0,0,0,0,0,0,0,0,0,0,0,0,0,0,0,0,0,0,0,0,0,0,0,0,0,0,0,0,0,0,0
56,3.7e-05,3.4e-05,5.3e-05,4.1e-05,0,0,4.9e-05,4.3e-05,4.3e-05,0,0,0,3.8e-05,0,0,0,4.3e-05,4.3e-05,0,3.6e-05,5.6e-05,0,0,0,0,0,0,0,0,0,0,0
57,0,0,0,0,0,8.3e-05,4.5e-05,0,5.2e-05,4.2e-05,4e-05,0,0,5.2e-05,0,5.2e-05,0,0,9.6e-05,0,6.2e-05,0,4.8e-05,4.6e-05,3.8e-05,4.3e-05,3.3e-05,5.4e-05,4.1e-05,4.3e-05,4.6e-05,5.6e-05
58,0,0,0,0,0,0,0,0,0,0,0,0,0,0,0,0,0,0,0,0,0,0,0,0,0,0,0,0,0,0,0,0
59,0,0,0,0,0,0,0,0,0,0,0,0,0,0,0,0,0,0,0,0,0,0,0,0,0,0,0,0,0,0,0,0
60,0,0,0,0,0,0,0,0,0,0,0,0,0,0,0,0,0,0,0,0,0,0,0,0,0,0,0,0,0,0,0,0
61,4e-05,3.4e-05,3.5e-05,4.8e-05,0,3.2e-05,5.2e-05,5.4e-05,4.7e-05,4.3e-05,4e-05,0,4e-05,7.3e-05,0,4.3e-05,4e-05,4.9e-05,4.2e-05,4.3e-05,4.8e-05,0,4.1e-05,3.6e-05,4.1e-05,4.9e-05,3e-05,3.9e-05,4.1e-05,0.000168,5.1e-05,3.9e-05
62,0,0,0,0,0,0,0,0,0,0,0,0,0,0,0,0,0,0,0,0,0,0,0,0,0,0,0,0,0,0,0,0
63,0,0,0,0,0,0,0,0,0,0,0,0,0,0,0,0,0,0,0,0,0,0,0,0,0,0,0,0,0,0,0,0
64,0,0,0,0,0,0,0,0,0,0,0,0,0,0,0,0,0,0,0,0,0,0,0,0,0,0,0,0,0,0,0,0
65,0,0,0,0,0,0,0,0,0,0,0,0,0,0,0,0,0,0,0,0,0,0,0,0,0,0,0,0,0,0,0,0
66,4.2e-05,4.2e-05,4.1e-05,4.4e-05,0,4.5e-05,5.2e-05,3.9e-05,4.6e-05,3.9e-05,4.1e-05,0,4.7e-05,8.9e-05,0,4.4e-05,4.7e-05,4.2e-05,5.8e-05,4.2e-05,5.6e-05,0,3.7e-05,4.3e-05,4.5e-05,3.7e-05,3.3e-05,3.5e-05,3.4e-05,5.8e-05,6.3e-05,4.1e-05
67,0,0,0,0,0,0,0,0,0,0,0,0,0,0,0,0,0,0,0,0,0,0,0,0,0,0,0,0,0,0,0,0
68,0,0,0,0,0,0,0,0,0,0,0,0,0,0,0,0,0,0,0,0,0,0,0,0,0,0,0,0,0,0,0,0
69,0,0,0,0,0,0,0,0,0,0,0,0,0,0,0,0,0,0,0,0,0,0,0,0,0,0,0,0,0,0,0,0
70,0,0,0,0,0,0,0,0,0,0,0,0,0,0,0,0,0,0,0,0,0,0,0,0,0,0,0,0,0,0,0,0
71,4.1e-05,5.3e-05,4.8e-05,4e-05,0,3.7e-05,7.1e-05,0.000138,4.3e-05,8.7e-05,4.8e-05,0,4e-05,4.2e-05,0,3.6e-05,3.8e-05,3.8e-05,5.2e-05,3.7e-05,0.000126,0,5.4e-05,4.4e-05,4e-05,5.3e-05,3.1e-05,5e-05,4.2e-05,3.9e-05,5e-05,4.8e-05
72,0,0,0,0,0,0,0,0,0,0,0,0,0,0,0,0,0,0,0,0,0,0,0,0,0,0,0,0,0,0,0,0
73,0,0,0,0,0,0,0,0,0,0,0,0,0,0,0,0,0,0,0,0,0,0,0,0,0,0,0,0,0,0,0,0
74,0,0,0,0,0,0,0,0,0,0,0,0,0,0,0,0,0,0,0,0,0,0,0,0,0,0,0,0,0,0,0,0
75,0,0,0,0,0,0,0,0,0,0,0,0,0,0,0,0,0,0,0,0,0,0,0,0,0,0,0,0,0,0,0,0
76,4.7e-05,5.8e-05,3.6e-05,4.7e-05,0,6.1e-05,4.5e-05,4e-05,4.2e-05,5.3e-05,3.4e-05,0,4e-05,4.1e-05,0,4.4e-05,4.3e-05,3.7e-05,3.6e-05,5.7e-05,5.2e-05,0,3.2e-05,5.7e-05,4.4e-05,5.4e-05,3.3e-05,4.2e-05,3.5e-05,3.8e-05,4.1e-05,3.7e-05
77,0,0,0,0,0,0,0,0,0,0,0,0,0,0,0,0,0,0,0,0,0,0,0,0,0,0,0,0,0,0,0,0
78,0,0,0,0,0,0,0,0,0,0,0,0,0,0,0,0,0,0,0,0,0,0,0,0,0,0,0,0,0,0,0,0
79,0,0,0,0,0,0,0,0,0,0,0,0,0,0,0,0,0,0,0,0,0,0,0,0,0,0,0,0,0,0,0,0
80,3.6e-05,4.6e-05,5.8e-05,5.3e-05,0,3.5e-05,5e-05,5.1e-05,4.9e-05,4.9e-05,6.8e-05,0,4.8e-05,5.6e-05,0,4.3e-05,4.1e-05,3.6e-05,4.2e-05,6e-05,4.7e-05,0,6e-05,4.6e-05,3.8e-05,3e-05,4.8e-05,3.2e-05,5.1e-05,4.1e-05,4.6e-05,4.9e-05
81,0,0,0,0,0,0,0,0,0,0,0,0,0,0,0,0,0,0,0,0,0,0,0,0,0,0,0,0,0,0,0,0
82,0,0,0,0,0,0,0,0,0,0,0,0,0,0,0,0,0,0,0,0,0,0,0,0,0,0,0,0,0,0,0,0
83,0,0,0,0,0,0,0,0,0,0,0,0,0,0,0,0,0,0,0,0,0,0,0,0,0,0,0,0,0,0,0,0
84,0,0,0,0,0,0,0,0,0,0,0,0,0,0,0,0,0,0,0,0,0,0,0,0,0,0,0,0,0,0,0,0
85,3.9e-05,3.8e-05,3.9e-05,4.7e-05,0,5.1e-05,3.6e-05,5.9e-05,5.5e-05,4.7e-05,4.7e-05,0,3.6e-05,4.8e-05,0,3.6e-05,4.2e-05,3.8e-05,5.5e-05,9.9e-05,5.9e-05,0,7.1e-05,4.3e-05,4.3e-05,6.8e-05,5.8e-05,3.7e-05,3.5e-05,3.8e-05,4e-05,4.2e-05
86,0,0,0,0,0,0,0,0,0,0,0,0,0,0,0,0,0,0,0,0,0,0,0,0,0,0,0,0,0,0,0,0
87,0,0,0,0,0,0,0,0,0,0,0,0,0,0,0,0,0,0,0,0,0,0,0,0,0,0,0,0,0,0,0,0
88,0,0,0,0,0,0,0,0,0,0,0,0,0,0,0,0,0,0,0,0,0,0,0,0,0,0,0,0,0,0,0,0
89,0,0,0,0,0,0,0,0,0,0,0,0,0,0,0,0,0,0,0,0,0,0,0,0,0,0,0,0,0,0,0,0
90,5.6e-05,3.2e-05,3.5e-05,3.6e-05,0,4.7e-05,5.1e-05,4e-05,4.4e-05,3.5e-05,3.1e-05,0,5.3e-05,4.2e-05,0,5.1e-05,4.2e-05,3.5e-05,4e-05,4.1e-05,5.6e-05,0,4.4e-05,5.4e-05,4.4e-05,5.1e-05,3.7e-05,4.9e-05,4e-05,4.2e-05,4.5e-05,4.1e-05
91,0,0,0,0,0,0,0,0,0,0,0,0,0,0,0,0,0,0,0,0,0,0,0,0,0,0,0,0,0,0,0,0
92,0,0,0,0,0,0,0,0,0,0,0,0,0,0,0,0,0,0,0,0,0,0,0,0,0,0,0,0,0,0,0,0
93,0,0,0,0,0,0,0,0,0,0,0,0,0,0,0,0,0,0,0,0,0,0,0,0,0,0,0,0,0,0,0,0
94,4.6e-05,4.3e-05,0,0,0,0,0,0,0,0,0,0,3.1e-05,0,0,0,0,0,0,0,0,0,0,0,0,3.5e-05,0,0,0,0,0,0
95,0,0,8.8e-05,4.3e-05,0,6e-05,5.2e-05,4.4e-05,5.8e-05,9.5e-05,4.6e-05,0,0,5.8e-05,0,5.1e-05,4.8e-05,4.2e-05,3.9e-05,5e-05,4.1e-05,0,3.7e-05,4.1e-05,4e-05,0,6.1e-05,3.6e-05,5.3e-05,4.2e-05,4.6e-05,3.8e-05
96,0,0,0,0,0,0,0,0,0,0,0,0,0,0,0,0,0,0,0,0,0,0,0,0,0,0,0,0,0,0,0,0
97,0,0,0,0,0,0,0,0,0,0,0,0,0,0,0,0,0,0,0,0,0,0,0,0,0,0,0,0,0,0,0,0
98,0,0,0,0,0,0,0,0,0,0,0,0,0,0,0,0,0,0,0,0,0,0,0,0,0,0,0,0,0,0,0,0
99,6e-05,4.9e-05,4.2e-05,5.6e-05,0,5.1e-05,4.2e-05,4.4e-05,4e-05,4.5e-05,4.7e-05,0,2.8e-05,3.5e-05,0,4.1e-05,3.8e-05,3.3e-05,5.1e-05,0,4.5e-05,0,3.9e-05,4.6e-05,3.4e-05,3.5e-05,3.2e-05,4.6e-05,3.9e-05,5e-05,4.2e-05,4.7e-05
100,0,0,0,0,0,0,0,0,0,0,0,0,0,0,0,0,0,0,0,3.8e-05,0,0,0,0,0,0,0,0,0,0,0,0
101,0,0,0,0,0,0,0,0,0,0,0,0,0,0,0,0,0,0,0,0,0,0,0,0,0,0,0,0,0,0,0,0
102,0,0,0,0,0,0,0,0,0,0,0,0,0,0,0,0,0,0,0,0,0,0,0,0,0,0,0,0,0,0,0,0
103,0,0,0,0,0,0,0,0,0,0,0,0,0,0,0,0,0,0,0,0,0,0,0,0,0,0,0,0,0,0,0,0
104,3e-05,6.1e-05,3.8e-05,5.7e-05,0,4.2e-05,5.2e-05,3.5e-05,5.9e-05,5.1e-05,3.7e-05,0,3.7e-05,4.5e-05,0,3.3e-05,3.6e-05,4.1e-05,4.1e-05,4.9e-05,5.2e-05,0,3.5e-05,3.3e-05,3e-05,3.6e-05,3.9e-05,4.9e-05,4.4e-05,3.9e-05,3.9e-05,4.7e-05
105,0,0,0,0,0,0,0,0,0,0,0,0,0,0,0,0,0,0,0,0,0,0,0,0,0,0,0,0,0,0,0,0
106,0,0,0,0,0,0,0,0,0,0,0,0,0,0,0,0,0,0,0,0,0,0,0,0,0,0,0,0,0,0,0,0
107,0,0,0,0,0,0,0,0,0,0,0,0,0,0,0,0,0,0,0,0,0,0,0,0,0,0,0,0,0,0,0,0
108,0,0,0,0,0,0,0,0,0,0,0,0,0,0,0,0,0,0,0,0,0,0,0,0,0,0,0,0,0,0,0,0
109,3.6e-05,5e-05,3.8e-05,4.1e-05,0,2.8e-05,3.6e-05,4.6e-05,4.6e-05,4.1e-05,2.8e-05,0,5.5e-05,3.8e-05,0,4.2e-05,4.1e-05,4.4e-05,3.9e-05,3.8e-05,4.8e-05,0,4.4e-05,4.5e-05,3.7e-05,3.7e-05,4.7e-05,3.4e-05,4.5e-05,3.6e-05,5.2e-05,6.6e-05
110,0,0,0,0,0,0,0,0,0,0,0,0,0,0,0,0,0,0,0,0,0,0,0,0,0,0,0,0,0,0,0,0
111,0,0,0,0,0,0,0,0,0,0,0,0,0,0,0,0,0,0,0,0,0,0,0,0,0,0,0,0,0,0,0,0
112,0,0,0,0,0,0,0,0,0,0,0,0,0,0,0,0,0,0,0,0,0,0,0,0,0,0,0,0,0,0,0,0
113,5.5e-05,3.1e-05,5.5e-05,4.2e-05,0,5.4e-05,4.8e-05,4.5e-05,5.1e-05,4.6e-05,4.8e-05,0,3.9e-05,4.4e-05,0,4.7e-05,0,0,0,0,0,0,0,0,3.2e-05,3.6e-05,3.8e-05,8.9e-05,4.5e-05,4e-05,4.6e-05,3.8e-05
114,0,0,0,0,0,0,0,0,0,0,0,0,0,0,0,0,4e-05,3.7e-05,3.7e-05,5.3e-05,5.1e-05,0,4.9e-05,4.3e-05,0,0,0,0,0,0,0,0
115,0,0,0,0,0,0,0,0,0,0,0,0,0,0,0,0,0,0,0,0,0,0,0,0,0,0,0,0,0,0,0,0
116,0,0,0,0,0,0,0,0,0,0,0,0,0,0,0,0,0,0,0,0,0,0,0,0,0,0,0,0,0,0,0,0
117,0,0,0,0,0,0,0,0,0,0,0,0,0,0,0,0,0,0,0,0,0,0,0,0,0,0,0,0,0,0,0,0
118,3e-05,3.1e-05,3.8e-05,4.7e-05,0,4e-05,3.6e-05,3.4e-05,3.8e-05,3.2e-05,2.6e-05,0,3.6e-05,3.3e-05,0,5.6e-05,0,0,0,0,0,0,0,0,2.9e-05,3.1e-05,4.6e-05,4.3e-05,3.9e-05,3.9e-05,6.1e-05,4e-05
119,0,0,0,0,0,0,0,0,0,0,0,0,0,0,0,0,3.3e-05,3.1e-05,4.5e-05,3.6e-05,4.1e-05,0,3.5e-05,4.1e-05,0,0,0,0,0,0,0,0
120,0,0,0,0,0,0,0,0,0,0,0,0,0,0,0,0,0,0,0,0,0,0,0,0,0,0,0,0,0,0,0,0
121,0,0,0,0,0,0,0,0,0,0,0,0,0,0,0,0,0,0,0,0,0,0,0,0,0,0,0,0,0,0,0,0
122,0,0,0,0,0,0,0,0,0,0,0,0,0,0,0,0,0,0,0,0,0,0,0,0,0,0,0,0,0,0,0,0
123,3.3e-05,3.1e-05,7.1e-05,4.6e-05,0,4.8e-05,5.3e-05,5.7e-05,5.1e-05,4.6e-05,3.7e-05,0,3.5e-05,6.6e-05,0,4.4e-05,5.2e-05,5.6e-05,4e-05,3.9e-05,5.8e-05,0,4.5e-05,5e-05,3e-05,2.7e-05,4.6e-05,4e-05,4.7e-05,3.4e-05,4.5e-05,4.8e-05
124,0,0,0,0,0,0,0,0,0,0,0,0,0,0,0,0,0,0,0,0,0,0,0,0,0,0,0,0,0,0,0,0
125,0,0,0,0,0,0,0,0,0,0,0,0,0,0,0,0,0,0,0,0,0,0,0,0,0,0,0,0,0,0,0,0
126,0,0,0,0,0,0,0,0,0,0,0,0,0,0,0,0,0,0,0,0,0,0,0,0,0,0,0,0,0,0,0,0
127,0,2.9e-05,0,0,0,0,0,0,0,3.3e-05,0,0,3.6e-05,4.7e-05,0,0,0,0,0,0,0,0,0,0,0,0,0,0,0,0,0,0
128,4.2e-05,0,4.2e-05,4.4e-05,0,4.2e-05,4.2e-05,3.9e-05,4.9e-05,4.4e-05,4.3e-05,0,0,0,0,5.1e-05,4.4e-05,3.7e-05,3.5e-05,4.9e-05,5e-05,0,3.7e-05,4.5e-05,4.4e-05,3.4e-05,3.4e-05,4.4e-05,3.6e-05,3.8e-05,4.2e-05,4.1e-05
129,0,0,0,0,0,0,0,0,0,0,0,0,0,0,0,0,0,0,0,0,0,0,0,0,0,0,0,0,0,0,0,0
130,0,0,0,0,0,0,0,0,0,0,0,0,0,0,0,0,0,0,0,0,0,0,0,0,0,0,0,0,0,0,0,0
131,0,0,0,0,0,0,0,0,0,0,0,0,0,0,0,0,0,0,0,0,0,0,0,0,0,0,0,0,0,0,0,0
132,5.7e-05,5.2e-05,4e-05,3.2e-05,0,3.2e-05,5.4e-05,4.1e-05,4.2e-05,4.7e-05,3.3e-05,0,3.1e-05,5e-05,0,5.5e-05,0,0,0,0,0,0,0,0,4.6e-05,5.2e-05,5.3e-05,4.3e-05,4e-05,5.4e-05,5.7e-05,4.5e-05
133,0,0,0,0,0,0,0,0,0,0,0,0,0,0,0,0,4.2e-05,4.5e-05,4.5e-05,4e-05,5.2e-05,0,4.6e-05,3.8e-05,0,0,0,0,0,0,0,0
134,0,0,0,0,0,0,0,0,0,0,0,0,0,0,0,0,0,0,0,0,0,0,0,0,0,0,0,0,0,0,0,0
135,0,0,0,0,0,0,0,0,0,0,0,0,0,0,0,0,0,0,0,0,0,0,0,0,0,0,0,0,0,0,0,0
136,0,0,0,0,0,0,0,0,0,0,0,0,0,0,0,0,0,0,0,0,0,0,0,0,0,0,0,0,0,0,0,0
137,4.3e-05,3.1e-05,0.000177,6.6e-05,0,3e-05,4.9e-05,4.8e-05,4.1e-05,5e-05,3.4e-05,0,5.4e-05,8.3e-05,0,4e-05,0,0,0,0,0,0,0,0,4.4e-05,0.000155,7e-05,6.1e-05,3.9e-05,5.5e-05,6.5e-05,8.6e-05
138,0,0,0,0,0,0,0,0,0,0,0,0,0,0,0,0,3.8e-05,5.2e-05,3.5e-05,3e-05,4.3e-05,0,4.9e-05,3.2e-05,0,0,0,0,0,0,0,0
139,0,0,0,0,0,0,0,0,0,0,0,0,0,0,0,0,0,0,0,0,0,0,0,0,0,0,0,0,0,0,0,0
140,0,0,0,0,0,0,0,0,0,0,0,0,0,0,0,0,0,0,0,0,0,0,0,0,0,0,0,0,0,0,0,0
141,0,0,0,0,0,0,0,0,0,0,0,0,0,0,0,0,0,0,0,0,0,0,0,0,0,0,0,0,0,0,0,0
142,3.6e-05,3.8e-05,4.9e-05,4.1e-05,0,5.2e-05,5.9e-05,4.2e-05,4.4e-05,4.3e-05,4e-05,0,3.7e-05,4.6e-05,0,5.2e-05,5.5e-05,4.4e-05,4.4e-05,4.3e-05,4.1e-05,0,5.3e-05,4.4e-05,3.6e-05,4.4e-05,6.5e-05,4.6e-05,5.9e-05,3.8e-05,4.5e-05,3.9e-05
143,0,0,0,0,0,0,0,0,0,0,0,0,0,0,0,0,0,0,0,0,0,0,0,0,0,0,0,0,0,0,0,0
144,0,0,0,0,0,0,0,0,0,0,0,0,0,0,0,0,0,0,0,0,0,0,0,0,0,0,0,0,0,0,0,0
145,0,0,0,0,0,0,0,0,0,0,0,0,0,0,0,0,0,0,0,0,0,0,0,0,0,0,0,0,0,0,0,0
146,5.3e-05,4.4e-05,5e-05,3.8e-05,0,4.8e-05,3e-05,4.9e-05,5.2e-05,4.5e-05,0,0,3.6e-05,0,0,4.1e-05,0,0,0,0,0,0,0,0,4.5e-05,5.6e-05,3.8e-05,4.1e-05,4.8e-05,3.9e-05,0,0
147,0,0,3.8e-05,0,0,0,5.4e-05,0,0,5.6e-05,4.5e-05,0,0,5.1e-05,0,0,4.7e-05,2.9e-05,4.6e-05,3.9e-05,4.7e-05,0,3e-05,4.3e-05,0,0,0,0,0,0,4.5e-05,4.6e-05
148,0,0,0,0,0,0,0,0,0,0,0,0,0,0,0,0,0,0,0,0,0,0,0,0,0,0,0,0,0,0,0,0
149,0,0,0,0,0,0,0,0,0,0,0,0,0,0,0,0,0,0,0,0,0,0,0,0,0,0,0,0,0,0,0,0
150,0,0,0,0,0,0,0,0,0,0,0,0,0,0,0,0,0,0,0,0,0,0,0,0,0,0,0,0,0,0,0,0
151,6.8e-05,3.8e-05,4.7e-05,3.4e-05,0,3.7e-05,4.5e-05,4.5e-05,4.6e-05,4.8e-05,3.6e-05,0,3.1e-05,4e-05,0,5e-05,0,0,0,0,0,0,0,0,4.9e-05,4e-05,3.3e-05,4.3e-05,5.7e-05,3.7e-05,4.9e-05,4.1e-05
152,0,0,0,0,0,0,0,0,0,0,0,0,0,0,0,0,3.6e-05,5.5e-05,3.7e-05,7e-05,4.1e-05,0,3.7e-05,3.8e-05,0,0,0,0,0,0,0,0
153,0,0,0,0,0,0,0,0,0,0,0,0,0,0,0,0,0,0,0,0,0,0,0,0,0,0,0,0,0,0,0,0
154,0,0,0,0,0,0,0,0,0,0,0,0,0,0,0,0,0,0,0,0,0,0,0,0,0,0,0,0,0,0,0,0
155,0,0,0,0,0,0,0,0,0,0,0,0,0,0,0,0,0,0,0,0,0,0,0,0,0,0,0,0,0,0,0,0
156,4.6e-05,3.9e-05,4.4e-05,3.9e-05,0,3.3e-05,3.6e-05,4.1e-05,4.5e-05,5.1e-05,5e-05,0,4.4e-05,5.5e-05,0,5.9e-05,0,0,0,0,0,0,0,0,3.9e-05,5.1e-05,3.6e-05,4.1e-05,4.4e-05,5.5e-05,4.5e-05,4.7e-05
157,0,0,0,0,0,0,0,0,0,0,0,0,0,0,0,0,4.3e-05,3e-05,4.5e-05,3.5e-05,5.9e-05,0,4.5e-05,3.6e-05,0,0,0,0,0,0,0,0
158,0,0,0,0,0,0,0,0,0,0,0,0,0,0,0,0,0,0,0,0,0,0,0,0,0,0,0,0,0,0,0,0
159,0,0,0,0,0,0,0,0,0,0,0,0,0,0,0,0,0,0,0,0,0,0,0,0,0,0,0,0,0,0,0,0
160,0,0,0,0,0,0,0,0,0,0,0,0,4e-05,0,0,0,0,0,0,0,0,0,0,0,0,0,0,0,0,0,0,0
161,4.4e-05,3.4e-05,4e-05,5.2e-05,0,4e-05,5.3e-05,3.8e-05,6.1e-05,4.8e-05,3.9e-05,0,0,6.3e-05,0,4.1e-05,3.7e-05,3.4e-05,4.5e-05,4.3e-05,4.2e-05,0,3.5e-05,3.6e-05,4.3e-05,4.7e-05,4.5e-05,4.4e-05,4.2e-05,3.9e-05,5.2e-05,4.5e-05
162,0,0,0,0,0,0,0,0,0,0,0,0,0,0,0,0,0,0,0,0,0,0,5.6e-05,0,0,0,0,0,0,0,0,0
163,0,0,0,0,0,0,0,0,0,0,0,0,0,0,0,0,0,0,0,0,0,0,0,0,0,0,0,0,0,0,0,0
164,0,0,0,0,0,0,0,0,0,0,0,0,0,0,0,0,0,0,0,0,0,0,0,0,0,0,0,0,0,0,0,0
165,4.4e-05,5.5e-05,5.1e-05,3.8e-05,0,3.9e-05,5.9e-05,4.9e-05,4.7e-05,6e-05,4.2e-05,0,3.4e-05,5.5e-05,0,6.3e-05,0,0,0,0,0,0,0,0,4.7e-05,6.8e-05,4.6e-05,4.3e-05,4.8e-05,3.7e-05,0,0
166,0,0,0,0,0,0,0,0,0,0,0,0,0,0,0,0,4.7e-05,6.2e-05,3.7e-05,4.7e-05,4.9e-05,0,5.5e-05,5.1e-05,0,0,0,0,0,0,5.3e-05,4.9e-05
167,0,0,0,0,0,0,0,0,0,0,0,0,0,0,0,0,0,0,0,0,0,0,0,0,0,0,0,0,0,0,0,0
168,0,0,0,0,0,0,0,0,0,0,0,0,0,0,0,0,0,0,0,0,0,0,0,0,0,0,0,0,0,0,0,0
169,0,0,0,0,0,0,0,0,0,0,0,0,0,0,0,0,0,0,0,0,0,0,0,0,0,0,0,0,0,0,0,0
170,2.9e-05,3.4e-05,3.5e-05,3.4e-05,0,0.00019,4.5e-05,3.7e-05,3.3e-05,3.7e-05,2.9e-05,0,3.5e-05,3e-05,0,3.4e-05,0,0,0,0,0,0,0,0,4e-05,4.3e-05,4.2e-05,4.5e-05,3.3e-05,5.6e-05,4.4e-05,3.1e-05
171,0,0,0,0,0,0,0,0,0,0,0,0,0,0,0,0,4.6e-05,4.6e-05,2.9e-05,2.9e-05,4.2e-05,0,3.7e-05,3.6e-05,0,0,0,0,0,0,0,0
172,0,0,0,0,0,0,0,0,0,0,0,0,0,0,0,0,0,0,0,0,0,0,0,0,0,0,0,0,0,0,0,0
173,0,0,0,0,0,0,0,0,0,0,0,0,0,0,0,0,0,0,0,0,0,0,0,0,0,0,0,0,0,0,0,0
174,0,0,0,0,0,0,0,0,0,0,0,0,0,0,0,0,0,0,0,0,0,0,0,0,0,0,0,0,0,0,0,0
175,7e-05,6e-05,3.1e-05,4e-05,0,4.7e-05,4.4e-05,3.9e-05,4.2e-05,4.7e-05,6.1e-05,0,4.6e-05,4.7e-05,0,3.5e-05,0,0,0,0,0,0,0,0,4.1e-05,4.9e-05,4.4e-05,3.8e-05,4.2e-05,3.8e-05,4.6e-05,5.3e-05
176,0,0,0,0,0,0,0,0,0,0,0,0,0,0,0,0,3.8e-05,4.9e-05,5.1e-05,4.8e-05,4.6e-05,0,4.1e-05,3.4e-05,0,0,0,0,0,0,0,0
177,0,0,0,0,0,0,0,0,0,0,0,0,0,0,0,0,0,0,0,0,0,0,0,0,0,0,0,0,0,0,0,0
178,0,0,0,0,0,0,0,0,0,0,0,0,0,0,0,0,0,0,0,0,0,0,0,0,0,0,0,0,0,0,0,0
179,0,0,0,0,0,0,0,0,0,0,0,0,0,0,0,0,0,0,0,0,0,0,0,0,0,0,0,0,0,0,0,0
180,6.9e-05,3.2e-05,6.6e-05,4.2e-05,0,4e-05,0.000214,4.1e-05,4.8e-05,4.5e-05,4.4e-05,0,5.3e-05,5.6e-05,0,4.9e-05,0,0,0,0,0,0,0,0,4.1e-05,4e-05,5.8e-05,4.5e-05,5.6e-05,8.5e-05,4.8e-05,5.5e-05
181,0,0,0,0,0,0,0,0,0,0,0,0,0,0,0,0,4.2e-05,0.000189,5.6e-05,5.2e-05,4.7e-05,0,3.8e-05,4e-05,0,0,0,0,0,0,0,0
182,0,0,0,0,0,0,0,0,0,0,0,0,0,0,0,0,0,0,0,0,0,0,0,0,0,0,0,0,0,0,0,0
183,0,0,0,0,0,0,0,0,0,0,0,0,0,0,0,0,0,0,0,0,0,0,0,0,0,0,0,0,0,0,0,0
184,4.3e-05,4e-05,3.4e-05,4.2e-05,0,3.1e-05,3.8e-05,5e-05,4.4e-05,4.7e-05,3.8e-05,0,3.1e-05,5.4e-05,0,5e-05,0,0,0,0,0,0,0,0,3.8e-05,3.8e-05,2.8e-05,4.2e-05,3.7e-05,3.8e-05,4.5e-05,5.6e-05
185,0,0,0,0,0,0,0,0,0,0,0,0,0,0,0,0,3.3e-05,3e-05,3.9e-05,4.7e-05,5.1e-05,0,4.2e-05,5e-05,0,0,0,0,0,0,0,4.5e-05
186,0,0,0,0,0,0,0,0,0,0,0,0,0,0,0,0,0,0,0,0,0,0,0,0,0,0,0,0,0,0,0,0
187,0,0,0,0,0,0,0,0,0,0,0,0,0,0,0,0,0,0,0,0,0,0,0,0,0,0,0,0,0,0,0,0
188,0,0,0,0,0,0,0,0,0,0,0,0,0,0,0,0,0,0,0,0,0,0,0,0,0,0,0,0,0,0,0,0
189,3.5e-05,3.3e-05,3.8e-05,5.4e-05,0,4.3e-05,6.7e-05,5.5e-05,5.1e-05,4e-05,3.5e-05,0,5.7e-05,4.6e-05,0,4e-05,0,0,0,0,0,0,0,0,3.9e-05,4.2e-05,2.9e-05,5.8e-05,9.3e-05,4.2e-05,4.6e-05,4.8e-05
190,0,0,0,0,0,0,0,0,0,0,0,0,0,0,0,0,5.3e-05,7.9e-05,3e-05,3.3e-05,5.1e-05,0,3.5e-05,4.2e-05,0,0,0,0,0,0,0,0
191,0,0,0,0,0,0,0,0,0,0,0,0,0,0,0,0,0,0,0,0,0,0,0,0,0,0,0,0,0,0,0,0
192,0,0,0,0,0,0,0,0,0,0,0,0,0,0,0,0,0,0,0,0,0,0,0,0,0,0,0,0,0,0,0,0
193,0,0,0,0,0,0,0,0,0,0,0,0,0,0,0,0,0,0,0,0,0,0,0,0,0,0,0,0,0,0,0,0
194,5.3e-05,2.6e-05,6e-05,3.5e-05,0,4e-05,4.7e-05,5.9e-05,4.3e-05,3.7e-05,5.5e-05,0,4.5e-05,4.9e-05,0,4.5e-05,0,0,0,0,0,0,0,0,4.3e-05,4e-05,6.7e-05,3.7e-05,3.9e-05,4.8e-05,4.9e-05,4.2e-05
195,0,0,0,0,0,0,0,0,0,0,0,0,0,0,0,0,4.7e-05,5.3e-05,4.9e-05,6.1e-05,5.2e-05,0,3.6e-05,4.4e-05,0,0,0,0,0,0,0,0
196,0,0,0,0,0,0,0,0,0,0,0,0,0,0,0,0,0,0,0,0,0,0,0,0,0,0,0,0,0,0,0,0
197,0,0,0,0,0,0,0,0,0,0,0,0,0,0,0,0,0,0,0,0,0,0,0,0,0,0,0,0,0,0,0,0
198,0,0,0,0,0,0,0,0,0,0,0,0,0,0,0,0,0,0,0,0,0,0,0,0,0,0,0,0,0,0,0,0
199,4.6e-05,3.8e-05,3.9e-05,4e-05,0,4.6e-05,4.1e-05,3.7e-05,4.8e-05,4.8e-05,3.3e-05,0,3.7e-05,5e-05,0,5.5e-05,0,0,0,0,0,0,0,0,6.2e-05,4.7e-05,4.3e-05,3.9e-05,4.3e-05,4.4e-05,4.4e-05,5.3e-05
200,0,0,0,0,0,0,0,0,0,0,0,0,0,0,0,0,3.7e-05,3.8e-05,3e-05,4.5e-05,4.8e-05,0,3.6e-05,4.3e-05,0,0,0,0,0,0,0,0
201,0,0,0,0,0,0,0,0,0,0,0,0,0,0,0,0,0,0,0,0,0,0,0,0,0,0,0,0,0,0,0,0
202,0,0,0,0,0,0,0,0,0,0,0,0,0,0,0,0,0,0,0,0,0,0,0,0,0,0,0,0,0,0,0,0
203,3.9e-05,3e-05,4e-05,5e-05,0,4.1e-05,3.8e-05,5.6e-05,4.3e-05,5.7e-05,5e-05,0,4.4e-05,5.7e-05,0,4.7e-05,0,0,0,0,0,0,0,0,4e-05,5.4e-05,4.3e-05,4.2e-05,4.5e-05,6e-05,5.3e-05,4.1e-05
204,0,0,0,0,0,0,0,0,0,0,0,0,0,0,0,0,5.8e-05,3.6e-05,3e-05,4e-05,4.5e-05,0,5.3e-05,3.8e-05,0,0,0,0,0,0,0,0
205,0,0,0,0,0,0,0,0,0,0,0,0,0,0,0,0,0,0,0,0,0,0,0,0,0,0,0,0,0,0,0,0
206,0,0,0,0,0,0,0,0,0,0,0,0,0,0,0,0,0,0,0,0,0,0,0,0,0,0,0,0,0,0,0,0
207,0,0,0,0,0,0,0,0,0,0,0,0,0,0,0,0,0,0,0,0,0,0,0,0,0,0,0,0,0,0,0,0
208,4e-05,4.1e-05,4.3e-05,3.9e-05,0,6.2e-05,6.1e-05,6.3e-05,5.4e-05,4.9e-05,5e-05,0,3.3e-05,4.4e-05,0,4.6e-05,0,0,0,0,0,0,0,0,4e-05,4.2e-05,3.5e-05,5.7e-05,4.2e-05,3.5e-05,4.2e-05,4.1e-05
209,0,0,0,0,0,0,0,0,0,0,0,0,0,0,0,0,3.9e-05,4.4e-05,3.4e-05,3.9e-05,4.4e-05,0,6.4e-05,5.7e-05,0,0,0,0,0,0,0,0
210,0,0,0,0,0,0,0,0,0,0,0,0,0,0,0,0,0,0,0,0,0,0,0,0,0,0,0,0,0,0,0,0
211,0,0,0,0,0,0,0,0,0,0,0,0,0,0,0,0,0,0,0,0,0,0,0,0,0,0,0,0,0,0,0,0
212,0,0,0,0,0,0,0,0,0,0,0,0,0,0,0,0,0,0,0,0,0,0,0,0,0,0,0,0,0,0,0,0
213,3.9e-05,3.3e-05,4.1e-05,3.4e-05,0,4.3e-05,3.8e-05,3.3e-05,4.6e-05,4.4e-05,4.1e-05,0,9.9e-05,3.5e-05,0,4.4e-05,0,0,0,0,0,0,0,0,4.1e-05,3.9e-05,3.7e-05,5.1e-05,3.5e-05,4.5e-05,5.1e-05,3.9e-05
214,0,0,0,0,0,0,0,0,0,0,0,0,0,0,0,0,4.3e-05,4.3e-05,3.2e-05,3.9e-05,4e-05,0,3.5e-05,4.8e-05,0,0,0,0,0,0,0,0
215,0,0,0,0,0,0,0,0,0,0,0,0,0,0,0,0,0,0,0,0,0,0,0,0,0,0,0,0,0,0,0,0
216,0,0,0,0,0,0,0,0,0,0,0,0,0,0,0,0,0,0,0,0,0,0,0,0,0,0,0,0,0,0,0,0
217,0,0,0,0,0,0,0,0,2.7e-05,4.6e-05,0,0,3.1e-05,0,0,4.6e-05,0,0,0,0,0,0,0,0,0,0,0,0,0,0,0,0
218,4.4e-05,4.4e-05,5.5e-05,4.1e-05,0,5.5e-05,4e-05,6.6e-05,3.6e-05,4.4e-05,3.2e-05,0,0,5.2e-05,0,4.9e-05,0,0,0,0,0,0,0,0,6.4e-05,4.3e-05,5.1e-05,4.1e-05,4.8e-05,3.4e-05,5.9e-05,4.8e-05
219,0,0,0,0,0,0,0,0,0,0,0,0,0,0,0,0,3.4e-05,3.3e-05,5.3e-05,6.3e-05,4.6e-05,0,5e-05,5.7e-05,0,0,0,0,0,0,0,0
220,0,0,0,0,0,0,0,0,0,0,0,0,0,0,0,0,0,0,0,0,0,0,0,0,0,0,0,0,0,0,0,0
221,0,0,0,0,0,0,0,0,0,0,0,0,0,0,0,0,0,0,0,0,0,0,0,0,0,0,0,0,0,0,0,0
222,4.9e-05,4e-05,5.6e-05,3.7e-05,0,3.8e-05,6.1e-05,4.7e-05,5.7e-05,5.2e-05,4.1e-05,0,4e-05,4.4e-05,0,4e-05,0,0,0,0,0,0,0,0,0,0,3.6e-05,0,3.8e-05,0,7.9e-05,5.6e-05
223,0,0,0,0,0,0,0,0,0,0,0,0,0,0,0,0,0,0,0,0,0,0,0,0,3.7e-05,3.9e-05,0,4.2e-05,4.4e-05,3e-05,0,0
224,0,0,0,0,0,0,0,0,0,0,0,0,0,0,0,0,3.5e-05,3.8e-05,4.3e-05,4e-05,4.5e-05,0,5.9e-05,4.4e-05,0,0,0,0,0,0,0,0
225,0,0,0,0,0,0,0,0,0,0,0,0,0,0,0,0,0,0,0,0,0,0,0,0,0,0,0,0,0,0,0,0
226,0,0,0,0,0,0,0,0,0,0,0,0,0,0,0,0,0,0,0,0,0,0,0,0,0,0,0,0,0,0,0,0
227,3.1e-05,4.7e-05,3.6e-05,3.5e-05,0,4.1e-05,4.7e-05,4.6e-05,5.8e-05,5.8e-05,3.8e-05,0,3.4e-05,4.3e-05,0,5e-05,0,0,0,0,0,0,0,0,4.7e-05,4.6e-05,3.5e-05,4.4e-05,4.4e-05,5.1e-05,4.1e-05,3.6e-05
228,0,0,0,0,0,0,0,0,0,0,0,0,0,0,0,0,0,3.6e-05,5e-05,0,0,0,3.4e-05,0,0,0,0,0,0,0,0,0
229,0,0,0,0,0,0,0,0,0,0,0,0,0,0,0,0,4.1e-05,2.8e-05,7.3e-05,3.4e-05,5.3e-05,0,4.3e-05,5.4e-05,0,0,0,0,0,0,0,0
230,0,0,0,0,0,0,0,0,0,0,0,0,0,0,0,0,0,0,0,0,0,0,0,0,0,0,0,0,0,0,0,0
231,0,0,0,0,0,0,0,0,0,0,0,0,0,0,0,0,0,0,0,0,0,0,0,0,0,0,0,0,0,0,0,0
232,4.7e-05,3.2e-05,5.6e-05,4.2e-05,0,4.9e-05,5.4e-05,4.6e-05,4.1e-05,4.8e-05,3.6e-05,0,3.8e-05,4.5e-05,0,4.4e-05,0,0,0,0,0,0,0,0,3.8e-05,3.6e-05,3.9e-05,7.5e-05,4.2e-05,4.1e-05,4.2e-05,4e-05
233,0,0,0,0,0,0,0,0,0,0,0,0,0,0,0,0,3.6e-05,3.9e-05,4.4e-05,4e-05,5.4e-05,0,3.8e-05,4.1e-05,0,0,0,0,0,0,0,0
234,0,0,0,0,0,0,0,0,0,0,0,0,0,0,0,0,0,0,0,0,0,0,0,0,0,0,0,0,0,0,0,0
235,0,0,0,0,0,0,0,0,0,0,0,0,0,0,0,0,0,0,0,0,0,0,0,0,0,0,0,0,0,0,0,0
236,0,0,0,0,0,0,0,0,5.5e-05,4.8e-05,0,0,3.6e-05,0,0,4.2e-05,0,0,0,0,0,0,0,0,0,0,0,0,0,0,0,0
237,5.4e-05,4.1e-05,3e-05,3.8e-05,0,4.1e-05,4.9e-05,4.6e-05,5.1e-05,0,4.4e-05,0,0,5.3e-05,0,0,0,0,0,0,0,0,0,0,3.4e-05,3.8e-05,3.3e-05,2.9e-05,4.3e-05,3.6e-05,3.6e-05,3.8e-05
238,0,0,0,0,0,0,0,0,0,0,0,0,0,0,0,0,4e-05,5.6e-05,4.7e-05,7.3e-05,4.5e-05,0,4.5e-05,4.1e-05,0,0,0,0,0,0,0,0
239,0,0,0,0,0,0,0,0,0,0,0,0,0,0,0,0,0,0,0,0,0,0,0,0,0,0,0,0,0,0,0,0
240,0,0,0,0,0,0,0,0,0,0,0,0,0,0,0,0,0,0,0,0,0,0,0,0,0,0,0,0,0,0,0,0
241,0,3.6e-05,8e-05,3.7e-05,0,0,0,0.000196,5.8e-05,4.9e-05,3.5e-05,0,3.8e-05,4.5e-05,0,6.9e-05,0,0,0,0,0,0,0,0,0,0,0,3.5e-05,0,0,0,0
242,4.6e-05,0,4.2e-05,0,0,4.1e-05,3.4e-05,0,0,0,0,0,0,0,0,0,0,0,0,0,0,0,0,0,2.9e-05,7.2e-05,3.1e-05,0,4.3e-05,3.8e-05,5.8e-05,0.000158
243,0,0,0,0,0,0,0,0,0,0,0,0,0,0,0,0,4.5e-05,7.7e-05,3.9e-05,4.5e-05,4.4e-05,0,4e-05,3.8e-05,0,0,0,0,0,0,0,0
244,0,0,0,0,0,0,0,0,0,0,0,0,0,0,0,0,0,0,0,0,0,0,0,0,0,0,0,0,0,0,0,0
245,0,0,0,0,0,0,0,0,0,0,0,0,0,0,0,0,0,0,0,0,0,0,0,0,0,0,0,0,0,0,0,0
246,3.9e-05,4.1e-05,5.4e-05,5e-05,0,3.8e-05,5.1e-05,5e-05,4.5e-05,3.4e-05,5.3e-05,0,3.5e-05,4.2e-05,0,3.1e-05,0,0,0,0,0,0,0,0,4.1e-05,5e-05,3.9e-05,4.3e-05,3.3e-05,3.9e-05,5.2e-05,4.5e-05
247,0,0,0,0,0,0,0,0,0,0,0,0,0,0,0,0,5.7e-05,4.3e-05,4.1e-05,3.6e-05,4.7e-05,0,4e-05,3.5e-05,0,0,0,0,0,0,0,0
248,0,0,0,0,0,0,0,0,0,0,0,0,0,0,0,0,0,0,0,0,0,0,0,0,0,0,0,0,0,0,0,0
249,0,0,0,0,0,0,0,0,0,0,0,0,0,0,0,0,0,0,0,0,0,0,0,0,0,0,0,0,0,0,0,0
250,0,0,0,0,0,0,0,0,0,0,0,0,3.7e-05,0,0,0,0,0,0,0,0,0,0,0,0,0,0,0,0,0,0,0
251,4.3e-05,4.4e-05,3.5e-05,2.8e-05,0,7.5e-05,4.1e-05,4.3e-05,4.3e-05,4.4e-05,6.1e-05,0,0,0.000101,0,4.2e-05,0,0,0,0,0,0,0,0,5.7e-05,3.3e-05,4.4e-05,4.5e-05,6e-05,3.6e-05,4.8e-05,5.7e-05
252,0,0,0,0,0,0,0,0,0,0,0,0,0,0,0,0,3.3e-05,5.9e-05,5.2e-05,4.4e-05,4.7e-05,0,4.7e-05,3.7e-05,0,0,0,0,0,0,0,0
253,0,0,0,0,0,0,0,0,0,0,0,0,0,0,0,0,0,0,0,0,0,0,0,0,0,0,0,0,0,0,0,0
254,0,0,0,0,0,0,0,0,0,0,0,0,0,0,0,0,0,0,0,0,0,0,0,0,0,0,0,0,0,0,0,0
255,0,0,0,0,0,0,0,0,4.4e-05,4.4e-05,3.5e-05,0,3.5e-05,4.7e-05,0,4e-05,0,0,0,0,0,0,0,0,0,0,0,0,0,0,0,0
256,3.3e-05,3.5e-05,3.6e-05,4.5e-05,0,3.3e-05,4.1e-05,5.9e-05,0,0,0,0,0,0,0,0,0,0,0,0,0,0,0,0,4.8e-05,3.8e-05,3.7e-05,4.8e-05,4.1e-05,3.8e-05,4.3e-05,3.4e-05
257,0,0,0,0,0,0,0,0,0,0,0,0,0,0,0,0,3.1e-05,3.2e-05,6.7e-05,3.4e-05,4.6e-05,0,4.3e-05,3.5e-05,0,0,0,0,0,0,0,0
258,0,0,0,0,0,0,0,0,0,0,0,0,0,0,0,0,0,0,0,0,0,0,0,0,0,0,0,0,0,0,0,0
259,0,0,0,0,0,0,0,0,0,0,0,0,0,0,0,0,0,0,0,0,0,0,0,0,0,0,0,0,0,0,0,0
260,3.7e-05,0,0,0,0,0,0,0,4.4e-05,4.2e-05,3.9e-05,0,3.6e-05,5.7e-05,0,4.6e-05,0,0,0,0,0,0,0,0,0,0,0,0,0,0,0,0
261,0,3.2e-05,4.2e-05,4.9e-05,0,3.3e-05,4.3e-05,4.8e-05,0,0,0,0,0,0,0,0,0,0,0,0,0,0,0,0,3.8e-05,5.2e-05,4e-05,7.8e-05,5.2e-05,4.7e-05,5.7e-05,4.1e-05
262,0,0,0,0,0,0,0,0,0,0,0,0,0,0,0,0,4e-05,2.9e-05,4.7e-05,6.3e-05,5.5e-05,0,4e-05,4.6e-05,0,0,0,0,0,0,0,0
263,0,0,0,0,0,0,0,0,0,0,0,0,0,0,0,0,0,0,0,0,0,0,0,0,0,0,0,0,0,0,0,0
264,0,0,0,0,0,0,0,0,0,0,0,0,0,0,0,0,0,0,0,0,0,0,0,0,0,0,0,0,0,0,0,0
265,5.6e-05,5.2e-05,5.4e-05,3.9e-05,0,3.1e-05,4.4e-05,5.8e-05,4.3e-05,4.4e-05,3.7e-05,0,4.9e-05,3.7e-05,0,5.1e-05,0,0,0,0,0,0,0,0,3.7e-05,3.7e-05,4e-05,4.6e-05,4.4e-05,4.3e-05,5.7e-05,4.1e-05
266,0,0,0,0,0,0,0,0,0,0,0,0,0,0,0,0,5.2e-05,3.9e-05,4.5e-05,0,0,0,4.5e-05,4.1e-05,0,0,0,0,0,0,0,0
267,0,0,0,0,0,0,0,0,0,0,0,0,0,0,0,0,0,0,4.1e-05,5e-05,6.1e-05,0,4.3e-05,7.1e-05,0,0,0,0,0,0,0,0
268,0,0,0,0,0,0,0,0,0,0,0,0,0,0,0,0,0,0,0,0,0,0,0,0,0,0,0,0,0,0,0,0
269,0,0,0,0,0,0,0,0,0,0,0,0,0,0,0,0,0,0,0,0,0,0,0,0,0,0,0,0,0,0,0,0
270,5.4e-05,2.6e-05,4.2e-05,4.1e-05,0,4.8e-05,3.8e-05,4.7e-05,4.3e-05,7.7e-05,4.6e-05,0,4e-05,2.8e-05,0,3.9e-05,0,0,0,0,0,0,0,0,4e-05,4.6e-05,3.8e-05,4.7e-05,5.6e-05,6.9e-05,4.6e-05,4.4e-05
271,0,0,0,0,0,0,0,0,0,0,0,0,0,0,0,0,4.3e-05,4.4e-05,5.9e-05,4.3e-05,7.5e-05,0,4.9e-05,7.4e-05,0,0,0,0,0,0,0,0
272,0,0,0,0,0,0,0,0,0,0,0,0,0,0,0,0,0,0,0,0,0,0,0,0,0,0,0,0,0,0,0,0
273,0,0,0,0,0,0,0,0,0,0,0,0,0,0,0,0,0,0,0,0,0,0,0,0,0,0,0,0,0,0,0,0
274,0,0,0,0,0,0,0,0,3.4e-05,4.6e-05,0,0,4.7e-05,0,0,4.6e-05,0,0,0,0,0,0,0,0,0,0,0,0,0,0,0,0
275,4.1e-05,4.4e-05,4.6e-05,5.1e-05,0,5.5e-05,5e-05,4.9e-05,6.6e-05,0,5.1e-05,0,0,5.4e-05,0,0,0,0,0,0,0,0,0,0,4e-05,3.7e-05,3.6e-05,4.5e-05,3.8e-05,4.8e-05,4.1e-05,3.7e-05
276,0,0,0,0,0,0,0,0,0,0,0,0,0,0,0,0,4.7e-05,4.6e-05,4.8e-05,4.1e-05,4.1e-05,0,4.9e-05,4.6e-05,0,0,0,0,0,0,0,0
277,0,0,0,0,0,0,0,0,0,0,0,0,0,0,0,0,0,0,0,0,0,0,0,0,0,0,0,0,0,0,0,0
278,0,0,0,0,0,0,0,0,0,0,0,0,0,0,0,0,0,0,0,0,0,0,0,0,0,0,0,0,0,0,0,0
279,0,0,0,0,0,0,0,0,9.1e-05,5e-05,4.2e-05,0,5.5e-05,3.8e-05,0,3.7e-05,0,0,0,0,0,0,0,0,3e-05,3.2e-05,3.2e-05,0,3.5e-05,4e-05,6.7e-05,0
280,4.6e-05,3.4e-05,3.5e-05,3.9e-05,0,0.000298,9.3e-05,9e-05,0,0,0,0,0,0,0,0,0,0,0,0,0,0,0,0,0,0,0,6.3e-05,7.2e-05,0,0.000144,4e-05
281,0,0,0,0,0,0,0,0,0,0,0,0,0,0,0,0,8.6e-05,0.000275,4.9e-05,0.000732,4.6e-05,0,6.6e-05,4.6e-05,0,0,0,0,0,0,0,0
282,0,0,0,0,0,0,0,0,0,0,0,0,0,0,0,0,0,0,0,0,0,0,0,0,0,0,0,0,0,0,0,0
283,0,0,0,0,0,0,0,0,0,0,0,0,0,0,0,0,0,0,0,0,0,0,0,0,0,0,0,0,0,0,0,0
284,5.3e-05,6.1e-05,5.4e-05,3.1e-05,0,5.1e-05,3.9e-05,4.8e-05,5.3e-05,4e-05,3.8e-05,0,3.3e-05,3.6e-05,0,4.9e-05,0,0,0,0,0,0,0,0,4.6e-05,4e-05,4.5e-05,3.8e-05,5e-05,5.4e-05,3.8e-05,4e-05
285,0,0,0,0,0,0,0,0,0,0,0,0,0,0,0,0,3.7e-05,0,4.4e-05,0,0,0,0,0,0,0,0,0,0,0,0,0
286,0,0,0,0,0,0,0,0,0,0,0,0,0,0,0,0,0,5.2e-05,4.8e-05,5.1e-05,4.9e-05,0,4.3e-05,5.2e-05,0,0,0,0,0,0,0,0
287,0,0,0,0,0,0,0,0,0,0,0,0,0,0,0,0,0,0,0,0,0,0,0,0,0,0,0,0,0,0,0,0
288,0,0,0,0,0,0,0,0,0,0,0,0,0,0,0,0,0,0,0,0,0,0,0,0,0,0,0,0,0,0,0,0
289,4e-05,4.3e-05,4.3e-05,4.1e-05,0,4.5e-05,3.9e-05,3.9e-05,5.3e-05,4.7e-05,3.5e-05,0,4.9e-05,3.6e-05,0,4e-05,0,0,0,0,0,0,0,0,5.5e-05,5e-05,3.9e-05,3.9e-05,3.7e-05,4.5e-05,4.6e-05,4.4e-05
290,0,0,0,0,0,0,0,0,0,0,0,0,0,0,0,0,4.9e-05,2.8e-05,4.4e-05,4.4e-05,5.3e-05,0,4.9e-05,4.6e-05,0,0,0,0,0,0,0,0
291,0,0,0,0,0,0,0,0,0,0,0,0,0,0,0,0,0,0,0,0,0,0,0,0,0,0,0,0,0,0,0,0
292,0,0,0,0,0,0,0,0,0,0,0,0,0,0,0,0,0,0,0,0,0,0,0,0,0,0,0,0,0,0,0,0
293,0,0,0,0,0,0,0,0,3.8e-05,0,0,0,5.2e-05,0,0,4.2e-05,0,0,0,0,0,0,0,0,0,0,0,0,0,0,0,0
294,3.9e-05,5.4e-05,3.5e-05,6.9e-05,0,2.3e-05,6e-05,8.1e-05,4.2e-05,5.5e-05,4.3e-05,0,0,3.6e-05,0,4.9e-05,0,0,0,0,0,0,0,0,4.9e-05,5.1e-05,3.5e-05,5.4e-05,6.5e-05,4.1e-05,5e-05,5.9e-05
295,0,0,0,0,0,0,0,0,0,0,0,0,0,0,0,0,4e-05,5.5e-05,5.8e-05,6e-05,4.3e-05,0,3.9e-05,4.8e-05,0,0,0,0,0,0,0,0
296,0,0,0,0,0,0,0,0,0,0,0,0,0,0,0,0,0,0,0,0,0,0,0,0,0,0,0,0,0,0,0,0
297,0,0,0,0,0,0,0,0,0,0,0,0,0,0,0,0,0,0,0,0,0,0,0,0,0,0,0,0,0,0,0,0
298,5.3e-05,0,3.8e-05,0,0,3.5e-05,0,0,5.1e-05,5.1e-05,3.6e-05,0,5.2e-05,4.6e-05,0,5e-05,0,0,0,0,0,0,0,0,4.4e-05,4.1e-05,5.4e-05,6.4e-05,4.6e-05,5.1e-05,0,0
299,0,4.2e-05,0,4.3e-05,0,0,5.3e-05,4e-05,0,0,0,0,0,0,0,0,0,0,0,0,0,0,0,0,0,0,0,0,6.9e-05,4e-05,4.3e-05,3.6e-05
300,0,0,0,0,0,0,0,0,0,0,0,0,0,0,0,0,3.6e-05,3.7e-05,5.1e-05,4.7e-05,5.3e-05,0,4.4e-05,3.4e-05,0,0,0,0,0,0,0,0
301,0,0,0,0,0,0,0,0,0,0,0,0,0,0,0,0,0,0,0,0,0,0,0,0,0,0,0,0,0,0,0,0
302,0,0,0,0,0,0,0,0,0,0,0,0,0,0,0,0,0,0,0,0,0,0,0,0,0,0,0,0,0,0,0,0
303,2.7e-05,4e-05,5.7e-05,5.4e-05,0,4.8e-05,4.9e-05,5.4e-05,5.5e-05,4e-05,4.6e-05,0,4.6e-05,7.7e-05,0,4.1e-05,0,0,0,0,0,0,0,0,4.4e-05,4.7e-05,4e-05,5.5e-05,4.7e-05,4.3e-05,5.1e-05,5.5e-05
304,0,0,0,0,0,0,0,0,0,0,0,0,0,0,0,0,4.1e-05,4.2e-05,5.2e-05,4.9e-05,4.8e-05,0,4.9e-05,4.8e-05,0,0,0,0,0,0,0,0
305,0,0,0,0,0,0,0,0,0,0,0,0,0,0,0,0,0,0,0,0,0,0,0,0,0,0,0,0,0,0,0,0
306,0,0,0,0,0,0,0,0,0,0,0,0,0,0,0,0,0,0,0,0,0,0,0,0,0,0,0,0,0,0,0,0
307,0,0,0,0,0,0,0,0,0,0,0,0,0,0,0,0,0,0,0,0,0,0,0,0,0,0,0,0,0,0,0,0
308,5.1e-05,3.7e-05,3.8e-05,3.9e-05,0,2.8e-05,3.7e-05,5e-05,4.7e-05,5.4e-05,4.4e-05,0,4.7e-05,9.1e-05,0,5.5e-05,0,0,0,0,0,0,0,0,4.4e-05,5.9e-05,6.7e-05,4.1e-05,4.5e-05,6.7e-05,0.000144,4.1e-05
309,0,0,0,0,0,0,0,0,0,0,0,0,0,0,0,0,3.4e-05,3.5e-05,0.000109,3.9e-05,5.8e-05,0,4.9e-05,4.8e-05,0,0,0,0,0,0,0,0
310,0,0,0,0,0,0,0,0,0,0,0,0,0,0,0,0,0,0,0,0,0,0,0,0,0,0,0,0,0,0,0,0
311,0,0,0,0,0,0,0,0,0,0,0,0,0,0,0,0,0,0,0,0,0,0,0,0,0,0,0,0,0,0,0,0
312,0,0,0,0,0,0,0,0,0,0,0,0,4.7e-05,0,0,0,0,0,0,0,0,0,0,0,0,0,0,0,0,0,0,0
313,3.2e-05,6.1e-05,0.00014,3.6e-05,0,3.8e-05,5.7e-05,4e-05,4.7e-05,3.7e-05,3.7e-05,0,0,5.2e-05,0,3.4e-05,0,0,0,0,0,0,0,0,5.7e-05,3.6e-05,3.9e-05,8.5e-05,4.9e-05,5.6e-05,5.1e-05,3.9e-05
314,0,0,0,0,0,0,0,0,0,0,0,0,0,0,0,0,8e-05,3.6e-05,5.1e-05,4.9e-05,4.3e-05,0,4.7e-05,3.6e-05,0,0,0,0,0,0,0,0
315,0,0,0,0,0,0,0,0,0,0,0,0,0,0,0,0,0,0,0,0,0,0,0,0,0,0,0,0,0,0,0,0
316,0,0,0,0,0,0,0,0,0,0,0,0,0,0,0,0,0,0,0,0,0,0,0,0,0,0,0,0,0,0,0,0
317,3.1e-05,4.7e-05,4.4e-05,0,0,0,4.2e-05,0,4.6e-05,4.7e-05,5e-05,0,4.1e-05,4.1e-05,0,4.4e-05,0,0,0,0,0,0,0,0,4.7e-05,4.9e-05,4.7e-05,0,3.8e-05,0,0,0
318,0,0,0,5.1e-05,0,5.1e-05,5.1e-05,6.3e-05,0,0,0,0,0,0,0,0,0,8e-05,3.9e-05,4e-05,0,0,5.1e-05,5.2e-05,0,0,0,5.2e-05,0,4.9e-05,0.000271,3.9e-05
319,0,0,0,0,0,0,0,0,0,0,0,0,0,0,0,0,4.5e-05,0,5.5e-05,0,4e-05,0,0,4.1e-05,0,0,0,0,0,0,0,0
320,0,0,0,0,0,0,0,0,0,0,0,0,0,0,0,0,0,0,0,0,0,0,0,0,0,0,0,0,0,0,0,0
321,0,0,0,0,0,0,0,0,0,0,0,0,0,0,0,0,0,0,0,0,0,0,0,0,0,0,0,0,0,0,0,0
322,3.7e-05,5.5e-05,3.8e-05,4e-05,0,4e-05,4.6e-05,3.9e-05,4.1e-05,4.3e-05,4.3e-05,0,4.1e-05,4.9e-05,0,5.7e-05,0,0,0,0,0,0,0,0,5.4e-05,5e-05,3.4e-05,9.1e-05,5e-05,5.9e-05,4.4e-05,4.2e-05
323,0,0,0,0,0,0,0,0,0,0,0,0,0,0,0,0,4.2e-05,4.4e-05,6.4e-05,5e-05,5.1e-05,0,3.7e-05,4.5e-05,0,0,0,0,0,0,0,0
324,0,0,0,0,0,0,0,0,0,0,0,0,0,0,0,0,0,0,0,0,0,0,0,0,0,0,0,0,0,0,0,0
325,0,0,0,0,0,0,0,0,0,0,0,0,0,0,0,0,0,0,0,0,0,0,0,0,0,0,0,0,0,0,0,0
326,0,0,0,0,0,0,0,0,0,0,0,0,0,0,0,0,0,0,0,0,0,0,0,0,0,0,0,0,0,0,0,0
327,3.3e-05,9.3e-05,3.6e-05,4.5e-05,0,4.8e-05,4.4e-05,4.5e-05,5e-05,5e-05,5.3e-05,0,5.9e-05,4.9e-05,0,3.6e-05,0,0,0,0,0,0,0,0,4.3e-05,3.1e-05,3.7e-05,4.8e-05,4.5e-05,3.9e-05,5e-05,4.2e-05
328,0,0,0,0,0,0,0,0,0,0,0,0,0,0,0,0,3.7e-05,5.1e-05,4.9e-05,3.7e-05,5.4e-05,0,4.6e-05,4.2e-05,0,0,0,0,0,0,0,0
329,0,0,0,0,0,0,0,0,0,0,0,0,0,0,0,0,0,0,0,0,0,0,0,0,0,0,0,0,0,0,0,0
330,0,0,0,0,0,0,0,0,0,0,0,0,0,0,0,0,0,0,0,0,0,0,0,0,0,0,0,0,0,0,0,0
331,0,0,0,0,0,0,0,0,0,0,0,0,0,0,0,0,0,0,0,0,0,0,0,0,0,0,0,0,0,0,0,0
332,5.4e-05,3.4e-05,3.6e-05,3.3e-05,0,4.4e-05,5.2e-05,4.5e-05,3.9e-05,4e-05,3.9e-05,0,6.6e-05,4.2e-05,0,4.1e-05,0,0,0,0,0,0,0,0,4e-05,3.9e-05,5.3e-05,3.5e-05,7.2e-05,3.9e-05,4.4e-05,4.2e-05
333,0,0,0,0,0,0,0,0,0,0,0,0,0,0,0,0,3.6e-05,5.5e-05,4.8e-05,4.1e-05,4.1e-05,0,3.9e-05,5e-05,0,0,0,0,0,0,0,0
334,0,0,0,0,0,0,0,0,0,0,0,0,0,0,0,0,0,0,0,0,0,0,0,0,0,0,0,0,0,0,0,0
335,0,0,0,0,0,0,0,0,0,0,0,0,0,0,0,0,0,0,0,0,0,0,0,0,0,0,0,0,0,0,0,0
336,3e-05,0,0,0,0,0,0,0,4.1e-05,5.5e-05,0,0,3.4e-05,0,0,4.8e-05,0,0,0,0,0,0,0,0,3.6e-05,0,0,0,0,0,0,0
337,0,5.2e-05,3.9e-05,4.5e-05,0,4.1e-05,3.9e-05,3.3e-05,5.7e-05,4.8e-05,4e-05,0,0,5.5e-05,0,0,0,0,3.5e-05,0,0,0,0,0,0,5.2e-05,2.9e-05,4.8e-05,4e-05,5.5e-05,5.2e-05,3.7e-05
338,0,0,0,0,0,0,0,0,0,0,0,0,0,0,0,0,4.2e-05,3.9e-05,4.2e-05,4.2e-05,5.2e-05,0,5e-05,5.6e-05,0,0,0,0,0,0,0,0
339,0,0,0,0,0,0,0,0,0,0,0,0,0,0,0,0,0,0,0,0,0,0,0,0,0,0,0,0,0,0,0,0
340,0,0,0,0,0,0,0,0,0,0,0,0,0,0,0,0,0,0,0,0,0,0,0,0,0,0,0,0,0,0,0,0
341,3.2e-05,4.2e-05,4.4e-05,3.9e-05,0,7.2e-05,5.2e-05,4.4e-05,5.1e-05,4.2e-05,3.9e-05,0,5.8e-05,4.4e-05,0,4.2e-05,0,0,0,0,0,0,0,0,4.1e-05,5.5e-05,6.8e-05,6.9e-05,4.5e-05,4.2e-05,4e-05,4.5e-05
342,0,0,0,0,0,0,0,0,0,0,0,0,0,0,0,0,4.1e-05,3.4e-05,4.7e-05,3.5e-05,5.6e-05,0,3.9e-05,4e-05,0,0,0,0,0,0,0,0
343,0,0,0,0,0,0,0,0,0,0,0,0,0,0,0,0,0,0,0,0,0,0,0,0,0,0,0,0,0,0,0,0
344,0,0,0,0,0,0,0,0,0,0,0,0,0,0,0,0,0,0,0,0,0,0,0,0,0,0,0,0,0,0,0,0
345,0,0,0,0,0,0,0,0,0,0,0,0,0,0,0,0,0,0,0,0,0,0,0,0,0,0,0,0,0,0,0,0
346,3.9e-05,3.9e-05,4.4e-05,4e-05,0,5e-05,2.9e-05,4.9e-05,4.8e-05,3.8e-05,4.3e-05,0,4.8e-05,3.9e-05,0,4e-05,0,0,0,0,0,0,0,0,3.7e-05,5e-05,5.4e-05,7.1e-05,3.9e-05,5.4e-05,4.3e-05,3.4e-05
347,0,0,0,0,0,0,0,0,0,0,0,0,0,0,0,0,3.2e-05,4.7e-05,4.3e-05,4.2e-05,4.1e-05,0,4.8e-05,4.8e-05,0,0,0,0,0,0,0,0
348,0,0,0,0,0,0,0,0,0,0,0,0,0,0,0,0,0,0,0,0,0,0,0,0,0,0,0,0,0,0,0,0
349,0,0,0,0,0,0,0,0,0,0,0,0,0,0,0,0,0,0,0,0,0,0,0,0,0,0,0,0,0,0,0,0
350,0,0,0,0,0,0,0,0,0,0,0,0,0,0,0,0,0,0,0,0,0,0,0,0,0,0,0,0,0,0,0,0
351,6.5e-05,4.4e-05,4.2e-05,4.9e-05,0,5.7e-05,5.2e-05,5.5e-05,3.9e-05,5.6e-05,4.8e-05,0,5.2e-05,4.6e-05,0,4.7e-05,0,0,0,0,0,0,0,0,3.3e-05,3.4e-05,4e-05,4.6e-05,4.4e-05,4.3e-05,5.1e-05,3.8e-05
352,0,0,0,0,0,0,0,0,0,0,0,0,0,0,0,0,3.9e-05,4.8e-05,4.5e-05,3.2e-05,4.6e-05,0,4.6e-05,5.5e-05,0,0,0,0,0,0,0,0
353,0,0,0,0,0,0,0,0,0,0,0,0,0,0,0,0,0,0,0,0,0,0,0,0,0,0,0,0,0,0,0,0
354,0,0,0,0,0,0,0,0,0,0,0,0,0,0,0,0,0,0,0,0,0,0,0,0,0,0,0,0,0,0,0,0
355,0,0,0,0,0,0,0,0,0,3.6e-05,0,0,4.8e-05,0,0,8e-05,0,0,0,0,0,0,0,0,4.7e-05,0,3.1e-05,0,0,0,0,0
356,5.6e-05,3.1e-05,3.2e-05,4.9e-05,0,4.2e-05,3.5e-05,4.1e-05,4.7e-05,3.7e-05,3.7e-05,0,0,4.3e-05,0,3.5e-05,0,0,0,0,0,0,0,0,0,3.5e-05,0,3e-05,4.2e-05,3.6e-05,4.2e-05,4.3e-05
357,0,0,0,0,0,0,0,0,0,0,0,0,0,0,0,0,3e-05,2.5e-05,3.8e-05,5.1e-05,5e-05,0,5e-05,4e-05,0,0,0,0,0,0,0,0
358,0,0,0,0,0,0,0,0,0,0,0,0,0,0,0,0,0,0,0,0,0,0,0,0,0,0,0,0,0,0,0,0
359,0,0,0,0,0,0,0,0,0,0,0,0,0,0,0,0,0,0,0,0,0,0,0,0,0,0,0,0,0,0,0,0
360,0,0,0,0,0,0,0,0,4.9e-05,6.7e-05,7.3e-05,0,4.5e-05,4.4e-05,0,5.1e-05,0,0,0,0,0,0,0,0,3.3e-05,3.7e-05,3.9e-05,5.1e-05,4.5e-05,4.8e-05,5.7e-05,5.7e-05
361,3.6e-05,4.7e-05,4.3e-05,5.4e-05,0,7.8e-05,5.6e-05,4.6e-05,0,0,0,0,0,0,0,0,0,0,0,0,0,0,0,0,0,0,0,0,0,0,0,0
362,0,0,0,0,0,0,0,0,0,0,0,0,0,0,0,0,5.1e-05,5.6e-05,3.6e-05,5.1e-05,4.6e-05,0,4.8e-05,8e-05,0,0,0,0,0,0,0,0
363,0,0,0,0,0,0,0,0,0,0,0,0,0,0,0,0,0,0,0,0,0,0,0,0,0,0,0,0,0,0,0,0
364,0,0,0,0,0,0,0,0,0,0,0,0,0,0,0,0,0,0,0,0,0,0,0,0,0,0,0,0,0,0,0,0
365,5.3e-05,5.6e-05,4.8e-05,4.4e-05,0,4.7e-05,4.9e-05,6.4e-05,4.6e-05,5.5e-05,5.6e-05,0,5.3e-05,4.8e-05,0,4.5e-05,0,0,0,0,0,0,0,0,6.5e-05,4.8e-05,6.5e-05,5.1e-05,5e-05,6.2e-05,4.6e-05,5.5e-05
366,0,0,0,0,0,0,0,0,0,0,0,0,0,0,0,0,5.5e-05,5.2e-05,4.6e-05,4.1e-05,5.2e-05,0,3.5e-05,4.5e-05,0,0,0,0,0,0,0,0
367,0,0,0,0,0,0,0,0,0,0,0,0,0,0,0,0,0,0,0,0,0,0,0,0,0,0,0,0,0,0,0,0
368,0,0,0,0,0,0,0,0,0,0,0,0,0,0,0,0,0,0,0,0,0,0,0,0,0,0,0,0,0,0,0,0
369,0,0,0,0,0,0,0,0,0,0,0,0,0,0,0,0,0,0,0,0,0,0,0,0,0,0,0,0,0,0,0,0
370,4.5e-05,5.1e-05,4.9e-05,3.9e-05,0,4.2e-05,3.8e-05,4.2e-05,4.3e-05,4.3e-05,5.5e-05,0,3.9e-05,6.3e-05,0,5.6e-05,0,0,0,0,0,0,0,0,3.3e-05,3e-05,5.5e-05,6.7e-05,5.1e-05,4.2e-05,5.4e-05,3.8e-05
371,0,0,0,0,0,0,0,0,0,0,0,0,0,0,0,0,3e-05,4.2e-05,5.9e-05,4.4e-05,4.4e-05,0,4.3e-05,4.6e-05,0,0,0,0,0,0,0,0
372,0,0,0,0,0,0,0,0,0,0,0,0,0,0,0,0,0,0,0,0,0,0,0,0,0,0,0,0,0,0,0,0
373,0,0,0,0,0,0,0,0,0,0,0,0,0,0,0,0,0,0,0,0,0,0,0,0,0,0,0,0,0,0,0,0
374,0,0,0,0,0,0,0,0,4.6e-05,0,0,0,8.9e-05,0,0,3.7e-05,0,0,0,0,0,0,0,0,3.9e-05,5.9e-05,3.7e-05,5.1e-05,4.8e-05,5e-05,4.6e-05,4.1e-05
375,3.8e-05,6.1e-05,4.5e-05,5.5e-05,0,4.4e-05,3.9e-05,3.9e-05,4.5e-05,5.4e-05,3.7e-05,0,0,6.3e-05,0,4.4e-05,0,0,0,0,0,0,0,0,0,0,0,0,0,0,2.9e-05,0
376,0,0,0,0,0,0,0,0,0,0,0,0,0,0,0,0,4.3e-05,2.5e-05,4.9e-05,3.5e-05,4.3e-05,0,5.5e-05,6e-05,0,0,0,0,0,0,0,0
377,0,0,0,0,0,0,0,0,0,0,0,0,0,0,0,0,0,0,0,0,0,0,0,0,0,0,0,0,0,0,0,0
378,0,0,0,0,0,0,0,0,0,0,0,0,0,0,0,0,0,0,0,0,0,0,0,0,0,0,0,0,0,0,0,0
379,0,0,0,0,0,0,0,0,4.4e-05,4.1e-05,3.4e-05,0,4.3e-05,5.1e-05,0,5.9e-05,0,0,0,0,0,0,0,0,4.6e-05,3.5e-05,5.5e-05,4.3e-05,4e-05,3.8e-05,4.9e-05,3.5e-05
380,3.4e-05,3.7e-05,3.9e-05,3.7e-05,0,3.5e-05,4.7e-05,5.7e-05,0,0,0,0,0,0,0,0,0,0,0,0,0,0,0,0,0,0,0,0,0,0,0,0
381,0,0,0,0,0,0,0,0,0,0,0,0,0,0,0,0,3.1e-05,2.7e-05,3.5e-05,8.4e-05,4.2e-05,0,4.1e-05,7.6e-05,0,0,0,0,0,0,0,0
382,0,0,0,0,0,0,0,0,0,0,0,0,0,0,0,0,0,0,0,0,0,0,0,0,0,0,0,0,0,0,0,0
383,0,0,0,0,0,0,0,0,0,0,0,0,0,0,0,0,0,0,0,0,0,0,0,0,0,0,0,0,0,0,0,0
384,4.5e-05,3.5e-05,5.6e-05,3.7e-05,0,5e-05,5e-05,4.9e-05,4.3e-05,6e-05,4.8e-05,0,4.8e-05,5.6e-05,0,4e-05,0,0,0,0,0,0,0,0,3.7e-05,4.3e-05,3.8e-05,6e-05,4.9e-05,5.5e-05,4.6e-05,4.6e-05
385,0,0,0,0,0,0,0,0,0,0,0,0,0,0,0,0,5.3e-05,4.6e-05,5.1e-05,4.6e-05,5e-05,0,4.8e-05,4.7e-05,0,0,0,0,0,0,0,0
386,0,0,0,0,0,0,0,0,0,0,0,0,0,0,0,0,0,0,0,0,0,0,0,0,0,0,0,0,0,0,0,0
387,0,0,0,0,0,0,0,0,0,0,0,0,0,0,0,0,0,0,0,0,0,0,0,0,0,0,0,0,0,0,0,0
388,0,0,0,0,0,0,0,0,0,0,0,0,0,0,0,0,0,0,0,0,0,0,0,0,0,0,0,0,0,0,0,0
389,5.5e-05,5.3e-05,3.6e-05,5e-05,0,5.2e-05,4.1e-05,4.6e-05,7.5e-05,3.7e-05,3.1e-05,0,4.1e-05,4.1e-05,0,3.6e-05,0,0,0,0,0,0,0,0,3.9e-05,3.4e-05,3.4e-05,7.5e-05,4e-05,4.2e-05,5.2e-05,4.6e-05
390,0,0,0,0,0,0,0,0,0,0,0,0,0,0,0,0,5.6e-05,4.9e-05,5.9e-05,3.8e-05,4.3e-05,0,4.1e-05,3.6e-05,0,0,0,0,0,0,0,0
391,0,0,0,0,0,0,0,0,0,0,0,0,0,0,0,0,0,0,0,0,0,0,0,0,0,0,0,0,0,0,0,0
392,0,0,0,0,0,0,0,0,0,0,0,0,0,0,0,0,0,0,0,0,0,0,0,0,0,0,0,0,0,0,0,0
393,0,0,0,0,0,0,0,0,0,0,3.4e-05,0,5.6e-05,0,0,3.4e-05,0,0,0,0,0,0,0,0,4.7e-05,4e-05,3e-05,4.9e-05,4.3e-05,4.6e-05,4.6e-05,5.2e-05
394,4.9e-05,4.1e-05,3.9e-05,3e-05,0,3.8e-05,3.9e-05,4.5e-05,4.8e-05,4.6e-05,3.5e-05,0,0,5.4e-05,0,5e-05,0,0,0,0,0,0,0,0,0,0,0,0,0,0,0,0
395,0,0,0,0,0,0,0,0,0,0,0,0,0,0,0,0,3.6e-05,3e-05,4.3e-05,4.1e-05,4.7e-05,0,5.4e-05,4.9e-05,0,0,0,0,0,0,0,0
396,0,0,0,0,0,0,0,0,0,0,0,0,0,0,0,0,0,0,0,0,0,0,0,0,0,0,0,0,0,0,0,0
397,0,0,0,0,0,0,0,0,0,0,0,0,0,0,0,0,0,0,0,0,0,0,0,0,0,0,0,0,0,0,0,0
398,6.2e-05,6.5e-05,0,0,0,6.1e-05,0,0,4.9e-05,4.2e-05,4.3e-05,0,5.3e-05,4.8e-05,0,3.7e-05,0,0,0,0,0,0,0,0,4.3e-05,6.5e-05,4.7e-05,4.5e-05,5.1e-05,5.2e-05,5.9e-05,3.9e-05
399,0,0,5.1e-05,4.5e-05,0,4.4e-05,4.6e-05,5.5e-05,0,0,0,0,0,0,0,0,4.2e-05,4.4e-05,4.8e-05,0,5.6e-05,0,0,4e-05,0,0,0,0,0,0,0,0
400,0,0,0,0,0,0,0,0,0,0,0,0,0,0,0,0,0,0,5e-05,4.1e-05,0,0,6.9e-05,4.4e-05,0,0,0,0,0,0,0,0
401,0,0,0,0,0,0,0,0,0,0,0,0,0,0,0,0,0,0,0,0,0,0,0,0,0,0,0,0,0,0,0,0
402,0,0,0,0,0,0,0,0,0,0,0,0,0,0,0,0,0,0,0,0,0,0,0,0,0,0,0,0,0,0,0,0
403,6.8e-05,0.000152,4.8e-05,4.5e-05,0,5.9e-05,5e-05,4.5e-05,4.4e-05,4.5e-05,3.5e-05,0,4.4e-05,6.1e-05,0,3.2e-05,0,0,0,0,0,0,0,0,4.3e-05,4.2e-05,2.9e-05,3.5e-05,3.9e-05,5e-05,3.9e-05,4.2e-05
404,0,0,0,0,0,0,0,0,0,0,0,0,0,0,0,0,4.3e-05,4.4e-05,4.9e-05,3.1e-05,4.5e-05,0,4.8e-05,4.2e-05,0,0,0,0,0,0,0,0
405,0,0,0,0,0,0,0,0,0,0,0,0,0,0,0,0,0,0,0,0,0,0,0,0,0,0,0,0,0,0,0,0
406,0,0,0,0,0,0,0,0,0,0,0,0,0,0,0,0,0,0,0,0,0,0,0,0,0,0,0,0,0,0,0,0
407,0,0,0,0,0,0,0,0,0,0,0,0,0,0,0,0,0,0,0,0,0,0,0,0,3.9e-05,5.9e-05,4.9e-05,5.4e-05,0,6.5e-05,0,0
408,4.7e-05,4.4e-05,4.9e-05,5.3e-05,0,4.2e-05,6.2e-05,4.3e-05,5.5e-05,5.6e-05,3.5e-05,0,4.9e-05,5.8e-05,0,0.000106,0,0,0,0,0,0,0,0,0,0,0,0,4.8e-05,0,5.3e-05,3.6e-05
409,0,0,0,0,0,0,0,0,0,0,0,0,0,0,0,0,4.9e-05,4.3e-05,5e-05,5.5e-05,5.6e-05,0,5.1e-05,5.2e-05,0,0,0,0,0,0,0,0
410,0,0,0,0,0,0,0,0,0,0,0,0,0,0,0,0,0,0,0,0,0,0,0,0,0,0,0,0,0,0,0,0
411,0,0,0,0,0,0,0,0,0,0,0,0,0,0,0,0,0,0,0,0,0,0,0,0,0,0,0,0,0,0,0,0
412,0,0,0,0,0,0,0,0,5.6e-05,4.4e-05,5.4e-05,0,4.6e-05,4.4e-05,0,0.000111,0,0,0,0,0,0,0,0,4.4e-05,5.8e-05,5.3e-05,3.3e-05,3.8e-05,5.1e-05,6.2e-05,0.000145
413,4.7e-05,4.8e-05,4.2e-05,4e-05,0,5.3e-05,3.4e-05,4.7e-05,0,0,0,0,0,0,0,0,0,0,0,0,0,0,0,0,0,0,0,0,0,0,0,0
414,0,0,0,0,0,0,0,0,0,0,0,0,0,0,0,0,4.3e-05,3.9e-05,4.9e-05,3.4e-05,5e-05,0,5.1e-05,4e-05,0,0,0,0,0,0,0,0
415,0,0,0,0,0,0,0,0,0,0,0,0,0,0,0,0,0,0,0,0,0,0,0,0,0,0,0,0,0,0,0,0
416,0,0,0,0,0,0,0,0,0,0,0,0,0,0,0,0,0,0,0,0,0,0,0,0,0,0,0,0,0,0,0,0
417,0,0,0,0,0,0,0,0,4.2e-05,4.9e-05,5.3e-05,0,3.3e-05,5.3e-05,0,3.1e-05,0,0,0,0,0,0,0,0,4.6e-05,4.9e-05,3.8e-05,4.6e-05,4.7e-05,5e-05,5.6e-05,4e-05
418,4.5e-05,6.5e-05,4.9e-05,4.9e-05,0,5.7e-05,0.000111,5.1e-05,0,0,0,0,0,0,0,0,0,3.5e-05,0,0,0,0,0,0,0,0,0,0,0,0,0,0
419,0,0,0,0,0,0,0,0,0,0,0,0,0,0,0,0,4.5e-05,0,4.7e-05,3.9e-05,6e-05,0,5.2e-05,4.6e-05,0,0,0,0,0,0,0,0
420,0,0,0,0,0,0,0,0,0,0,0,0,0,0,0,0,0,0,0,0,0,0,0,0,0,0,0,0,0,0,0,0
421,0,0,0,0,0,0,0,0,0,0,0,0,0,0,0,0,0,0,0,0,0,0,0,0,0,0,0,0,0,0,0,0
422,3.3e-05,4.3e-05,4.4e-05,3.6e-05,0,4.6e-05,4e-05,4.3e-05,4.2e-05,3.9e-05,3.2e-05,0,3.9e-05,3e-05,0,4.6e-05,0,0,0,0,0,0,0,0,4.3e-05,3.2e-05,5.5e-05,3.2e-05,4.2e-05,3.8e-05,3.9e-05,3.5e-05
423,0,0,0,0,0,0,0,0,0,0,0,0,0,0,0,0,4.1e-05,3.2e-05,3.9e-05,3.4e-05,4.5e-05,0,3.1e-05,3.7e-05,0,0,0,0,0,0,0,0
424,0,0,0,0,0,0,0,0,0,0,0,0,0,0,0,0,0,0,0,0,0,0,0,0,0,0,0,0,0,0,0,0
425,0,0,0,0,0,0,0,0,0,0,0,0,0,0,0,0,0,0,0,0,0,0,0,0,0,0,0,0,0,0,0,0
426,0,0,0,0,0,0,0,0,0,0,0,0,0,0,0,0,0,0,0,0,0,0,0,0,0,0,0,0,0,0,0,0
427,6.4e-05,6.2e-05,4.3e-05,6e-05,0,3.8e-05,4.3e-05,4.7e-05,7.4e-05,4.2e-05,3.4e-05,0,0.000127,3.8e-05,0,4.7e-05,0,0,0,0,0,0,0,0,3.9e-05,5.1e-05,4.7e-05,3.6e-05,4.3e-05,6.4e-05,5.9e-05,4.6e-05
428,0,0,0,0,0,0,0,0,0,0,0,0,0,0,0,0,5.8e-05,5.9e-05,4.4e-05,3.6e-05,9.7e-05,0,4.7e-05,0.000121,0,0,0,0,0,0,0,0
429,0,0,0,0,0,0,0,0,0,0,0,0,0,0,0,0,0,0,0,0,0,0,0,0,0,0,0,0,0,0,0,0
430,0,0,0,0,0,0,0,0,0,0,0,0,0,0,0,0,0,0,0,0,0,0,0,0,0,0,0,0,0,0,0,0
431,0,0,0,0,0,0,0,0,5.8e-05,5.9e-05,3.1e-05,0,5.5e-05,6.4e-05,0,4.6e-05,0,0,0,0,0,0,0,0,3.5e-05,5.2e-05,3.8e-05,5.9e-05,4.9e-05,5.6e-05,4.9e-05,4.7e-05
432,3.5e-05,5.5e-05,4.6e-05,4e-05,0,4.7e-05,4.8e-05,4.9e-05,0,0,0,0,0,0,0,0,0,0,0,0,0,0,0,0,0,0,0,0,0,0,0,0
433,0,0,0,0,0,0,0,0,0,0,0,0,0,0,0,0,4.4e-05,5.2e-05,4.4e-05,5.1e-05,4.3e-05,0,5.7e-05,5.4e-05,0,0,0,0,0,0,0,0
434,0,0,0,0,0,0,0,0,0,0,0,0,0,0,0,0,0,0,0,0,0,0,0,0,0,0,0,0,0,0,0,0
435,0,0,0,0,0,0,0,0,0,0,0,0,0,0,0,0,0,0,0,0,0,0,0,0,0,0,0,0,0,0,0,0
436,0,0,0,0,0,0,0,0,4.9e-05,4.5e-05,5.1e-05,0,4.5e-05,4.1e-05,0,6.2e-05,0,0,0,0,0,0,0,0,3.5e-05,6e-05,3.4e-05,0.00016,5.3e-05,6.1e-05,0.000126,4.8e-05
437,3.9e-05,3.8e-05,9.7e-05,3.6e-05,0,3.5e-05,4.2e-05,4.6e-05,0,0,0,0,0,0,0,0,3.7e-05,5.4e-05,9.2e-05,4.6e-05,5.4e-05,0,4.7e-05,6.5e-05,0,0,0,0,0,0,0,0
438,0,0,0,0,0,0,0,0,0,0,0,0,0,0,0,0,0,0,0,0,0,0,0,0,0,0,0,0,0,0,0,0
439,0,0,0,0,0,0,0,0,0,0,0,0,0,0,0,0,0,0,0,0,0,0,0,0,0,0,0,0,0,0,0,0
440,0,0,0,0,0,0,0,0,0,0,0,0,0,0,0,0,0,0,0,0,0,0,0,0,0,0,0,0,0,0,0,0
441,4.2e-05,4.9e-05,4.8e-05,3.6e-05,0,4.9e-05,6.7e-05,5.9e-05,4.7e-05,5.1e-05,7.1e-05,0,4.6e-05,7.9e-05,0,5e-05,0,0,0,0,0,0,0,0,4.3e-05,5.4e-05,4.5e-05,4.1e-05,3.7e-05,7.4e-05,5.1e-05,5e-05
442,0,0,0,0,0,0,0,0,0,0,0,0,0,0,0,0,4.2e-05,3e-05,5.4e-05,3.6e-05,4.1e-05,0,5.3e-05,5.4e-05,0,0,0,0,0,0,0,0
443,0,0,0,0,0,0,0,0,0,0,0,0,0,0,0,0,0,0,0,0,0,0,0,0,0,0,0,0,0,0,0,0
444,0,0,0,0,0,0,0,0,0,0,0,0,0,0,0,0,0,0,0,0,0,0,0,0,0,0,0,0,0,0,0,0
445,0,0,0,0,0,0,0,0,0,5.8e-05,0,0,5.6e-05,0,0,0,0,0,0,0,0,0,0,0,0,2.9e-05,4.1e-05,0,4.2e-05,6.1e-05,5.1e-05,3.9e-05
446,4e-05,7.4e-05,5.7e-05,4e-05,0,5e-05,4.1e-05,4.3e-05,3.9e-05,6e-05,4.4e-05,0,0,5.3e-05,0,9.5e-05,0,0,0,0,0,0,0,0,4.3e-05,0,4.2e-05,5.1e-05,0,0,5.5e-05,0
447,0,0,0,0,0,0,0,0,0,0,0,0,0,0,0,0,4.2e-05,4.5e-05,4.7e-05,5.9e-05,5.2e-05,0,3.8e-05,4.5e-05,0,0,0,0,0,0,0,0
448,0,0,0,0,0,0,0,0,0,0,0,0,0,0,0,0,0,0,0,0,0,0,0,0,0,0,0,0,0,0,0,0
449,0,0,0,0,0,0,0,0,0,0,0,0,0,0,0,0,0,0,0,0,0,0,0,0,0,0,0,0,0,0,0,0
450,0,0,0,0,0,0,0,0,4.3e-05,5.1e-05,4.3e-05,0,6.4e-05,3.3e-05,0,4.1e-05,0,0,0,0,0,0,0,0,3.5e-05,3.4e-05,4.3e-05,3.8e-05,4.8e-05,5.2e-05,4.5e-05,4.3e-05
451,4.2e-05,5.9e-05,4.4e-05,4.7e-05,0,7.6e-05,5.5e-05,3.9e-05,0,0,0,0,0,0,0,0,0,0,0,0,0,0,0,0,0,0,0,0,0,0,0,0
452,0,0,0,0,0,0,0,0,0,0,0,0,0,0,0,0,4.7e-05,2.4e-05,4.9e-05,3.9e-05,3.8e-05,0,7.3e-05,4.1e-05,0,0,0,0,0,0,0,0
453,0,0,0,0,0,0,0,0,0,0,0,0,0,0,0,0,0,0,0,0,0,0,0,0,0,0,0,0,0,0,0,0
454,0,0,0,0,0,0,0,0,0,0,0,0,0,0,0,0,0,0,0,0,0,0,0,0,0,0,0,0,0,0,0,0
455,0,0,0,0,0,0,0,0,5.8e-05,4.8e-05,4.5e-05,0,3.2e-05,5.1e-05,0,4e-05,0,0,0,0,0,0,0,0,3.3e-05,4.7e-05,4e-05,6.8e-05,3.6e-05,4.1e-05,5.5e-05,4e-05
456,5.6e-05,4.2e-05,5.1e-05,4.8e-05,0,6.7e-05,4.7e-05,6.4e-05,0,0,0,0,0,0,0,0,3.7e-05,4.1e-05,4.2e-05,0,0,0,5.4e-05,6.6e-05,0,0,0,0,0,0,0,0
457,0,0,0,0,0,0,0,0,0,0,0,0,0,0,0,0,5.3e-05,0,4.7e-05,3.6e-05,4.8e-05,0,4.8e-05,4.5e-05,0,0,0,0,0,0,0,0
458,0,0,0,0,0,0,0,0,0,0,0,0,0,0,0,0,0,0,0,0,0,0,0,0,0,0,0,0,0,0,0,0
459,0,0,0,0,0,0,0,0,0,0,0,0,0,0,0,0,0,0,0,0,0,0,0,0,0,0,0,0,0,0,0,0
460,4.6e-05,4.4e-05,4.1e-05,4.8e-05,0,3.4e-05,3.9e-05,4.7e-05,3.6e-05,4e-05,4.1e-05,0,5e-05,4.4e-05,0,4e-05,0,0,0,0,0,0,0,0,3.3e-05,5.3e-05,4.8e-05,5.6e-05,3e-05,5e-05,3e-05,3.8e-05
461,0,0,0,0,0,0,5.1e-05,0,0,0,0,0,0,0,0,0,4.4e-05,4.1e-05,4.1e-05,4.6e-05,5.3e-05,0,3.9e-05,3.8e-05,0,0,0,0,0,0,0,0
462,0,0,0,0,0,0,0,0,0,0,0,0,0,0,0,0,0,0,0,0,0,0,0,0,0,0,0,0,0,0,0,0
463,0,0,0,0,0,0,0,0,0,0,0,0,0,0,0,0,0,0,0,0,0,0,0,0,0,0,0,0,0,0,0,0
464,0,0,0,0,0,0,0,0,0,0,0,0,5e-05,0,0,0,0,0,0,0,0,0,0,0,3.2e-05,3.7e-05,4.6e-05,3.6e-05,4.7e-05,5.6e-05,3.7e-05,4.5e-05
465,5.2e-05,3.7e-05,5.7e-05,3.5e-05,0,4.4e-05,5.8e-05,4.2e-05,4.9e-05,6.7e-05,4.5e-05,0,0,4.4e-05,0,3.8e-05,0,0,0,0,0,0,0,0,0,0,0,0,0,0,0,0
466,0,0,0,0,0,0,0,0,0,0,0,0,0,0,0,0,3.4e-05,8.1e-05,4.2e-05,4.5e-05,4.8e-05,0,4.2e-05,4.2e-05,0,0,0,0,0,0,0,0
467,0,0,0,0,0,0,0,0,0,0,0,0,0,0,0,0,0,0,0,0,0,0,0,0,0,0,0,0,0,0,0,0
468,0,0,0,0,0,0,0,0,0,0,0,0,0,0,0,0,0,0,0,0,0,0,0,0,0,0,0,0,0,0,0,0
469,0,0,0,0,0,0,0,0,5e-05,6e-05,3e-05,0,4.4e-05,5.4e-05,0,4.7e-05,0,0,0,0,0,0,0,0,4.4e-05,3.9e-05,5e-05,4.3e-05,4.7e-05,5e-05,5.3e-05,4.4e-05
470,5.3e-05,7.4e-05,6.1e-05,5e-05,0,3.4e-05,4.8e-05,3.9e-05,0,0,0,0,0,0,0,0,0,0,0,0,0,0,0,0,0,0,0,0,0,0,0,0
471,0,0,0,0,0,0,0,0,0,0,0,0,0,0,0,0,3.3e-05,4.8e-05,4.9e-05,3.4e-05,4e-05,0,3.4e-05,4.5e-05,0,0,0,0,0,0,0,0
472,0,0,0,0,0,0,0,0,0,0,0,0,0,0,0,0,0,0,0,0,0,0,0,0,0,0,0,0,0,0,0,0
473,0,0,0,0,0,0,0,0,0,0,0,0,0,0,0,0,0,0,0,0,0,0,0,0,0,0,0,0,0,0,0,0
474,0,0,4.2e-05,0,0,0,0,0,5.5e-05,0.000741,4.6e-05,0,0.000264,6.3e-05,0,4.2e-05,0,0,0,0,0,0,0,0,0.004007,0.000235,0.002707,0.002154,0.009712,0.000316,0.000537,0.00035
475,0.000326,0.007662,0.00059,0.000924,0,0.000779,0.003495,0.006372,0.002242,0.008809,0.002225,0,0.000665,0.000735,0,0.000625,4e-05,4.6e-05,4.1e-05,4.9e-05,4.7e-05,0,0,4.9e-05,0,0.002217,0,0,0,0,0.002611,0
476,0,0,0,0,0,0,0,0,0,0,0,0,0,0,0,0,0.000581,0.002195,0.001079,0.000522,0.001264,0,0.000416,0.001352,0,0,0,0,0,0,0,0
477,0,0,0,0,0,0,0,0,0,0,0,0,0,0,0,0,0,0,0,0,0,0,0,0,0,0,0,0,0,0,0,0
478,0,0,0,0,0,0,0,0,Null,Null,Null,Null,Null,Null,Null,Null,0,0,0,0,0,0,0,0,Null,Null,Null,Null,Null,Null,Null,Null
479,Null,Null,Null,Null,Null,Null,Null,Null,Null,Null,Null,Null,Null,Null,Null,Null,0,0,0,0,0,0,0,0,Null,Null,Null,Null,Null,Null,Null,Null