op_rw_wait_ta_latency,ceph01_ceph-osd.0.asok.txt,ceph01_ceph-osd.1.asok.txt,ceph01_ceph-osd.2.asok.txt,ceph01_ceph-osd.3.asok.txt,ceph01_ceph-osd.4.asok.txt,ceph01_ceph-osd.5.asok.txt,ceph01_ceph-osd.6.asok.txt,ceph01_ceph-osd.7.asok.txt,ceph02_ceph-osd.10.asok.txt,ceph02_ceph-osd.11.asok.txt,ceph02_ceph-osd.12.asok.txt,ceph02_ceph-osd.13.asok.txt,ceph02_ceph-osd.14.asok.txt,ceph02_ceph-osd.15.asok.txt,ceph02_ceph-osd.8.asok.txt,ceph02_ceph-osd.9.asok.txt,ceph03_ceph-osd.16.asok.txt,ceph03_ceph-osd.17.asok.txt,ceph03_ceph-osd.18.asok.txt,ceph03_ceph-osd.19.asok.txt,ceph03_ceph-osd.20.asok.txt,ceph03_ceph-osd.21.asok.txt,ceph03_ceph-osd.22.asok.txt,ceph03_ceph-osd.23.asok.txt,ceph04_ceph-osd.24.asok.txt,ceph04_ceph-osd.25.asok.txt,ceph04_ceph-osd.26.asok.txt,ceph04_ceph-osd.27.asok.txt,ceph04_ceph-osd.28.asok.txt,ceph04_ceph-osd.29.asok.txt,ceph04_ceph-osd.30.asok.txt,ceph04_ceph-osd.31.asok.txt
0,0.004523,0.049904,0.011925,0.002714,0.006267,0.005629,0.006209,0,0,0.003578,0.00542,0.003501,0.032578,0.014372,0,0.004283,0,0,0,0.003974,0.018364,0,0,0.015129,0,0.005426,0.003127,0.00505,0.004945,0.002196,0.002346,0.005338
1,0,0,0,0,0,0,0,0,0,0,0,0,0,0,0,0,0,0,0,0,0,0,0,0,0,0,0,0,0,0,0,0.005532
2,0.002133,0,0,0,0,0,0,0,0,0,0,0,0,0,0,0,0,0,0.001609,0,0,0,0.001438,0,0,0,0,0,0,0,0,0
3,0,0,0,0,0,0,0,0,0,0,0,0,0,0,0,0,0,0,0,0,0,0,0,0,0,0,0,0,0,0,0,0
4,0,0,0,0,0,0,0,0,0,0,0,0,0,0,0,0,0,0,0,0,0,0,0,0,0,0,0,0,0,0,0,0
5,0,0,0,0,0,0,0,0,0,0,0,0,0,0,0,0,0,0,0,0,0,0,0,0,0,0,0,0,0,0,0,0
6,0,0,0,0,0,0,0,0,0,0,0,0,0,0,0,0,0,0,0,0,0,0,0,0,0,0,0,0,0,0,0,0
7,0,0,0,0,0,0,0,0,0,0,0,0,0,0,0,0,0,0,0,0,0,0,0,0,0,0,0,0,0,0,0,0
8,0,0,0,0,0,0,0,0,0,0,0,0,0,0,0,0,0,0,0,0,0,0,0,0,0,0,0,0,0,0,0,0
9,0,0,0,0,0,0,0,0,0,0,0,0,0,0,0,0,0,0,0,0,0,0,0,0,0,0,0,0,0,0,0,0
10,0,0,0,0,0,0,0,0,0,0,0,0,0,0,0,0,0,0,0,0,0,0,0,0,0,0,0,0,0,0,0,0
11,0,0,0,0,0,0,0,0,0,0,0,0,0,0,0,0,0,0,0,0,0,0,0,0,0,0,0,0,0,0,0,0
12,0,0,0,0,0,0,0,0,0,0,0,0,0,0,0,0,0,0,0,0,0,0,0,0,0,0,0,0,0,0,0,0
13,0,0,0,0,0,0,0,0,0,0,0,0,0,0,0,0,0,0,0,0,0,0,0,0,0,0,0,0,0,0,0,0
14,0,0,0,0,0,0,0,0,0,0,0,0,0,0,0,0,0,0,0,0,0,0,0,0,0,0,0,0,0,0,0,0
15,0,0,0,0,0,0,0,0,0,0,0,0,0,0,0,0,0,0,0,0,0,0,0,0,0,0,0,0,0,0,0,0
16,0,0,0,0,0,0,0,0,0,0,0,0,0,0,0,0,0,0,0,0,0,0,0,0,0,0,0,0,0,0,0,0
17,0,0,0,0,0,0,0,0,0,0,0,0,0,0,0,0,0,0,0,0,0,0,0,0,0,0,0,0,0,0,0,0
18,0,0,0,0,0,0,0,0,0,0,0,0,0,0,0,0,0,0,0,0,0,0,0,0,0,0,0,0,0,0,0,0
19,0,0,0,0,0,0,0,0,0,0,0,0,0,0,0,0,0,0,0.001216,0,0,0,0,0,0,0,0,0,0,0,0,0
20,0,0,0,0,0,0,0,0,0,0,0,0,0,0,0,0,0,0,0,0,0,0,0,0,0,0,0,0,0,0,0,0
21,0,0,0,0,0,0,0,0,0,0,0,0,0,0,0,0,0,0,0,0,0,0,0.00332,0,0,0,0,0,0,0,0,0
22,0,0,0,0,0,0,0,0,0,0,0,0,0,0,0,0,0,0,0,0,0,0,0,0,0,0,0,0,0,0,0,0
23,0,0,0,0,0,0,0,0,0,0,0,0,0,0,0,0,0,0,0,0,0,0,0,0,0,0,0,0,0,0,0,0
24,0.009482,0,0,0,0,0,0,0,0.008904,0,0,0.00822,0,0,0,0,0,0,0,0,0,0,0,0,0,0,0,0,0,0,0,0
25,0,0,0,0,0,0,0,0,0,0,0,0,0,0,0,0,0,0,0,0,0,0,0,0,0,0,0,0,0,0,0,0
26,0,0,0.003216,0,0,0,0,0,0.00816,0.029762,0,0,0.00904,0,0,0,0,0,0.008513,0.009406,0,0,0,0,0,0,0.00655,0.006987,0,0,0,0
27,0,0,0,0,0,0,0,0,0,0,0,0,0,0,0,0,0,0,0,0,0,0,0,0,0,0,0.008034,0,0,0,0,0
28,0.007076,0,0.005302,0.003897,0,0,0,0,0,0,0,0,0,0,0,0,0,0,0,0,0.00519,0.004563,0,0.007767,0.003782,0,0,0,0,0,0,0
29,0,0,0,0,0,0,0,0,0,0,0,0,0,0,0,0,0,0,0,0,0,0,0,0,0,0,0,0,0,0,0,0
30,0,0,0,0,0,0,0,0,0,0,0,0,0,0,0,0,0,0,0,0,0,0,0,0,0,0,0,0,0,0,0,0
31,0,0,0,0,0,0,0,0,0,0,0,0,0,0,0,0,0,0,0,0,0,0,0,0,0,0,0,0,0,0,0,0
32,0,0,0,0,0,0,0,0,0,0.002936,0,0,0,0,0,0,0,0,0,0,0,0,0,0,0,0,0,0,0,0,0,0
33,0,0,0,0,0,0,0,0,0,0,0,0,0,0,0,0,0,0,0,0,0,0,0,0,0,0,0,0,0,0,0,0
34,0,0,0.012353,0,0,0,0.003193,0,0,0,0,0,0,0,0,0,0,0,0,0,0,0,0,0,0.001844,0,0,0,0,0,0,0
35,0.004302,0,0,0,0.004553,0.00279,0.011731,0,0.003722,0.007661,0,0,0,0,0,0,0,0,0,0,0.001035,0,0,0,0,0,0,0,0,0,0,0
36,0,0,0,0,0,0,0,0,0,0,0,0,0,0,0,0,0,0,0,0,0,0,0,0,0,0,0,0,0,0,0,0
37,0,0,0,0,0,0,0,0.005494,0.009097,0,0,0,0.003337,0,0,0,0,0,0,0,0,0,0,0,0,0,0,0.003254,0,0,0,0
38,0,0,0,0,0,0,0,0,0,0,0,0,0,0,0,0,0,0,0,0,0,0,0,0,0.001603,0,0,0,0.004619,0,0,0
39,0,0,0,0,0,0,0,0,0,0,0,0,0,0,0,0,0.017815,0,0,0.014632,0,0.014937,0.015973,0.019042,0,0,0,0,0,0,0,0
40,0,0,0,0,0,0,0,0,0,0,0,0,0,0,0,0,0,0,0,0,0,0,0,0,0,0,0,0,0,0,0,0
41,0,0,0,0,0,0,0,0,0,0,0,0,0,0,0,0,0,0,0,0,0,0,0,0,0,0,0,0,0,0,0,0
42,0,0,0,0,0,0,0,0,0,0,0,0,0,0,0,0,0,0,0,0,0,0,0,0,0,0,0,0,0,0,0,0
43,0,0,0,0,0,0,0,0,0,0,0,0,0,0,0,0,0,0,0,0,0,0,0,0,0,0,0,0,0,0,0,0
44,0,0,0,0,0,0,0,0,0,0,0,0,0,0,0,0,0,0,0,0,0,0,0,0,0,0,0,0,0,0,0,0
45,0,0,0,0,0,0,0,0,0,0,0,0,0,0,0,0,0,0,0,0,0,0,0,0,0,0,0,0,0,0,0,0
46,0,0,0,0,0,0,0,0,0,0,0,0,0,0,0,0,0,0,0,0,0,0,0,0,0,0,0,0,0,0,0,0
47,0,0,0,0,0,0,0,0,0,0,0,0,0,0,0,0,0,0,0,0,0,0,0,0,0,0,0,0,0,0,0,0
48,0.006428,0.004344,0,0.003581,0.003293,0,0,0.006944,0,0,0,0,0.003225,0,0,0.002093,0.001712,0.002765,0.001196,0,0,0,0,0,0,0,0,0,0.001123,0.006403,0,0
49,0,0,0,0,0,0,0,0,0,0,0,0,0,0,0,0,0,0,0,0,0,0,0,0.005957,0,0,0,0,0,0,0,0
50,0,0,0,0,0,0,0,0,0,0,0,0,0,0,0,0,0,0,0,0,0,0,0,0,0,0,0,0,0,0,0,0
51,0,0,0,0,0,0,0,0,0,0,0,0,0,0,0,0,0,0,0,0,0,0,0,0,0,0,0,0,0,0,0,0
52,0,0,0,0,0,0,0,0,0,0,0,0,0,0,0,0,0,0,0,0,0,0,0,0,0,0,0,0,0,0,0,0
53,0,0,0,0,0,0,0,0,0,0,0,0,0,0,0,0,0,0,0,0,0,0,0,0,0,0,0,0,0,0,0,0
54,0,0,0,0,0,0,0,0,0,0,0,0,0,0,0,0,0,0,0,0,0,0,0,0,0,0,0,0,0,0,0,0
55,0.00094,0,0,0,0,0,0,0,0,0,0,0.006612,0,0,0,0,0,0,0,0,0,0,0,0,0,0,0,0,0,0.000902,0,0
56,0,0,0.002634,0,0,0,0,0,0,0,0,0.000894,0,0,0,0,0,0.00265,0,0,0,0,0,0,0,0,0,0,0,0,0,0
57,0.007304,0.004436,0,0,0,0,0,0,0,0,0,0,0,0,0,0.003321,0,0,0.002078,0,0.005084,0,0.003639,0,0.00868,0.002148,0,0.001107,0.000768,0,0.012912,0
58,0,0,0,0,0,0.006272,0.003267,0,0,0,0,0,0,0,0,0,0.006213,0,0,0,0,0.000816,0,0,0,0,0.002492,0,0,0,0.002083,0
59,0,0,0,0,0,0,0,0,0,0,0,0,0,0,0,0,0,0,0.002661,0,0,0,0,0,0,0,0,0,0,0,0,0
60,0,0,0.005459,0,0.007765,0.008385,0.006605,0,0,0.008034,0,0.00562,0.005864,0,0,0,0,0,0,0,0.00812,0,0,0.005884,0,0,0,0,0,0,0,0
61,0,0,0,0,0,0,0,0,0,0,0,0,0,0,0,0,0,0,0,0,0,0,0,0,0,0,0,0,0,0,0,0
62,0,0,0,0,0,0,0,0,0,0,0.034167,0,0.005986,0,0,0,0,0,0,0,0,0,0,0,0,0,0,0,0,0,0,0
63,0,0,0,0,0,0,0,0,0,0,0,0,0,0,0,0,0,0,0,0,0,0,0,0,0,0,0,0,0,0,0,0
64,0.001179,0,0,0,0,0,0,0,0,0,0,0,0,0,0,0,0,0,0,0,0.014681,0.000721,0.00266,0,0,0,0,0,0,0,0,0
65,0,0,0.011229,0,0,0.002014,0,0,0,0,0,0,0,0,0,0.002402,0,0,0,0,0,0,0,0,0,0,0,0,0,0,0,0
66,0,0,0,0,0,0,0,0,0,0,0,0,0,0,0,0,0,0,0,0,0,0,0,0,0,0,0,0,0,0,0,0
67,0,0,0,0,0,0,0,0,0,0,0,0,0,0,0,0,0,0,0,0,0,0,0,0,0,0,0,0,0,0,0,0
68,0,0,0,0,0,0,0,0,0,0,0,0,0,0,0,0,0,0,0,0,0,0,0,0,0,0,0,0,0,0,0,0
69,0,0,0,0,0,0,0,0,0,0,0,0,0,0,0,0,0,0,0,0,0,0,0,0,0,0,0,0,0,0,0,0
70,0.003924,0,0.000673,0,0,0,0,0,0,0,0,0,0,0,0,0.012572,0.002615,0.004977,0,0,0.006694,0.000968,0,0,0,0.00104,0.000907,0,0,0,0,0
71,0,0,0,0,0,0.003793,0,0,0,0.021335,0.003986,0,0,0,0,0.020453,0,0,0.004014,0,0,0,0,0,0,0,0,0,0,0,0,0
72,0,0,0,0,0,0,0,0,0,0,0.019545,0,0.017906,0.021031,0,0,0,0,0,0,0,0,0,0,0,0,0,0,0,0,0,0
73,0,0,0,0,0,0,0,0,0,0,0,0,0,0,0,0,0,0,0,0,0,0,0,0,0,0,0,0,0,0,0,0
74,0,0,0,0,0,0,0,0,0,0,0,0,0,0,0,0,0,0,0,0,0,0,0,0,0,0,0,0,0,0,0,0
75,0,0,0,0,0,0,0,0,0,0,0,0,0,0,0,0,0,0,0,0,0,0,0,0,0,0,0,0,0,0,0,0
76,0,0.003392,0,0,0,0,0,0,0,0,0,0,0,0,0,0,0,0,0,0,0,0,0.002571,0,0,0,0,0,0,0,0,0
77,0,0,0,0,0,0,0,0,0,0,0,0,0,0,0,0,0,0,0,0.000955,0,0,0,0,0,0,0,0,0,0,0,0
78,0,0,0,0,0,0,0,0,0,0,0,0,0,0,0,0,0,0,0,0,0,0,0,0,0,0,0,0,0,0,0,0
79,0,0,0,0,0,0,0,0,0,0,0,0,0,0,0,0,0,0,0,0,0,0,0,0,0,0,0,0,0,0,0,0
80,0.008589,0,0,0,0,0,0,0,0,0.022918,0,0,0,0,0,0,0,0,0,0,0,0,0,0,0,0,0,0,0.003568,0.001205,0,0
81,0.001292,0,0,0,0,0,0.001882,0,0,0,0,0,0,0,0,0,0,0,0,0,0,0,0,0,0.001846,0,0,0,0,0,0,0.001656
82,0,0,0,0,0,0.004856,0,0,0,0,0,0,0,0,0.002722,0,0,0,0,0,0,0,0,0,0,0,0,0,0,0,0,0
83,0,0,0,0,0,0,0,0,0,0,0,0,0,0,0,0,0,0,0,0,0,0,0,0,0,0,0,0,0,0,0,0
84,0,0,0,0,0,0,0,0,0,0,0,0,0,0,0,0,0,0,0,0,0,0,0,0,0,0,0,0,0,0,0,0
85,0,0,0,0,0,0,0,0,0,0,0,0,0,0,0,0,0,0,0,0,0,0,0,0,0,0,0,0,0,0,0,0
86,0,0,0,0,0,0,0,0,0,0,0,0,0,0,0,0,0,0,0,0,0,0,0,0,0,0,0,0,0,0,0,0
87,0,0,0,0,0,0,0,0,0,0,0,0,0,0,0.000823,0,0,0,0,0,0,0,0,0,0,0,0,0,0,0,0.002523,0
88,0,0.005096,0,0.001619,0,0,0,0,0,0,0,0,0,0,0,0,0,0,0,0,0,0.005597,0,0,0,0,0,0,0,0,0,0
89,0,0,0,0,0,0,0,0,0,0,0,0,0,0,0,0,0,0,0,0,0,0,0,0,0,0,0,0,0.001425,0,0,0
90,0,0,0,0,0,0,0,0,0,0,0,0,0,0,0,0,0,0,0,0,0,0,0,0,0,0,0,0,0,0,0,0
91,0,0,0,0,0,0,0,0,0,0,0,0,0,0,0,0,0,0,0,0,0,0,0,0,0,0,0,0,0,0,0,0
92,0,0,0,0,0.001103,0,0,0,0,0,0,0,0,0,0,0,0,0,0,0.00905,0,0,0,0,0,0,0,0,0,0,0,0
93,0,0,0,0,0,0,0,0,0,0,0,0,0,0,0,0,0.012555,0,0,0,0,0,0.002373,0,0,0,0,0,0,0,0,0
94,0,0,0,0,0,0,0,0,0,0,0,0,0,0,0,0,0,0,0,0,0,0,0,0,0,0,0,0,0,0,0,0
95,0,0,0,0,0,0,0,0,0,0,0,0,0,0,0,0,0,0,0,0,0,0,0,0,0,0,0,0,0,0,0,0
96,0,0,0,0,0,0,0,0,0,0,0,0,0,0,0,0,0,0,0,0,0,0,0,0,0,0,0,0,0,0,0,0
97,0,0,0,0,0,0,0,0,0,0,0,0,0,0,0,0,0,0,0,0,0,0,0,0,0,0,0,0,0,0,0,0
98,0,0,0,0,0,0,0,0,0,0,0,0,0,0,0,0,0,0,0,0,0,0,0,0,0,0,0,0,0,0,0,0
99,0,0,0,0,0,0,0,0,0,0,0,0,0,0,0,0,0,0,0,0,0,0,0,0,0,0,0,0,0,0,0,0
100,0,0,0,0,0,0,0,0,0.00157,0,0.00077,0,0,0,0,0,0,0,0,0,0,0,0,0,0,0,0,0,0,0,0,0
101,0,0,0,0,0,0,0,0,0,0,0,0,0,0,0,0,0,0,0,0,0,0,0,0,0,0,0,0,0,0,0,0
102,0,0,0,0,0,0,0,0,0,0,0,0,0,0,0,0,0,0,0,0,0,0,0,0,0,0,0,0,0,0,0,0
103,0,0,0,0,0,0,0,0.001302,0,0.019639,0,0,0,0,0,0,0,0,0,0,0,0,0,0,0,0,0,0,0,0,0,0
104,0,0,0,0,0,0.00212,0,0,0,0,0,0,0,0,0,0.007592,0.000661,0,0.001879,0,0,0,0.001139,0,0.004455,0.00948,0,0.00421,0,0,0.009675,0
105,0.004133,0,0,0,0,0,0,0,0,0.002394,0,0,0,0,0,0.004466,0,0,0,0,0,0,0,0,0.003441,0.000755,0.007181,0,0,0,0,0.010594
106,0,0,0,0,0,0,0,0,0,0,0,0,0,0,0,0,0,0.024073,0,0,0,0,0,0,0,0,0,0,0,0,0,0
107,0,0,0,0,0,0,0,0,0,0,0,0,0,0,0,0,0,0,0,0,0,0,0,0,0,0,0,0,0,0,0,0
108,0,0,0,0,0,0,0,0,0,0,0,0,0,0,0,0,0,0,0,0,0,0,0,0,0,0,0,0,0,0,0,0
109,0,0,0,0,0,0,0,0,0,0,0,0,0,0,0,0,0,0,0,0,0,0,0,0,0,0,0,0,0,0,0,0
110,0,0,0,0,0,0,0,0,0,0.009692,0,0.010203,0,0,0,0,0,0,0,0,0,0,0,0,0.005411,0.009621,0.007115,0,0,0,0,0.003447
111,0,0,0,0,0,0,0,0,0,0,0,0.001205,0,0,0,0,0,0,0.009832,0,0.009507,0.006043,0.006554,0.010549,0,0,0,0,0,0,0,0
112,0,0,0,0,0,0,0,0,0,0,0,0,0,0,0,0,0,0,0,0,0,0,0,0,0,0,0,0,0,0,0,0
113,0,0,0,0,0,0,0,0,0,0,0,0,0,0,0,0,0,0,0,0,0,0,0,0,0,0,0,0,0,0,0,0
114,0,0,0,0.000963,0,0,0,0,0,0,0.004166,0.002478,0,0.002375,0,0,0,0,0,0,0,0,0,0,0,0,0,0,0,0,0,0
115,0,0,0,0,0,0,0,0,0,0,0,0,0,0,0,0,0,0.003455,0,0.003153,0,0,0,0,0,0,0,0,0,0,0,0
116,0,0,0,0,0.000699,0.006158,0,0,0,0,0,0,0.004464,0,0,0.004766,0,0,0,0,0,0,0.003532,0,0.003487,0.004423,0.002865,0,0.005952,0.006473,0.003681,0
117,0,0,0.023348,0,0,0,0,0,0,0,0,0,0,0,0,0,0,0,0.006274,0,0.003961,0,0,0,0.027756,0.023651,0.026662,0,0,0,0,0
118,0,0,0,0,0,0,0.004599,0.001958,0.006082,0,0,0.001331,0,0,0.004919,0,0,0.025707,0,0,0.01711,0,0,0,0,0,0,0,0,0,0,0
119,0,0,0,0,0,0,0,0,0,0,0,0,0,0,0,0,0,0.003582,0,0,0,0,0,0,0,0,0.007155,0,0,0,0,0
120,0,0,0,0,0,0,0,0,0,0,0,0,0,0,0,0,0,0,0,0,0,0,0,0,0,0,0,0,0,0,0,0
121,0,0,0,0,0,0,0,0,0,0,0,0,0,0,0,0,0,0,0,0,0,0,0,0,0,0,0,0,0,0,0,0
122,0.002898,0,0,0,0,0,0,0,0,0,0,0,0,0,0,0,0,0,0,0,0,0,0,0,0,0,0,0,0,0,0,0
123,0,0,0,0,0,0,0,0,0,0,0,0,0,0,0,0,0,0,0,0,0,0,0,0,0,0,0,0,0,0,0,0
124,0,0,0,0,0.003773,0,0,0,0,0,0.006449,0,0,0,0,0,0,0.00179,0,0,0,0,0,0,0,0,0.001674,0,0,0,0.001039,0
125,0,0,0,0,0,0,0,0,0,0,0,0,0,0,0,0,0,0,0,0,0,0,0,0,0,0,0,0,0,0,0,0
126,0,0,0,0,0,0,0,0,0,0,0,0.002589,0,0,0,0,0,0,0,0,0,0,0,0,0,0,0,0,0,0,0,0
127,0,0,0,0,0,0,0,0,0,0,0,0,0,0,0,0,0,0,0,0,0,0,0,0,0,0,0,0,0,0.000948,0,0
128,0,0,0,0,0,0,0,0,0,0,0,0,0,0,0,0,0,0,0,0,0,0,0,0,0,0.000854,0,0,0,0,0,0
129,0,0,0,0,0,0,0,0,0,0,0.00244,0,0,0,0.004225,0,0,0,0,0,0,0,0,0,0,0.004071,0,0,0,0,0,0.000787
130,0,0,0,0,0,0,0,0,0,0,0,0,0,0,0,0,0,0,0,0,0.000778,0,0.001322,0,0,0,0,0,0,0,0,0
131,0,0,0.003101,0,0,0.006308,0,0,0,0.000824,0,0.002456,0,0,0,0,0,0,0.001947,0,0.003121,0,0,0,0,0,0,0,0,0,0.003974,0
132,0,0,0,0,0,0,0,0,0,0,0,0,0,0,0,0,0.003166,0,0.001676,0,0,0,0,0,0,0,0,0,0,0,0,0
133,0,0,0,0,0,0,0,0,0,0,0,0,0,0,0,0,0,0,0,0,0,0,0,0,0,0,0,0,0,0,0,0
134,0,0,0,0,0,0,0,0,0,0,0,0,0,0,0,0,0,0,0,0,0,0,0,0,0,0,0,0,0,0,0,0
135,0,0,0,0.012805,0,0,0,0,0,0.002764,0,0,0,0,0,0.005731,0,0,0,0,0,0,0.001906,0,0,0,0,0.002048,0,0,0,0
136,0,0,0,0,0,0,0,0,0,0,0,0,0,0,0,0,0.002704,0.002602,0,0,0.00754,0,0,0,0,0,0,0,0,0,0,0
137,0,0,0,0,0,0,0,0,0,0,0,0,0,0,0,0,0,0,0,0,0,0,0,0,0,0,0,0,0,0,0,0
138,0,0,0,0,0,0,0,0,0,0,0,0,0,0,0,0,0,0,0,0,0,0,0,0,0,0,0,0,0,0,0,0
139,0,0,0,0,0,0,0,0,0,0,0,0,0,0,0,0,0,0,0,0,0,0,0,0,0,0,0,0,0,0,0,0
140,0,0,0,0,0,0,0,0,0,0,0,0,0,0,0,0,0,0,0,0,0,0,0,0,0,0,0,0,0,0,0,0
141,0,0,0,0,0,0,0,0,0,0,0,0,0,0,0,0,0,0,0,0,0,0,0,0,0,0,0,0,0,0,0,0
142,0,0,0,0,0,0,0,0,0,0,0,0.00103,0,0,0,0,0,0,0,0,0,0,0,0,0.001764,0,0,0,0,0,0,0
143,0,0,0,0,0,0,0,0,0,0,0,0,0,0,0,0,0,0,0,0,0,0,0,0,0,0,0,0,0,0,0,0
144,0,0,0,0,0,0,0,0,0,0,0.001937,0,0,0,0,0,0,0,0,0,0,0,0,0,0,0,0,0,0,0,0,0
145,0.004515,0,0,0,0,0,0,0,0,0,0,0,0,0,0,0,0,0.001699,0,0,0,0,0,0,0.000835,0,0,0.024294,0,0,0,0
146,0.009353,0,0,0,0,0,0,0,0.001816,0,0,0,0,0,0,0.001553,0,0,0.0252,0,0,0,0,0,0.006037,0,0,0.004982,0,0,0,0
147,0,0,0,0,0,0,0,0,0,0,0,0,0,0,0,0,0,0.002424,0,0,0.000664,0,0,0.000714,0,0,0.001748,0,0,0,0,0
148,0,0,0,0,0,0,0,0,0,0,0,0,0,0,0,0,0,0,0,0,0,0,0,0,0,0,0,0,0,0,0,0
149,0,0,0,0,0,0,0,0,0,0,0,0,0,0,0,0,0,0,0,0,0,0,0,0,0,0,0,0,0,0,0,0
150,0,0,0,0,0,0,0,0,0,0,0,0,0,0,0,0,0,0,0,0,0,0,0,0,0,0,0,0,0,0,0,0
151,0,0.009033,0,0.008452,0,0,0.017122,0,0,0,0,0,0,0,0,0,0,0,0,0,0,0,0,0,0,0,0,0,0.001372,0,0,0
152,0,0,0,0,0,0,0,0,0,0,0,0.004404,0,0,0,0,0,0,0,0,0,0,0,0,0,0,0,0,0,0,0,0
153,0,0,0,0,0,0,0,0,0,0,0,0,0,0,0,0,0,0.004605,0,0,0,0,0,0,0,0,0,0,0,0,0,0
154,0,0,0,0,0,0,0,0,0,0,0,0,0,0,0,0,0,0,0,0,0,0,0,0,0,0,0,0,0,0,0,0
155,0,0,0,0,0,0,0,0,0,0,0,0,0,0,0,0,0,0,0,0,0,0,0,0,0,0,0,0,0,0,0,0
156,0,0,0,0,0,0,0,0,0,0,0,0,0,0,0,0,0,0,0,0,0,0,0,0,0,0,0,0,0,0,0,0
157,0,0,0,0,0.001974,0,0,0,0,0,0,0,0,0,0,0.005204,0,0,0,0,0,0,0,0,0.008817,0,0.009914,0,0.011429,0.004707,0,0
158,0,0,0,0,0,0,0,0,0,0,0,0,0,0,0,0,0,0.006691,0.006588,0,0,0,0,0,0,0,0,0,0,0,0,0
159,0,0,0,0,0,0,0,0,0,0,0,0,0,0,0,0,0,0,0,0,0,0.004233,0,0,0,0,0,0,0,0,0.003513,0
160,0,0,0,0,0,0,0,0,0,0,0,0,0,0,0,0,0,0,0,0,0,0,0,0,0,0,0,0,0,0,0,0
161,0,0,0,0,0,0,0,0,0,0,0,0,0,0,0,0,0,0,0.00118,0,0,0,0,0,0,0,0,0,0,0,0,0
162,0.008589,0,0,0,0,0.000854,0,0,0,0.000646,0.008325,0,0,0,0.008952,0,0,0,0,0,0,0,0,0,0,0,0,0,0,0,0,0
163,0,0,0,0,0,0,0,0,0,0,0,0,0,0,0,0,0,0,0.001893,0,0,0,0,0,0,0,0,0,0.000941,0.00839,0,0
164,0,0,0,0,0,0,0,0,0,0,0,0,0,0,0,0,0,0.000826,0.007299,0,0,0,0.010066,0.004082,0,0,0,0,0,0,0,0
165,0,0,0,0,0,0,0,0,0,0,0,0,0,0,0,0,0,0,0,0,0,0,0,0,0,0.002527,0,0,0,0,0,0
166,0,0,0,0.001167,0,0,0,0,0.000885,0,0.002462,0,0,0.00131,0,0,0,0,0,0,0.116348,0,0,0,0,0,0,0,0,0.002463,0.00244,0.002294
167,0,0,0,0,0,0,0,0,0,0,0,0,0.003937,0,0,0,0,0.002855,0,0,0,0,0,0,0,0,0,0,0,0,0,0.003033
168,0,0,0.022871,0,0.015493,0,0.024615,0,0,0.024845,0.007107,0.030138,0.013631,0,0,0.001209,0,0.001664,0,0,0,0,0,0,0,0,0,0,0.003118,0,0,0
169,0,0,0,0,0,0,0,0,0,0,0,0,0,0,0,0,0,0,0.017433,0.005188,0,0.005917,0.02501,0,0,0,0,0,0,0,0,0
170,0,0,0,0,0,0,0,0,0,0,0,0,0,0.002954,0.009352,0.005967,0,0,0,0,0,0,0,0,0.009026,0.005277,0.012447,0,0.001302,0.004545,0,0.016292
171,0,0,0,0.012411,0,0,0,0.002561,0,0,0,0,0,0,0,0,0.005325,0,0,0,0,0,0.008589,0,0,0,0,0,0,0,0,0
172,0,0,0,0,0,0,0,0,0,0,0,0,0,0,0,0,0,0,0,0,0,0,0,0,0,0,0,0,0,0,0,0
173,0.006928,0,0,0,0,0,0,0,0.00416,0,0.00738,0.004843,0,0,0,0,0,0,0,0,0,0,0,0,0,0,0,0,0,0.005264,0,0.002792
174,0.001148,0,0,0,0.000806,0.000733,0,0,0.001501,0.004014,0,0.003946,0,0,0,0,0,0,0,0,0,0,0,0,0,0,0,0,0.001067,0,0,0
175,0,0,0,0,0,0,0,0,0,0,0,0,0,0,0.002053,0,0,0,0,0,0,0,0.002426,0,0,0,0,0,0,0,0,0
176,0,0,0,0,0,0,0,0.001191,0,0,0,0,0,0,0,0,0,0,0,0,0,0,0,0,0,0,0,0,0,0,0,0
177,0,0,0,0,0,0,0,0,0,0,0,0,0,0,0,0,0,0,0,0,0,0,0,0,0,0,0,0,0,0,0,0
178,0,0,0,0.003436,0,0,0.0007,0,0,0.003437,0,0,0,0,0,0,0,0,0,0,0,0,0,0,0,0,0,0,0,0,0,0
179,0,0,0,0.010172,0,0,0,0.014947,0.012056,0,0,0,0,0,0,0,0.005253,0.003534,0,0,0,0,0,0,0,0,0,0,0.013826,0.014653,0,0
180,0,0,0,0,0,0,0,0,0,0,0,0,0,0,0,0,0,0,0,0,0,0,0,0.016175,0,0,0,0,0,0,0,0
181,0,0,0,0,0,0,0,0,0,0,0,0,0,0,0,0,0,0,0,0,0,0,0,0,0.004726,0,0,0,0,0,0,0
182,0,0,0,0,0,0,0,0,0,0,0,0,0,0,0,0,0,0,0,0,0,0.000755,0,0,0,0,0,0,0,0,0,0
183,0,0,0,0,0,0,0,0,0,0,0,0,0,0,0,0,0,0,0,0,0,0,0,0,0,0,0,0,0,0,0,0
184,0.010484,0,0,0,0,0,0,0.001702,0,0,0,0,0,0,0,0,0,0,0,0,0,0,0,0,0.006617,0,0.003004,0,0,0,0,0
185,0,0,0,0,0,0,0,0,0,0,0,0,0,0,0,0,0,0,0.00071,0,0,0,0,0,0,0,0,0,0,0,0,0
186,0,0.000972,0,0,0,0,0,0,0.001956,0.023748,0,0.00337,0.000872,0,0,0,0,0,0,0.002002,0,0,0,0,0,0,0,0,0,0,0,0
187,0,0.015857,0,0,0,0,0,0,0,0,0,0,0,0,0,0,0,0,0,0,0,0,0,0,0.013148,0,0,0,0.012512,0,0,0
188,0,0,0,0,0,0,0,0,0,0,0,0,0,0,0,0,0,0,0,0,0,0,0,0,0,0,0,0,0,0,0,0
189,0,0,0,0,0,0,0,0,0,0,0,0,0,0,0,0,0,0,0,0,0,0,0,0,0,0,0,0,0,0,0,0
190,0,0,0,0,0,0,0,0,0.004489,0,0,0,0,0,0,0,0,0,0,0,0,0,0,0,0,0,0,0,0,0,0,0
191,0.004808,0.00901,0.012301,0.008041,0.009689,0.010593,0,0.008576,0.014461,0,0.028321,0.005306,0.012488,0.005595,0,0.011161,0,0,0,0,0,0,0,0,0.008854,0.012721,0.020033,0,0.015477,0.011479,0.019509,0
192,0,0,0,0,0,0,0,0,0,0,0,0,0,0,0,0,0,0,0.019478,0.018805,0,0,0,0,0,0,0,0,0,0,0,0
193,0,0,0,0,0,0,0,0,0,0,0,0,0,0,0,0,0,0,0,0,0,0,0,0,0,0,0,0,0,0,0,0
194,0,0,0,0,0,0,0,0,0,0,0,0,0,0,0,0,0,0,0,0,0,0,0,0,0,0,0,0,0,0,0,0
195,0,0,0,0,0,0,0,0,0,0,0,0,0,0,0,0,0,0,0,0,0,0,0,0,0,0,0,0,0,0,0,0
196,0,0,0,0,0,0,0,0,0,0,0,0,0,0,0,0,0,0,0,0,0,0,0,0,0,0,0,0,0,0,0,0
197,0,0,0,0,0,0,0,0,0,0,0,0,0.000752,0,0,0,0,0,0,0,0,0,0,0,0,0,0,0,0,0,0,0
198,0,0,0,0,0,0,0,0,0,0,0,0,0,0,0,0,0,0,0,0,0,0,0,0,0,0,0,0,0,0,0,0
199,0,0,0,0,0,0,0,0,0,0,0,0,0,0,0.004129,0,0,0,0,0,0,0,0,0,0,0,0,0,0,0,0,0
200,0,0,0,0,0,0,0.006595,0.008621,0,0.002526,0,0,0,0,0,0,0,0,0,0,0,0.01457,0,0.013924,0,0.001808,0,0.004694,0,0,0.002809,0
201,0,0,0,0,0,0,0.003385,0.027846,0,0,0,0,0,0.002066,0,0,0,0,0,0,0,0,0.007203,0,0,0,0,0,0,0,0.026818,0
202,0,0,0,0,0,0,0,0,0,0,0,0.00212,0,0,0,0,0.00385,0.000651,0,0.001828,0,0.000693,0,0.003152,0,0,0,0,0,0,0,0
203,0,0,0,0,0,0,0,0,0,0,0,0,0,0,0,0,0,0,0,0,0,0,0,0,0,0,0,0,0,0,0,0
204,0,0,0,0,0,0,0,0,0,0.024369,0,0,0,0,0,0,0,0,0,0,0,0,0,0,0,0,0,0,0,0,0,0
205,0,0,0,0,0,0,0,0,0,0,0,0,0,0,0,0,0,0,0,0,0,0,0,0,0,0,0,0,0,0,0,0
206,0,0,0,0,0.003167,0,0,0,0.003739,0,0,0,0,0,0,0,0,0,0,0,0.022042,0,0,0,0,0,0.000878,0,0,0,0,0
207,0,0.00183,0,0,0,0,0,0,0.003633,0.004033,0,0,0,0.006369,0,0.005285,0,0,0,0,0,0,0,0,0.000795,0,0,0.006127,0,0,0,0
208,0,0,0,0,0,0,0,0,0,0,0,0,0,0,0,0,0,0.000977,0,0,0.005747,0.002433,0.00455,0.002741,0,0,0,0,0,0,0,0
209,0,0,0,0,0,0,0,0,0,0,0,0,0,0,0,0,0,0,0,0,0,0,0,0,0,0,0,0,0,0,0,0
210,0,0,0,0,0,0,0,0,0,0,0,0,0,0,0,0,0,0,0,0,0,0,0,0,0,0,0,0,0,0,0,0
211,0,0,0,0,0,0,0,0,0,0,0,0.003135,0,0,0,0,0,0,0,0,0,0,0,0,0,0.002723,0,0,0,0,0,0
212,0,0.003636,0,0,0,0,0,0,0,0,0.005712,0.001957,0,0,0,0,0,0,0,0,0,0,0.001712,0,0.004127,0,0,0,0,0,0.00495,0.001335
213,0,0.004746,0.000712,0,0,0,0,0,0,0,0,0.005098,0,0,0,0.006639,0,0,0,0,0,0,0,0.004706,0,0,0,0,0,0,0,0
214,0,0,0,0,0,0,0,0,0,0,0,0,0,0,0,0,0.000942,0,0,0,0,0.005368,0,0,0,0,0,0,0,0,0,0
215,0,0,0,0,0,0,0,0,0,0,0,0,0,0,0,0,0.001171,0,0,0,0,0,0,0,0,0,0,0,0,0,0,0
216,0,0,0,0,0,0,0,0,0,0,0,0,0,0,0,0,0,0,0,0,0,0,0,0,0,0,0,0,0,0,0,0
217,0,0,0,0,0,0,0,0,0,0,0,0,0,0,0,0,0,0,0,0,0,0,0,0,0,0,0,0,0,0,0,0
218,0,0,0,0,0,0,0,0,0.008988,0,0,0,0,0,0,0,0,0,0,0,0,0,0,0,0,0,0,0,0,0,0,0
219,0,0,0,0,0,0,0,0,0,0,0,0,0,0,0,0,0,0,0,0,0,0,0,0,0,0,0,0,0,0,0,0
220,0,0,0,0,0,0,0,0,0,0,0,0,0,0,0,0,0,0,0,0,0,0,0,0,0,0,0,0,0,0,0,0
221,0,0,0,0,0,0,0,0,0,0,0,0,0,0,0,0,0,0,0,0,0,0,0,0,0,0,0,0,0,0,0,0
222,0,0,0,0,0,0,0,0,0,0,0,0,0,0,0,0,0,0,0,0,0,0,0,0,0,0,0,0,0,0,0,0
223,0,0,0,0.001679,0,0,0,0,0,0,0.01616,0.02919,0.026135,0,0.013495,0,0,0,0,0.003037,0,0,0,0,0,0,0,0,0,0,0,0
224,0,0,0.001589,0,0,0,0,0.002677,0,0,0.001764,0,0,0,0,0,0,0,0,0,0,0,0,0,0.003846,0,0.00375,0,0,0,0.015977,0
225,0,0,0,0,0,0,0,0,0,0,0,0,0,0,0,0,0.001526,0,0,0,0,0,0,0.00268,0,0,0,0,0,0,0,0
226,0,0,0,0,0,0,0,0,0,0,0,0,0,0,0,0,0,0,0,0.003371,0,0,0.029507,0,0,0,0,0,0,0,0,0
227,0,0,0,0,0,0,0,0,0,0,0,0,0,0,0,0,0,0,0,0,0,0,0,0,0,0,0,0,0,0,0,0
228,0,0,0,0,0.012097,0,0,0,0,0,0,0,0,0,0,0,0,0,0,0,0,0,0,0,0,0,0,0,0,0,0,0
229,0,0.001959,0,0,0,0,0,0.003552,0,0,0,0,0,0,0,0,0,0,0,0,0,0,0,0,0,0,0,0.005998,0.001968,0,0,0
230,0,0,0,0,0,0,0,0,0,0,0,0,0,0,0,0,0.005227,0,0,0,0.004799,0.007252,0,0,0,0,0,0,0,0,0,0
231,0.001051,0,0.003047,0,0,0,0,0,0,0,0,0,0,0,0,0,0,0,0,0,0,0,0,0,0,0,0,0,0,0,0,0
232,0,0,0,0,0.009381,0,0,0,0,0,0,0,0,0,0.000628,0,0,0,0,0,0,0,0,0,0,0,0.004528,0,0,0,0,0
233,0,0.006412,0,0,0,0,0,0,0.004067,0,0,0.002211,0.004454,0,0.004734,0.003475,0,0,0,0,0,0,0,0,0,0.000902,0,0,0,0,0.003696,0
234,0,0,0,0,0.004376,0,0,0.005015,0,0,0,0.005167,0,0,0,0,0,0,0.000789,0,0,0,0,0,0,0,0,0,0,0,0,0
235,0,0,0,0,0,0,0,0,0,0,0,0,0,0,0,0,0,0,0,0.003601,0,0,0,0,0.002581,0.002425,0,0.001419,0.003438,0.001882,0.004234,0.002381
236,0,0,0,0,0,0,0,0,0,0,0,0,0,0,0,0,0,0.004385,0,0.004652,0.002655,0.00446,0.006395,0,0,0,0,0,0,0,0,0
237,0,0,0,0,0,0,0,0,0,0,0,0,0,0,0,0,0,0,0,0,0,0,0,0,0,0,0,0,0,0,0,0
238,0,0,0,0,0.005827,0,0,0,0,0,0,0,0,0,0,0,0,0,0,0,0,0,0,0,0,0,0,0,0,0,0,0
239,0,0,0,0.002751,0.00444,0,0,0,0,0.000908,0,0,0,0,0.003931,0.006118,0,0,0,0,0,0,0,0,0.000758,0,0,0,0,0.0034,0,0
240,0,0,0,0,0,0,0,0.005016,0,0,0,0,0.001454,0,0,0,0,0,0.001464,0.002571,0.000743,0,0.003835,0,0.005869,0,0.011292,0.010944,0,0,0,0
241,0,0,0,0,0,0,0,0,0,0,0,0,0,0,0,0,0,0,0,0,0,0.000638,0,0,0,0,0,0,0,0,0,0
242,0,0,0,0,0,0,0,0,0,0,0,0,0,0,0,0,0,0,0,0,0,0.007218,0,0,0,0,0,0,0,0,0,0
243,0,0,0,0,0,0,0,0,0,0,0,0,0,0,0,0,0,0,0,0,0,0,0,0,0,0,0,0,0,0,0,0
244,0,0,0,0,0,0,0,0,0,0,0,0,0,0,0,0,0,0,0,0,0,0,0,0,0,0,0,0,0,0,0,0
245,0,0,0,0,0,0,0,0,0,0,0,0,0,0,0,0,0,0,0,0,0,0,0,0,0,0,0,0,0,0,0,0
246,0,0,0,0,0,0,0,0,0,0,0,0.001197,0,0.002427,0,0,0,0,0,0,0,0,0,0,0,0,0,0,0,0,0,0
247,0,0,0,0,0,0,0,0,0,0,0,0,0,0,0,0,0,0,0,0,0,0,0,0,0,0,0,0,0,0,0,0
248,0,0,0,0,0,0,0,0,0,0,0,0,0,0,0,0,0,0,0,0,0.002196,0,0,0,0,0,0,0,0,0,0,0
249,0,0,0,0,0,0,0,0,0,0,0,0,0,0,0,0,0,0,0,0,0,0,0,0,0,0,0,0,0,0,0,0
250,0,0,0,0,0,0,0,0,0,0,0,0,0,0,0,0,0,0,0,0,0,0,0,0,0,0,0,0,0,0,0,0
251,0,0,0,0,0,0,0,0,0,0,0,0,0,0,0,0,0,0,0,0,0,0,0,0,0,0,0,0,0,0,0,0
252,0,0,0,0,0,0.001352,0,0,0,0,0,0,0,0,0,0,0,0,0,0,0,0,0,0,0,0,0,0,0,0,0,0
253,0.013153,0,0.00118,0,0,0,0,0,0,0,0,0,0,0,0,0,0,0,0,0,0,0,0,0,0.001391,0,0,0,0,0.013123,0,0
254,0,0,0,0,0,0,0,0,0,0,0,0,0,0,0,0,0.002484,0,0,0,0,0.010517,0,0,0,0,0,0,0,0,0,0
255,0,0.00442,0,0,0,0,0,0,0.013551,0.014045,0,0.014559,0,0,0.013588,0,0,0,0,0,0,0,0,0,0,0,0,0,0,0,0,0.001045
256,0.010095,0,0.012865,0.015277,0,0.003542,0.012823,0.012433,0,0,0.00316,0,0,0,0,0,0,0,0,0,0,0,0,0,0,0.002275,0,0,0,0,0,0
257,0,0.003824,0,0,0,0.001931,0,0,0,0.005,0.002521,0,0.004365,0,0,0,0,0,0,0,0,0,0,0,0,0,0,0.002064,0,0,0,0
258,0,0,0,0,0,0,0.001072,0,0,0,0,0.001128,0,0.003732,0.002913,0,0,0,0,0,0,0,0,0.003647,0,0,0,0,0,0,0,0
259,0,0,0,0,0,0,0,0,0,0,0,0,0,0,0,0,0,0,0,0,0,0,0,0,0,0,0.002077,0,0,0.001056,0,0
260,0,0,0,0,0,0,0,0,0,0,0,0,0,0,0,0.012888,0,0,0,0,0,0.001374,0.001723,0,0,0,0.011776,0,0,0,0,0
261,0.000937,0,0,0,0,0,0,0,0.001355,0,0,0,0,0,0,0,0,0,0,0,0,0,0,0,0,0,0,0.012158,0,0,0.001658,0
262,0,0,0,0.000711,0,0,0,0,0,0,0.009451,0,0,0,0,0,0.007119,0.004367,0,0,0.005015,0,0,0,0,0,0,0,0,0,0,0
263,0,0.001428,0,0,0,0,0,0,0,0,0,0,0,0,0,0.002032,0,0,0,0,0,0.002007,0,0,0,0,0.002045,0,0,0,0,0
264,0,0,0,0,0,0,0,0,0,0.001585,0,0,0.000882,0,0,0.002676,0,0,0,0,0,0,0,0,0,0,0.00365,0,0.002147,0,0,0
265,0,0,0,0.004272,0,0,0.00184,0,0,0,0,0,0,0,0,0,0,0,0,0,0.002113,0,0,0,0.001262,0,0.001074,0,0,0.004195,0,0
266,0.0016,0,0.003278,0,0,0,0,0,0,0,0.001421,0.006388,0,0,0,0.005592,0.002885,0,0,0,0.004351,0.002491,0.000891,0.002262,0,0.001704,0,0,0,0,0.003254,0.001736
267,0,0.006845,0,0,0,0,0,0.003972,0,0,0,0,0,0.021742,0,0,0.025309,0,0.024844,0,0.004157,0,0.026085,0.002209,0,0,0,0,0,0,0,0
268,0,0,0,0,0,0,0,0,0,0,0,0,0,0,0,0,0.007178,0.003605,0.001992,0,0.004147,0,0,0,0,0,0,0,0,0,0,0
269,0,0.002029,0,0,0.019086,0,0,0,0.012782,0,0,0.001886,0.018815,0,0,0,0,0,0,0,0,0,0,0,0,0,0,0,0.001624,0,0,0
270,0,0,0,0,0,0,0,0,0,0,0,0,0,0,0,0,0,0,0,0,0,0,0,0,0,0,0,0,0,0,0,0
271,0,0,0.007226,0.011027,0,0,0.006193,0,0,0,0,0,0,0,0.001919,0,0,0,0,0,0,0,0,0,0.007286,0,0.008792,0.008278,0.003647,0.002791,0.010953,0.003027
272,0,0,0,0,0,0,0,0,0,0,0,0,0,0,0,0,0.001092,0,0,0.005332,0.002799,0.009945,0.010173,0.008236,0,0,0,0,0,0.007618,0,0
273,0,0,0,0,0,0,0,0,0,0,0,0,0,0,0,0,0,0,0,0,0.004345,0,0,0.004633,0,0,0,0,0,0,0,0
274,0,0,0,0,0,0,0,0,0,0,0,0,0,0,0,0,0,0,0,0,0.000795,0,0,0,0,0,0,0,0,0,0,0
275,0,0,0,0,0,0,0,0,0,0,0,0,0,0,0,0,0,0,0,0,0,0,0,0,0,0,0,0,0,0,0,0
276,0,0,0,0,0,0,0,0,0,0,0,0,0,0,0,0,0,0,0,0,0,0,0,0,0,0,0,0,0.003165,0,0,0
277,0,0,0.019949,0,0,0,0.013673,0,0,0,0,0,0,0,0,0.008697,0,0,0,0,0,0,0,0,0.016867,0,0.018349,0,0.017296,0.01172,0.022903,0
278,0,0,0,0,0,0,0,0,0,0,0,0,0,0,0,0,0.017172,0.013811,0,0.023977,0.015748,0.016392,0.01485,0.011898,0,0,0,0,0,0,0,0
279,0,0,0,0,0,0,0,0,0,0,0,0,0,0,0,0,0,0,0,0,0,0,0,0,0,0,0,0,0,0,0,0
280,0,0,0,0,0,0,0,0,0,0,0,0,0,0,0,0,0,0,0,0,0,0,0,0,0,0,0,0,0,0,0,0
281,0,0,0,0,0,0,0,0,0,0,0.006431,0,0,0,0,0,0,0,0,0,0,0,0,0,0,0,0,0,0,0,0,0
282,0,0,0,0,0,0,0,0,0,0,0,0,0,0,0,0,0,0,0,0,0,0,0,0,0,0,0,0,0.002725,0,0,0
283,0,0,0,0,0,0,0,0,0,0,0,0,0,0,0,0,0.008421,0,0,0,0,0,0,0,0,0,0,0,0.00077,0,0,0
284,0,0,0,0,0,0,0,0,0,0,0,0,0,0,0,0,0,0,0,0.001712,0.000803,0,0,0,0,0,0,0,0,0,0,0
285,0,0,0,0,0,0,0,0,0,0,0,0,0,0,0,0,0,0,0,0,0,0,0,0,0,0,0,0,0,0,0,0
286,0,0,0,0,0,0,0,0,0,0,0,0,0,0,0,0,0,0,0,0,0,0,0,0,0,0,0,0,0,0,0,0
287,0,0,0,0,0,0,0,0,0,0,0,0,0,0,0,0,0,0,0,0,0,0,0,0,0,0,0,0,0,0,0,0
288,0,0,0.018458,0,0,0.016027,0,0,0,0,0,0.001131,0,0,0,0.01808,0,0,0,0,0,0,0,0,0,0,0,0,0,0.001428,0,0
289,0,0,0,0,0,0,0,0,0,0,0,0,0,0,0,0,0,0,0,0,0,0,0.016953,0,0,0,0,0,0,0,0,0
290,0,0,0,0,0,0,0,0,0,0,0,0,0,0,0,0,0,0,0,0,0.001073,0,0.007013,0,0,0,0,0,0,0,0,0
291,0,0,0,0,0,0,0,0,0,0,0,0,0,0,0,0,0,0,0,0,0,0,0,0,0,0,0,0,0,0,0,0
292,0.00171,0,0,0,0,0,0,0,0,0,0,0,0,0,0,0,0,0,0,0,0,0,0,0,0,0,0,0,0,0,0,0
293,0.004657,0,0.004368,0.007678,0.000839,0.00496,0.002957,0.004439,0,0.001855,0,0,0,0,0.004765,0,0,0,0,0,0,0,0,0,0,0,0.004562,0.004618,0.006593,0,0.005195,0
294,0,0,0.008187,0,0.004207,0,0,0,0.008208,0,0.004768,0,0,0,0,0,0,0,0,0,0.001716,0,0,0,0.005801,0.0029,0,0,0,0,0,0
295,0,0,0,0,0,0,0.004077,0,0,0,0,0,0,0,0,0,0.006264,0,0,0,0.005432,0.00846,0.009055,0,0,0,0,0,0,0,0.003919,0
296,0,0,0,0,0,0,0,0,0,0,0,0,0,0,0,0,0,0,0.006251,0,0,0,0,0,0,0,0,0,0,0,0,0
297,0,0,0,0,0,0,0,0,0,0,0,0,0,0,0,0,0,0,0,0,0,0,0,0,0,0,0,0,0,0,0,0
298,0,0,0,0,0,0,0,0,0,0,0,0,0,0,0,0,0,0,0,0,0,0,0,0,0,0,0,0,0,0,0,0
299,0,0,0,0,0,0,0,0,0,0,0,0,0,0,0,0,0,0,0,0,0,0,0,0,0,0,0,0,0,0,0,0
300,0,0,0,0,0,0,0.000842,0,0,0,0,0,0,0,0,0,0,0,0,0,0,0,0,0,0,0.010418,0.010663,0,0,0,0,0
301,0,0,0.001661,0,0,0,0,0.001605,0,0,0,0,0,0,0,0,0,0,0,0,0,0,0,0,0,0,0,0,0,0,0,0
302,0,0,0,0,0,0,0,0,0,0,0,0,0,0,0,0,0,0,0,0,0,0,0,0.001808,0,0,0,0,0,0,0,0
303,0,0,0,0,0,0,0,0,0,0,0,0,0,0,0,0,0,0,0,0,0,0,0,0,0,0,0,0,0,0,0,0
304,0.001625,0,0,0,0,0,0,0,0,0.003579,0.004084,0,0,0,0,0.020495,0,0,0,0,0,0,0,0,0.001295,0,0,0,0,0,0.018713,0
305,0,0,0.003893,0,0.004497,0.006383,0,0,0.001783,0,0,0,0,0,0,0,0.003528,0,0,0,0,0,0,0,0,0,0,0,0,0,0,0.007257
306,0,0,0,0.001306,0.005315,0,0,0.001443,0,0,0.00081,0,0,0,0,0,0,0,0,0,0,0,0,0,0.000831,0,0.001404,0,0,0,0,0
307,0,0,0,0,0,0,0,0,0,0,0,0,0,0,0,0,0.020271,0,0,0,0,0,0,0.001194,0,0,0,0,0,0,0,0
308,0,0,0,0,0,0,0,0,0,0,0,0,0,0,0,0,0,0,0,0,0,0,0,0,0,0,0,0,0,0,0,0
309,0,0,0,0,0,0,0,0,0,0,0,0,0,0,0,0,0,0,0,0,0,0,0,0,0,0,0,0,0,0,0,0
310,0.002467,0.002923,0,0,0,0.004052,0.00911,0.038191,0,0.038488,0,0,0,0,0,0.005081,0,0,0,0,0,0,0,0,0.002312,0,0,0,0,0,0,0.003576
311,0,0,0,0,0,0,0,0,0,0,0,0,0,0.005844,0,0,0,0,0,0,0,0,0,0,0.00275,0.003079,0,0,0.002778,0,0,0
312,0,0,0,0,0,0,0,0,0,0,0,0,0,0,0,0,0,0,0,0,0,0,0.000839,0,0,0,0,0,0,0,0,0
313,0,0,0,0,0,0,0,0,0,0,0,0,0,0,0,0,0,0,0,0,0,0,0.005268,0,0,0,0,0,0,0,0,0
314,0,0,0,0,0,0,0,0,0,0,0,0,0,0,0,0,0,0,0,0,0,0,0,0,0,0,0,0,0,0,0,0
315,0,0,0,0,0,0,0,0,0,0.000782,0,0,0,0,0,0,0,0,0,0,0,0,0,0,0,0,0,0,0,0,0,0
316,0.020127,0.01625,0,0,0,0,0,0,0,0,0,0.020165,0.020468,0,0,0,0,0,0,0,0,0,0.001591,0,0,0,0,0,0,0,0,0
317,0,0.002667,0,0.003556,0,0,0,0,0,0,0,0,0,0,0,0,0,0,0,0,0,0,0,0,0,0,0,0,0,0,0,0
318,0,0,0,0,0,0,0,0,0.001171,0.006006,0.001197,0,0.002726,0,0,0,0,0,0,0,0,0,0,0,0,0.002563,0,0,0.002203,0,0,0
319,0,0,0,0,0,0,0,0,0,0,0,0,0,0,0,0,0,0.003183,0,0,0,0,0,0,0,0,0,0,0,0,0,0
320,0,0,0,0,0,0,0,0,0,0,0,0,0,0,0,0,0,0,0,0,0,0,0,0,0,0,0.004565,0.008085,0,0,0,0
321,0,0,0,0,0,0,0,0,0,0,0,0,0,0,0,0,0,0.00506,0,0,0,0,0,0,0,0.006268,0,0,0,0,0,0
322,0,0,0,0,0,0,0,0,0,0,0,0,0,0,0,0,0,0,0,0,0,0,0,0.005276,0,0,0,0,0,0,0,0
323,0,0,0,0,0,0.00289,0,0,0,0,0,0.006022,0.005882,0,0,0,0,0,0,0,0,0,0,0,0,0,0,0,0.006455,0.001766,0,0
324,0,0,0,0,0,0,0,0,0,0,0,0,0,0,0,0,0,0,0,0,0.001949,0,0,0,0,0,0,0,0,0,0,0
325,0,0.004137,0.004544,0,0,0,0,0,0,0.000829,0,0,0,0,0,0.000688,0,0,0,0,0,0,0,0,0,0,0,0,0,0.009957,0,0
326,0.007097,0,0,0,0,0,0,0,0,0,0,0,0,0,0,0.000736,0,0.009605,0.003051,0,0,0.002206,0,0,0.004385,0,0.001662,0.000973,0.005298,0.000946,0.001494,0.00058
327,0.001387,0,0,0,0,0,0.002765,0,0.002055,0.000741,0,0,0,0,0,0,0,0,0,0,0,0,0,0,0,0,0,0,0,0,0,0
328,0,0,0,0,0,0,0,0,0,0,0,0,0,0,0,0,0,0,0,0.004076,0,0,0.002541,0,0,0,0,0,0,0,0,0
329,0,0,0,0,0,0,0,0,0,0,0,0,0,0,0,0,0,0,0,0,0,0,0,0,0,0,0,0,0,0,0,0
330,0,0,0,0.010171,0,0.010381,0.013583,0,0,0,0,0,0,0,0,0,0,0,0,0,0,0,0,0,0,0,0,0,0,0.00143,0,0
331,0,0,0,0,0,0,0,0,0,0,0,0,0,0,0,0,0,0,0,0,0,0,0,0,0,0,0,0,0.001577,0,0,0
332,0.003803,0,0,0,0.008551,0,0,0.004409,0,0,0,0,0,0,0.008511,0.004115,0.004217,0,0,0.001739,0,0,0.00313,0,0,0.00691,0,0,0,0,0,0
333,0,0,0,0,0,0,0,0,0,0,0,0,0,0,0,0,0,0,0.00669,0,0,0,0,0,0,0,0,0,0,0,0,0
334,0,0,0,0,0,0,0,0,0,0,0,0,0,0,0,0,0,0,0,0,0,0,0,0,0,0,0,0,0,0,0,0
335,0,0,0,0,0,0,0,0,0,0,0,0,0,0,0,0,0,0,0,0,0,0,0,0,0,0,0,0,0,0,0,0
336,0,0,0,0,0.016995,0.016172,0,0,0,0,0.01637,0,0.016001,0,0,0,0,0,0,0,0,0,0,0,0,0,0,0,0,0,0,0
337,0,0,0,0,0,0,0,0.02697,0,0,0,0,0,0,0.000995,0,0,0,0,0,0,0,0,0,0,0,0,0,0.004731,0,0,0
338,0,0,0,0,0,0,0,0,0,0,0,0,0,0,0,0,0.001144,0,0.008852,0,0,0,0.0092,0,0,0,0,0,0,0,0,0
339,0,0,0,0,0,0,0,0,0,0,0,0,0,0,0,0,0,0,0,0,0,0,0,0,0,0,0,0,0,0,0.001295,0
340,0,0,0,0.00146,0,0,0,0,0,0,0,0.002198,0,0,0,0,0,0,0,0,0,0,0,0,0.001417,0,0,0,0,0,0.110332,0
341,0,0,0,0,0,0.002929,0.030513,0,0,0,0.018638,0.002625,0,0,0.014557,0.005256,0,0,0,0,0,0,0,0.001075,0,0,0.004195,0,0,0,0,0
342,0,0.001999,0,0,0,0,0,0,0,0,0,0,0,0,0.003902,0,0,0,0,0,0,0,0,0,0,0,0.006409,0,0,0,0,0
343,0,0,0,0.002789,0,0,0.002165,0,0,0,0,0,0,0,0,0,0.002418,0,0,0,0,0,0,0,0,0,0,0.052522,0.097969,0,0.095087,0
344,0.094345,0,0.094871,0,0.094796,0,0,0.048408,0,0,0,0,0,0,0,0,0,0.017822,0,0,0.002235,0,0,0,0,0,0,0,0,0.001326,0,0.007524
345,0,0.002266,0.002027,0,0,0,0.00168,0.001665,0,0,0,0,0,0,0,0,0.007394,0.095732,0,0.06398,0,0,0,0,0,0,0,0,0,0.001316,0,0
346,0,0,0,0,0,0,0,0,0.003777,0.004542,0.004199,0.003963,0,0,0.002198,0,0,0,0,0,0,0,0,0,0,0.002232,0,0,0,0.001066,0,0
347,0,0,0,0,0,0.008008,0.013412,0,0.011038,0.014287,0.005865,0,0,0.014494,0.006033,0.003773,0,0,0,0,0,0,0,0,0,0.004917,0.004529,0,0,0,0,0.00597
348,0,0,0,0,0,0,0,0,0,0,0,0,0,0,0,0,0,0,0,0,0.00846,0.002693,0,0.009162,0,0,0,0,0,0,0,0
349,0,0,0,0,0.000647,0,0,0.000864,0,0,0,0,0,0,0,0,0,0,0.004975,0,0,0,0,0,0,0,0,0,0,0,0,0
350,0.018619,0,0.002453,0,0.032515,0,0,0,0,0,0,0.002419,0,0,0,0,0,0,0,0,0,0,0,0,0,0.003502,0,0,0,0,0,0
351,0,0,0.001254,0,0,0.003867,0,0,0,0,0,0,0,0,0,0,0,0,0,0,0,0,0,0,0,0,0,0,0,0,0,0
352,0.004513,0,0,0,0,0,0,0,0.005979,0,0,0.004243,0,0,0,0,0,0,0.006378,0.00232,0,0.002656,0,0,0.003504,0,0,0,0.006084,0,0,0
353,0,0,0.002265,0,0,0,0,0,0.001626,0.002814,0,0,0,0,0,0,0,0,0,0,0,0,0,0,0,0,0,0,0,0,0,0
354,0,0,0,0,0,0,0,0,0,0,0,0,0,0,0,0,0,0,0,0,0,0,0,0,0,0,0,0,0,0,0,0
355,0,0,0,0,0,0,0,0,0,0,0,0,0.002338,0,0,0,0,0,0,0,0.005638,0,0,0,0,0,0,0,0,0,0,0
356,0.010025,0,0,0,0.005473,0.015237,0,0,0,0.003429,0.020974,0,0,0,0.007712,0,0,0,0,0,0,0.012072,0,0,0,0,0,0,0.002602,0,0,0
357,0.014207,0,0.017352,0,0.020242,0,0,0,0,0,0,0,0,0,0,0.000757,0,0,0,0,0,0.002533,0,0,0,0,0.013014,0,0.013185,0.001955,0,0
358,0.005646,0.00554,0.004463,0.004779,0,0,0,0,0.003462,0.006325,0.007477,0,0,0,0.005968,0.008893,0,0.017392,0,0,0,0,0,0,0.022206,0,0,0,0.00604,0.006707,0,0
359,0,0,0,0,0,0,0,0,0,0,0,0,0,0,0,0,0,0,0,0,0.006977,0,0,0.004472,0,0,0,0,0,0,0,0
360,0,0,0,0.010322,0.002058,0.009978,0,0.009372,0,0,0,0,0,0,0,0.00193,0,0,0,0,0,0,0,0,0.002978,0.013732,0,0,0.016281,0,0,0.021332
361,0,0,0.003362,0,0,0,0,0.001343,0,0.025628,0,0,0,0,0,0,0,0.00637,0.016078,0.002045,0.008682,0,0,0,0,0.005166,0,0,0.007009,0.004922,0.014817,0.024278
362,0,0.008037,0,0,0,0,0,0.012284,0,0,0,0,0,0,0,0,0,0,0,0,0,0.023317,0.025448,0,0,0,0,0,0,0.002138,0,0
363,0,0,0,0,0,0,0,0,0,0,0,0.006247,0,0,0.006607,0,0,0.001135,0,0,0,0.001723,0,0,0.003344,0.006471,0,0.00404,0,0.004695,0,0
364,0.004249,0,0.007584,0.001428,0.005934,0.005636,0,0,0,0,0,0,0,0,0,0,0,0,0,0,0,0,0,0,0,0,0,0,0,0,0,0
365,0,0,0,0.00215,0,0,0,0,0,0,0,0,0,0,0,0,0,0,0,0,0,0,0,0,0,0,0,0,0,0,0,0
366,0,0,0,0,0,0,0,0,0,0,0,0,0,0,0,0,0,0,0,0.002084,0,0,0,0,0,0,0,0,0,0,0,0
367,0,0,0,0,0,0,0,0,0,0,0.001305,0,0,0,0,0,0,0,0,0,0,0,0,0,0,0,0,0,0,0.003219,0,0
368,0.012773,0,0.013133,0.001845,0,0.01276,0,0.011184,0.010001,0.007153,0.016847,0.006236,0.012913,0,0.012289,0.012085,0,0,0,0.000783,0,0,0,0,0,0.014433,0,0.005661,0,0,0,0.002077
369,0.013641,0.011415,0.008259,0.00971,0.00154,0,0,0,0,0,0,0,0,0,0,0,0,0,0,0,0,0,0,0,0.011949,0,0,0,0.012038,0.012423,0,0
370,0,0,0,0,0,0,0,0,0,0,0,0,0,0,0,0,0.015604,0,0,0,0,0.001267,0,0.00073,0,0,0,0,0,0,0,0
371,0,0,0,0,0,0,0,0,0,0,0,0,0,0,0,0,0,0,0,0,0,0.013908,0,0,0,0,0,0,0,0,0,0
372,0,0,0,0,0,0,0,0,0,0,0,0,0,0,0,0,0,0,0,0,0,0,0,0,0,0,0,0,0,0,0,0
373,0,0,0,0,0,0,0,0,0,0,0,0,0.006389,0,0,0,0,0,0.004831,0,0,0,0,0,0,0,0,0,0.007384,0,0,0
374,0,0,0,0,0,0,0,0,0,0,0,0,0,0,0,0,0,0,0,0,0,0,0,0,0,0,0.000985,0,0,0,0,0
375,0,0.003734,0,0.006192,0,0,0,0.003286,0,0,0,0,0,0,0,0,0,0,0,0,0,0,0,0,0,0,0,0,0,0,0,0
376,0,0,0,0,0,0,0,0,0,0,0,0,0,0,0,0,0,0,0,0,0,0,0,0,0,0,0,0,0,0,0,0
377,0,0,0,0,0,0,0,0,0,0,0.000839,0,0,0,0,0,0,0,0,0,0,0,0,0,0,0,0,0,0,0,0,0
378,0,0,0,0,0,0,0,0,0,0,0,0,0,0,0,0,0,0,0,0,0,0,0,0,0,0,0,0,0,0,0,0
379,0,0,0,0,0,0,0,0,0,0.001221,0,0,0,0,0,0,0,0,0,0,0,0,0.00123,0,0.001108,0,0.009118,0.003983,0,0,0,0
380,0,0,0.003597,0.00343,0.006922,0,0,0,0,0,0,0,0,0.029122,0,0,0,0,0,0,0,0,0,0,0,0,0,0,0,0,0,0
381,0,0,0,0,0,0,0,0,0,0,0,0,0,0,0,0,0,0,0,0,0.004332,0.008812,0,0.001622,0,0,0,0,0,0,0,0
382,0,0,0,0,0,0,0,0,0,0,0,0,0,0,0,0,0,0,0,0,0,0,0,0,0,0,0,0,0,0,0,0
383,0,0,0,0,0,0,0,0,0,0,0,0,0,0,0,0,0,0,0,0,0,0,0,0,0.003146,0,0,0.002522,0,0,0,0.002736
384,0,0,0,0,0,0,0,0,0,0,0,0,0,0,0,0,0.004287,0,0,0,0,0,0,0,0,0,0,0,0,0,0,0
385,0,0,0,0,0,0,0,0,0,0,0,0,0,0,0,0,0,0,0,0,0,0,0,0,0,0,0,0,0,0,0,0
386,0,0.012806,0.000929,0.000937,0,0,0.001223,0.011521,0.001455,0,0,0,0,0,0.011441,0.003006,0,0,0,0,0,0,0,0,0,0,0,0,0,0,0,0
387,0,0,0,0,0,0,0,0,0,0,0,0,0,0,0,0,0,0,0.000857,0,0,0,0,0,0,0,0,0,0,0,0,0
388,0,0.001326,0,0,0,0,0,0,0,0,0,0,0,0.008299,0,0,0,0,0,0,0,0,0,0,0.00113,0.003459,0,0.001478,0,0,0.006378,0
389,0,0.007202,0,0.001035,0.00822,0,0,0.007126,0,0,0,0.001031,0,0,0.006115,0.002323,0,0,0,0,0,0,0,0,0,0,0.001616,0.000808,0,0,0,0
390,0,0,0,0,0,0,0.001998,0,0,0,0,0.001135,0,0,0,0,0,0,0,0,0.001778,0,0,0,0,0,0,0,0,0,0,0.006199
391,0.002598,0,0,0,0.001437,0,0,0,0,0,0,0,0,0,0,0.005613,0,0,0,0,0,0,0,0,0.006191,0,0.005665,0,0,0,0,0
392,0,0,0,0,0.007851,0,0,0.004748,0,0,0,0,0,0,0,0,0,0,0,0,0,0,0,0.006754,0,0,0,0,0,0,0,0
393,0,0,0,0,0,0,0,0,0,0,0,0,0,0,0,0,0,0,0.00388,0,0,0.005387,0.005652,0,0,0.004542,0,0,0,0,0,0
394,0,0,0,0,0,0,0,0,0.005951,0.003989,0,0,0,0.005496,0,0,0,0,0,0,0,0,0,0,0,0,0,0,0,0,0.002319,0
395,0,0,0,0,0,0,0,0,0,0,0,0,0,0,0.001097,0,0.003805,0.000712,0,0,0,0,0,0.003457,0,0,0,0,0,0,0,0.003291
396,0,0,0,0,0,0,0,0,0,0,0,0,0,0,0,0,0,0,0,0,0.002748,0,0,0,0,0,0,0,0,0,0,0
397,0,0,0,0,0,0,0,0,0,0,0,0,0,0,0,0,0,0,0,0,0,0,0,0,0,0,0,0,0,0,0,0
398,0,0,0,0,0,0,0,0,0,0,0,0,0,0,0,0,0,0,0,0,0,0,0,0,0,0,0,0,0,0,0,0
399,0,0,0,0,0,0,0,0,0,0,0,0,0,0,0,0,0,0,0,0,0,0,0,0,0,0,0,0,0,0,0.003581,0
400,0,0,0,0,0,0,0.006312,0,0,0,0,0,0,0,0,0,0,0,0,0.001042,0,0,0,0,0,0,0,0,0,0.012436,0.000937,0.00133
401,0,0,0,0.004073,0.008031,0.003948,0.002571,0,0.003806,0.007843,0,0.003309,0,0.005058,0,0.009989,0,0,0,0,0,0,0,0,0,0,0,0.003361,0.003152,0,0,0
402,0,0,0,0,0,0,0,0,0,0,0,0,0,0,0,0,0.007024,0.006753,0,0,0.003179,0.003171,0.002807,0.004741,0,0,0,0,0,0,0,0
403,0,0,0,0,0,0,0,0,0,0,0,0,0,0,0,0,0,0,0,0,0,0,0,0,0,0.003476,0,0,0,0,0,0
404,0,0,0,0,0,0,0,0,0,0,0,0,0,0,0,0,0,0,0,0,0,0,0,0,0,0,0,0,0,0,0,0
405,0,0,0,0,0,0,0,0,0,0,0,0,0,0,0,0,0,0.001334,0,0,0,0,0,0,0,0,0,0,0,0,0,0
406,0,0,0,0,0,0,0,0,0,0,0,0,0,0,0,0,0,0,0,0,0,0,0,0,0,0,0,0,0,0,0,0
407,0,0,0,0,0,0,0,0,0,0,0,0,0,0,0,0.003201,0,0,0,0,0,0,0,0,0.024257,0.023318,0,0,0,0,0,0
408,0,0,0,0,0,0,0,0,0,0,0,0,0,0,0,0,0,0,0,0,0,0,0,0,0,0,0,0,0,0,0,0
409,0,0,0,0,0,0,0,0,0,0,0,0,0,0,0,0,0,0,0,0,0,0,0,0,0,0,0,0,0,0,0,0
410,0,0,0,0,0.012584,0,0,0,0,0,0,0,0,0,0,0,0,0,0,0,0,0,0,0,0,0,0,0,0,0,0,0
411,0,0,0,0,0,0,0,0,0,0,0,0,0,0,0,0,0,0,0,0,0,0,0,0,0,0,0,0,0,0,0,0
412,0,0,0,0.001893,0,0,0,0,0,0,0,0.001104,0,0,0.003037,0,0,0,0,0,0,0,0,0,0,0,0,0,0,0,0.004216,0
413,0,0,0,0,0,0,0,0,0,0,0,0,0,0,0,0,0,0,0,0,0,0,0,0,0,0,0,0,0,0,0,0
414,0,0,0,0,0,0,0,0,0,0,0,0,0,0,0,0,0,0,0,0,0,0,0,0,0,0,0,0,0,0,0,0
415,0,0,0,0,0,0,0,0,0.005132,0,0,0,0,0,0,0,0,0,0,0,0,0,0,0,0,0,0,0,0,0,0,0
416,0,0,0,0.025791,0.005626,0,0,0,0,0,0,0.004322,0.005832,0,0,0.001808,0,0,0,0,0,0,0,0,0,0,0,0,0,0,0,0
417,0,0,0.001284,0,0,0,0.003758,0,0,0,0,0.001233,0.001437,0.002627,0.001789,0,0.001852,0.007018,0,0,0,0,0,0.001751,0,0,0,0,0,0,0,0
418,0,0.002411,0,0,0,0,0,0,0,0,0,0,0,0,0,0,0,0,0,0,0,0,0,0,0,0,0,0,0,0,0,0
419,0,0,0,0,0,0.027668,0.001078,0,0,0,0,0,0,0,0,0,0,0,0,0,0,0,0,0,0,0,0,0,0,0,0,0.008231
420,0,0,0,0,0,0,0,0,0,0,0,0,0,0,0,0,0,0.007788,0,0,0,0,0,0,0,0,0,0,0,0,0,0
421,0,0,0,0,0,0,0,0,0,0,0,0,0,0,0,0,0,0,0,0,0,0,0,0,0.003997,0,0,0,0,0,0,0
422,0.001437,0.001302,0,0,0,0.007148,0,0.008523,0.02075,0,0.020729,0,0,0.103358,0,0.031081,0,0,0,0,0,0,0,0,0,0,0,0,0,0,0,0.026369
423,0,0,0,0,0,0,0,0,0,0,0,0,0,0,0,0,0,0,0,0,0.003577,0.001295,0,0,0,0,0,0,0,0,0,0
424,0,0,0,0,0,0,0,0,0,0,0,0,0,0,0,0,0,0,0,0,0,0,0,0,0,0,0,0,0,0,0,0
425,0,0,0,0,0,0,0,0,0,0,0,0,0,0,0,0,0,0,0,0,0,0,0,0,0,0,0,0,0,0,0,0
426,0,0,0,0,0,0,0,0,0,0,0,0,0,0,0,0,0,0,0,0,0,0,0,0,0.001177,0,0,0,0,0,0.008557,0
427,0,0,0,0,0,0,0,0,0,0,0,0,0,0,0,0,0,0,0,0,0,0,0,0,0,0,0,0,0,0,0,0
428,0,0,0,0,0.001527,0.001919,0.004454,0.005816,0.00444,0.014822,0.001591,0,0.020814,0,0.023584,0.020423,0,0,0,0,0,0,0,0,0,0,0,0,0,0,0,0
429,0,0,0,0.020431,0.022118,0.021865,0,0.027616,0,0,0,0,0,0,0,0,0.023454,0,0.019712,0,0,0.003594,0.022789,0.014544,0,0,0,0,0,0,0,0
430,0,0,0,0,0,0,0,0,0,0,0,0,0,0,0,0,0,0,0,0,0,0,0,0,0,0,0,0,0,0,0,0
431,0,0,0,0,0,0,0,0,0,0,0.001034,0,0.000914,0,0,0,0,0.004022,0,0,0,0,0,0,0,0,0,0.000989,0,0.010416,0,0
432,0,0,0.039474,0,0,0,0,0,0,0,0,0,0.02076,0,0,0,0,0,0,0,0,0,0,0,0,0,0,0,0.003037,0.02005,0,0.001114
433,0,0,0,0,0,0,0,0,0.005421,0,0,0,0,0,0,0,0,0,0,0,0,0,0,0,0,0,0,0,0,0,0,0
434,0,0,0.001804,0,0,0,0.002187,0.001037,0,0,0,0.004443,0,0.004563,0,0,0,0,0,0,0,0,0.000886,0,0,0,0,0,0,0,0,0
435,0,0,0,0,0,0,0,0,0,0,0,0,0,0,0,0,0,0,0,0,0,0,0,0,0,0,0,0,0,0,0,0
436,0,0,0,0,0,0,0,0,0,0,0,0,0,0,0,0,0,0,0,0,0,0,0,0,0,0,0,0,0,0,0,0
437,0,0,0,0,0,0,0,0,0,0,0,0,0,0,0,0,0,0,0.004216,0.006753,0.003252,0,0.00316,0,0.000972,0.001917,0,0,0.002886,0,0,0
438,0,0,0,0.014468,0,0.002744,0,0,0,0,0,0,0,0,0,0,0,0,0,0,0,0,0,0,0.004441,0,0,0,0,0,0,0
439,0,0,0,0,0,0,0,0,0,0,0,0,0,0,0,0,0,0,0,0,0,0,0,0,0,0,0.005192,0,0,0,0,0
440,0,0.002531,0,0,0.002695,0,0,0,0,0,0,0,0,0,0,0,0,0,0,0,0,0,0,0,0,0,0,0,0,0,0,0
441,0,0,0,0,0,0,0,0,0,0,0,0,0,0,0,0,0,0,0,0,0,0,0,0,0,0,0,0,0,0,0,0
442,0,0,0,0,0,0,0,0,0,0,0,0,0,0,0,0,0,0,0,0,0,0,0,0,0,0,0,0,0,0,0,0
443,0,0,0,0,0,0.003085,0,0.003573,0,0,0,0,0.03103,0,0,0,0,0,0,0,0,0,0,0,0,0.006421,0,0,0,0,0,0
444,0,0,0,0,0,0,0,0,0.002364,0,0,0,0,0,0,0,0.005958,0.00512,0.006771,0.01053,0,0,0,0,0,0.00377,0,0,0,0,0,0
445,0,0,0,0,0,0,0,0,0,0.001318,0,0,0,0,0,0,0,0,0,0,0.002637,0,0,0,0,0.005097,0,0,0,0,0,0
446,0,0,0,0.004612,0,0,0,0,0,0,0,0,0,0,0,0,0,0.002351,0,0,0,0.000858,0,0.001213,0,0,0,0,0,0,0,0
447,0,0,0,0,0,0,0,0,0,0,0,0,0,0,0,0,0,0,0,0,0,0,0,0,0,0,0,0,0,0,0,0
448,0,0,0,0,0,0,0,0,0,0,0,0,0,0,0.00121,0,0,0,0,0,0,0,0,0,0.002896,0,0,0.002207,0,0,0,0
449,0.004651,0.001476,0.002457,0,0.000984,0,0,0,0,0,0,0,0.003076,0,0,0,0,0,0,0,0,0,0,0,0,0,0,0,0,0,0,0
450,0,0,0,0,0,0,0,0,0,0,0,0,0,0,0,0,0,0.004253,0,0,0,0,0,0,0,0,0,0,0,0,0,0
451,0.007386,0,0,0,0,0,0,0,0,0,0,0,0,0,0,0,0,0,0,0,0,0,0,0,0,0,0,0,0,0,0,0
452,0,0,0,0,0,0,0,0,0,0,0,0,0,0,0,0,0,0,0,0,0,0,0,0,0,0,0,0,0,0,0,0
453,0,0,0,0,0,0,0,0,0,0,0,0,0,0,0,0,0,0,0,0,0,0,0,0,0,0,0,0,0,0,0,0
454,0,0,0,0,0,0,0,0,0,0,0,0,0,0,0,0,0,0,0,0,0,0,0,0,0,0,0,0,0,0,0,0
455,0,0,0,0,0,0,0,0,0.003456,0,0,0,0,0,0.011195,0,0,0,0,0,0,0,0,0,0,0,0.013014,0,0,0,0,0
456,0,0,0,0,0,0,0.005991,0.030615,0,0,0,0,0,0,0,0,0,0.005715,0,0,0,0,0,0,0,0,0,0,0,0,0,0
457,0,0,0,0,0,0,0,0,0,0,0,0,0,0,0,0,0,0,0,0,0,0,0,0,0,0,0,0,0,0,0,0
458,0,0,0,0,0,0,0,0,0,0,0,0,0,0,0,0,0,0,0,0,0,0,0,0,0,0,0,0,0,0,0,0
459,0,0,0,0,0,0,0,0,0,0,0,0,0,0,0,0,0,0,0,0,0,0,0,0,0,0,0,0,0,0,0,0
460,0,0,0,0,0,0,0.006682,0.018222,0.01231,0.00077,0,0.005632,0,0,0,0,0,0,0,0,0,0,0,0,0,0,0.008343,0.008419,0.002496,0.009334,0,0.020225
461,0,0,0,0,0,0.00109,0,0,0,0,0,0,0,0,0,0,0,0,0,0,0,0,0,0,0,0,0,0,0,0,0,0
462,0,0,0,0,0,0,0,0,0,0,0,0,0,0,0,0,0,0,0,0,0.000925,0.001467,0.002159,0,0,0,0,0,0,0,0,0
463,0,0,0,0,0,0,0,0,0,0,0,0,0,0,0,0,0,0,0,0,0,0,0,0,0,0,0,0,0,0,0,0
464,0,0,0,0,0,0,0,0,0,0,0,0,0,0,0,0,0,0,0,0,0,0,0,0,0,0,0,0,0,0,0,0
465,0,0,0,0,0,0,0,0,0,0,0,0,0,0,0,0,0,0,0,0,0,0,0,0,0,0,0,0,0,0,0,0
466,0,0,0,0,0,0,0,0,0,0,0,0,0,0,0,0,0,0,0,0,0,0,0,0,0,0,0,0,0,0,0,0
467,0,0,0,0,0,0,0,0,0,0,0,0,0,0,0,0,0,0.002171,0,0,0,0,0,0,0,0,0,0,0,0,0,0
468,0,0,0,0,0,0,0,0,0,0,0,0,0,0,0,0,0,0,0,0,0.004829,0,0,0,0,0,0,0,0,0,0,0
469,0,0,0,0,0,0,0,0,0,0,0,0,0,0,0,0,0,0,0,0,0,0,0,0,0,0,0,0,0,0,0,0
470,0,0,0,0,0.00075,0,0,0,0,0,0,0,0,0,0,0.00094,0,0,0,0,0,0,0,0,0,0,0,0,0.007438,0,0,0
471,0,0.011088,0,0,0,0,0,0.00464,0,0,0,0,0,0,0,0,0,0,0,0.009417,0,0,0,0,0,0,0,0,0,0,0,0
472,0.004239,0.003562,0.004056,0,0,0,0,0.000924,0.005014,0,0,0,0,0,0,0.001474,0,0,0,0,0,0,0,0,0,0,0,0,0,0,0,0
473,0,0,0,0,0,0,0,0,0,0,0,0,0,0,0,0,0,0,0,0,0,0,0,0,0,0,0,0,0,0,0,0
474,0,0,0,0,0,0,0,0,0,0,0,0,0,0,0,0,0,0,0,0,0,0,0,0,0,0,0,0,0,0,0,0
475,0,0,0,0,0,0,0,0,0,0,0,0,0,0,0,0,0,0,0,0,0,0,0,0,0,0,0,0,0,0,0,0
476,0,0,0,0,0,0,0,0,0,0,0,0,0,0,0,0,0,0,0,0,0,0,0,0,0,0,0,0,0,0,0,0
477,0,0,0,0,0,0,0,0,0,0,0,0,0,0,0,0,0,0,0,0,0,0,0,0,0,0,0,0,0,0,0,0
478,0,0,0,0,0,0,0,0,Null,Null,Null,Null,Null,Null,Null,Null,0,0,0,0,0,0,0,0,Null,Null,Null,Null,Null,Null,Null,Null
479,Null,Null,Null,Null,Null,Null,Null,Null,Null,Null,Null,Null,Null,Null,Null,Null,0,0,0,0,0,0,0,0,Null,Null,Null,Null,Null,Null,Null,Null