commitcycle_interval,ceph01_ceph-osd.0.asok.txt,ceph01_ceph-osd.1.asok.txt,ceph01_ceph-osd.2.asok.txt,ceph01_ceph-osd.3.asok.txt,ceph01_ceph-osd.4.asok.txt,ceph01_ceph-osd.5.asok.txt,ceph01_ceph-osd.6.asok.txt,ceph01_ceph-osd.7.asok.txt,ceph02_ceph-osd.10.asok.txt,ceph02_ceph-osd.11.asok.txt,ceph02_ceph-osd.12.asok.txt,ceph02_ceph-osd.13.asok.txt,ceph02_ceph-osd.14.asok.txt,ceph02_ceph-osd.15.asok.txt,ceph02_ceph-osd.8.asok.txt,ceph02_ceph-osd.9.asok.txt,ceph03_ceph-osd.16.asok.txt,ceph03_ceph-osd.17.asok.txt,ceph03_ceph-osd.18.asok.txt,ceph03_ceph-osd.19.asok.txt,ceph03_ceph-osd.20.asok.txt,ceph03_ceph-osd.21.asok.txt,ceph03_ceph-osd.22.asok.txt,ceph03_ceph-osd.23.asok.txt,ceph04_ceph-osd.24.asok.txt,ceph04_ceph-osd.25.asok.txt,ceph04_ceph-osd.26.asok.txt,ceph04_ceph-osd.27.asok.txt,ceph04_ceph-osd.28.asok.txt,ceph04_ceph-osd.29.asok.txt,ceph04_ceph-osd.30.asok.txt,ceph04_ceph-osd.31.asok.txt
0,0,0,0,0,0,0,0,0,0,0,5.001736,5.001546,5.048538,5.057218,0,0,5.032979,5.043971,0,0,0,0,0,0,0,0,0,0,0,0,0,0
1,0,0,0,0,0,0,0,0,0,0,0,0,0,0,0,0,0,0,5.091212,5.092846,5.064257,5.074584,5.061838,5.107406,0,5.258549,0,0,0,0,0,0
2,0,0,0,0,0,0,0,0,0,0,0,0,0,0,0,0,0,0,0,0,0,0,0,0,5.305632,0,5.215537,5.213253,5.101201,5.163965,5.18027,5.169487
3,5.328275,5.244295,5.206942,5.172617,0,0,0,0,0,0,0,0,0,0,0,0,0,0,0,0,0,0,0,0,0,0,0,0,0,0,0,0
4,0,0,0,0,5.352341,5.348137,5.384159,5.3907,0,0,0,0,0,0,5.315783,5.346584,0,0,0,0,0,0,0,0,0,0,0,0,0,0,0,0
5,0,0,0,0,0,0,0,0,5.536958,5.505958,5.330729,5.403487,5.637583,5.628729,0,0,5.574162,5.46419,0,0,0,0,0,0,0,0,0,0,0,0,0,0
6,0,0,0,0,0,0,0,0,0,0,0,0,0,0,0,0,0,0,5.311211,5.478062,5.773057,5.677415,5.622071,5.475532,0,0,0,0,0,0,0,0
7,0,0,0,0,0,0,0,0,0,0,0,0,0,0,0,0,0,0,0,0,0,0,0,0,5.692085,5.690183,5.800498,5.804619,5.437091,5.453095,0,0
8,5.880803,5.910715,5.460176,5.554468,0,0,0,0,0,0,0,0,0,0,0,0,0,0,0,0,0,0,0,0,0,0,0,0,0,0,5.77312,5.69675
9,0,0,0,0,5.870574,5.870657,0,0,0,0,0,0,0,0,5.479393,5.587125,0,0,0,0,0,0,0,0,0,0,0,0,0,0,0,0
10,0,0,0,0,0,0,5.973397,5.962419,6.097814,6.13948,5.591784,5.716614,0,0,0,0,0,0,0,0,0,0,0,0,0,0,0,0,0,0,0,0
11,0,0,0,0,0,0,0,0,0,0,0,0,5.911709,5.951919,0,0,5.848701,5.884236,5.587916,5.734263,0,0,0,0,0,0,0,0,0,0,0,0
12,0,0,0,0,0,0,0,0,0,0,0,0,0,0,0,0,0,0,0,0,5.942218,5.965454,6.039745,6.040628,0,0,0,0,5.51635,0,0,0
13,0,0,5.697849,0,0,0,0,0,0,0,0,0,0,0,0,0,0,0,0,0,0,0,0,0,6.233759,6.233743,6.209771,6.217022,0,5.594297,6.023,5.998788
14,6.202318,6.206303,0,5.82992,0,0,0,0,0,0,0,0,0,0,0,0,0,0,0,0,0,0,0,0,0,0,0,0,0,0,0,0
15,0,0,0,0,6.046102,6.094218,0,6.194569,0,0,5.746626,0,0,0,5.64957,5.794094,0,0,0,0,0,0,0,0,0,0,0,0,0,0,0,0
16,0,0,0,0,0,0,6.189323,0,6.051901,6.005623,0,5.850369,0,0,0,0,0,0,0,0,0,0,0,0,0,0,0,0,0,0,0,0
17,0,0,0,0,0,0,0,0,0,0,0,0,6.191674,6.163876,0,0,6.240981,6.20322,6.386421,6.001991,0,0,0,0,0,0,0,0,0,0,0,0
18,0,0,0,0,0,0,0,0,0,0,0,0,0,0,0,0,0,0,0,0,6.374557,6.343254,6.160122,6.189368,0,0,0,0,5.742761,5.765905,0,0
19,0,0,5.81027,5.892821,0,0,0,0,0,0,0,0,0,0,0,0,0,0,0,0,0,0,0,0,6.252798,6.254473,6.377522,6.422029,0,0,6.270256,6.260921
20,6.113751,6.093948,0,0,0,0,0,0,0,0,0,0,0,0,0,0,0,0,0,0,0,0,0,0,0,0,0,0,0,0,0,0
21,0,0,0,0,6.306562,6.308847,6.023703,6.113324,0,0,5.885348,5.97208,0,0,6.355614,5.962946,0,0,0,0,0,0,0,0,0,0,0,0,0,0,0,0
22,0,0,0,0,0,0,0,0,6.060332,6.056225,0,0,0,0,0,0,0,0,0,0,0,0,0,0,0,0,0,0,0,0,0,0
23,0,0,0,0,0,0,0,0,0,0,0,0,6.336195,6.337085,0,0,6.246575,6.234735,6.225,6.21066,0,0,0,0,0,0,0,0,5.67947,5.793577,0,0
24,0,0,5.939539,0,0,0,0,0,0,0,0,0,0,0,0,0,0,0,0,0,6.417044,6.413987,6.423715,6.425778,0,0,0,0,0,0,0,0
25,0,0,0,5.901487,0,0,0,0,0,0,0,0,0,0,0,0,0,0,0,0,0,0,0,0,6.279495,6.248064,6.146782,6.142306,0,0,6.428236,6.423266
26,6.245038,6.267758,0,0,0,0,0,0,0,0,5.736378,0,0,0,6.252389,6.192733,0,0,0,0,0,0,0,0,0,0,0,0,0,0,0,0
27,0,0,0,0,6.298141,6.282324,6.266275,6.199473,0,0,0,5.749539,0,0,0,0,0,0,0,0,0,0,0,0,0,0,0,0,0,0,0,0
28,0,0,0,0,0,0,0,0,6.266651,6.334539,0,0,0,0,0,0,0,0,0,0,0,0,0,0,0,0,0,0,0,0,0,0
29,0,0,0,0,0,0,0,0,0,0,0,0,6.351071,6.460915,0,0,6.166645,6.168574,6.185365,6.186086,0,0,0,0,0,0,0,0,6.294122,5.834554,0,0
30,0,0,5.786078,5.700396,0,0,0,0,0,0,0,0,0,0,0,0,0,0,0,0,6.288295,6.179697,6.119082,6.128613,0,0,0,0,0,0,0,0
31,0,0,0,0,0,0,0,0,0,0,0,0,0,0,0,0,0,0,0,0,0,0,0,0,6.319539,6.381869,6.156523,6.169361,0,0,6.317148,6.320592
32,6.201354,6.193552,0,0,0,0,0,0,0,0,5.838667,5.794816,0,0,6.232818,6.110476,0,0,0,0,0,0,0,0,0,0,0,0,0,0,0,0
33,0,0,0,0,6.409386,6.312351,6.258534,6.294688,6.088062,0,0,0,0,0,0,0,0,0,0,0,0,0,0,0,0,0,0,0,0,0,0,0
34,0,0,0,0,0,0,0,0,0,6.077117,0,0,0,0,0,0,0,0,0,0,0,0,0,0,0,0,0,0,0,0,0,0
35,0,0,0,0,0,0,0,0,0,0,0,0,6.21254,6.103453,0,0,6.530136,6.408731,6.358206,6.342113,0,0,0,0,0,0,0,0,6.168835,6.188899,0,0
36,0,0,5.827667,5.654572,0,0,0,0,0,0,0,0,0,0,0,0,0,0,0,0,6.250181,6.319858,6.424098,6.457102,0,0,0,0,0,0,0,0
37,0,0,0,0,0,0,0,0,0,0,5.702175,0,0,0,0,0,0,0,0,0,0,0,0,0,6.225188,6.431572,6.223017,6.314662,0,0,6.258913,6.302678
38,6.241705,6.305602,0,0,0,0,0,0,0,0,0,5.766369,0,0,5.976235,6.106373,0,0,0,0,0,0,0,0,0,0,0,0,0,0,0,0
39,0,0,0,0,6.29608,6.271469,6.235672,6.235679,0,0,0,0,0,0,0,0,0,0,0,0,0,0,0,0,0,0,0,0,0,0,0,0
40,0,0,0,0,0,0,0,0,6.495839,6.451684,0,0,0,0,0,0,6.078095,6.0928,0,0,0,0,0,0,0,0,0,0,0,0,0,0
41,0,0,5.709231,5.929689,0,0,0,0,0,0,0,0,6.392261,6.409678,0,0,0,0,6.261803,6.313679,0,0,0,0,0,0,0,0,6.110189,6.106293,0,0
42,0,0,0,0,0,0,0,0,0,0,0,0,0,0,0,0,0,0,0,0,6.387018,6.425764,6.188215,6.156981,5.793657,5.879553,6.065167,0,0,0,0,0
43,0,0,0,0,0,0,0,0,0,0,5.755348,5.540805,0,0,0,0,0,0,0,0,0,0,0,0,0,0,0,6.032707,0,0,6.307868,6.290273
44,6.220696,6.218453,0,0,0,0,0,0,0,0,0,0,0,0,6.498133,6.419143,0,0,0,0,0,0,0,0,0,0,0,0,0,0,0,0
45,0,0,0,0,6.210034,6.294262,6.209252,6.171221,0,0,0,0,0,0,0,0,0,0,0,0,0,0,0,0,0,0,0,0,0,0,0,0
46,0,0,5.704045,0,0,0,0,0,6.231335,6.303107,0,0,0,0,0,0,6.244603,6.23875,0,0,0,0,0,0,0,0,0,0,0,0,0,0
47,0,0,0,5.67753,0,0,0,0,0,0,0,0,6.190913,6.20676,0,0,0,0,6.449771,6.438879,0,0,0,0,0,0,0,0,6.462959,6.530721,0,0
48,0,0,0,0,0,0,0,0,0,0,5.784794,0,0,0,0,0,0,0,0,0,6.131025,6.085569,6.256657,6.179907,5.679576,5.782974,0,0,0,0,0,0
49,5.566661,5.969983,0,0,0,0,0,0,0,0,0,5.876611,0,0,0,0,0,0,0,0,0,0,0,0,0,0,6.262174,6.214294,0,0,6.208327,6.148894
50,0,0,0,0,0,0,0,0,0,0,0,0,0,0,6.174994,6.254032,0,0,0,0,0,0,0,0,0,0,0,0,0,0,0,0
51,0,0,0,0,6.501213,6.475049,6.280985,6.137442,6.203494,6.126719,0,0,0,0,0,0,0,0,0,0,0,0,0,0,0,0,0,0,0,0,0,0
52,0,0,5.655891,5.599408,0,0,0,0,0,0,0,0,0,0,0,0,6.262275,6.253946,0,0,0,0,0,0,0,0,0,0,0,0,0,0
53,0,0,0,0,0,0,0,0,0,0,0,0,6.249546,6.233113,0,0,0,0,6.168059,6.169853,0,0,6.052321,6.010095,5.656456,5.717207,0,0,6.19689,6.174662,0,0
54,0,0,0,0,0,0,0,0,0,0,5.866032,5.944823,0,0,0,0,0,0,0,0,6.006162,6.027895,0,0,0,0,6.229745,0,0,0,0,0
55,5.962982,5.808622,0,0,0,0,0,0,0,0,0,0,0,0,0,0,0,0,0,0,0,0,0,0,0,0,0,6.271378,0,0,6.314573,6.34383
56,0,0,0,0,0,0,0,0,0,0,0,0,0,0,6.307119,6.382288,0,0,0,0,0,0,0,0,0,0,0,0,0,0,0,0
57,0,0,5.822913,0,6.26376,6.310456,6.08176,6.219697,6.320777,6.344884,0,0,0,0,0,0,0,0,0,0,0,0,0,0,0,0,0,0,0,0,0,0
58,0,0,0,5.77738,0,0,0,0,0,0,0,0,0,0,0,0,6.294313,6.242578,0,0,0,0,0,0,5.734408,0,0,0,0,0,0,0
59,0,0,0,0,0,0,0,0,0,0,5.925649,0,6.122015,6.158254,0,0,0,0,6.209312,6.225876,0,0,0,6.397855,0,5.685757,0,0,6.137095,6.149117,0,0
60,5.807904,0,0,0,0,0,0,0,0,0,0,5.839615,0,0,0,0,0,0,0,0,6.237576,6.238023,6.414966,0,0,0,6.0948,6.076462,0,0,0,0
61,0,5.951563,0,0,0,0,0,0,0,0,0,0,0,0,0,0,0,0,0,0,0,0,0,0,0,0,0,0,0,0,6.270716,6.265221
62,0,0,0,0,0,0,0,6.17828,0,0,0,0,0,0,6.308579,6.305836,0,0,0,0,0,0,0,0,0,0,0,0,0,0,0,0
63,0,0,6.184904,5.870887,6.396072,6.395262,6.176081,0,6.334009,6.324934,0,0,0,0,0,0,0,0,0,0,0,0,0,0,0,0,0,0,0,0,0,0
64,0,0,0,0,0,0,0,0,0,0,0,0,6.197798,6.188687,0,0,6.040647,6.105237,0,0,0,0,0,0,5.729153,5.768947,0,0,0,0,0,0
65,0,0,0,0,0,0,0,0,0,0,5.681335,5.773445,0,0,0,0,0,0,6.327036,6.324989,6.194561,6.143441,5.94558,5.995267,0,0,0,0,6.19608,6.227475,0,0
66,5.694156,5.810158,0,0,0,0,0,0,0,0,0,0,0,0,0,0,0,0,0,0,0,0,0,0,0,0,6.395331,6.39867,0,0,0,0
67,0,0,0,0,0,0,0,0,0,0,0,0,0,0,0,0,0,0,0,0,0,0,0,0,0,0,0,0,0,0,6.390586,6.296661
68,0,0,0,0,0,0,0,0,0,0,0,0,0,0,6.302596,6.303979,0,0,0,0,0,0,0,0,0,0,0,0,0,0,0,0
69,0,0,6.356548,6.357065,6.336987,6.461433,6.297281,6.306421,0,0,0,0,0,0,0,0,0,0,0,0,0,0,0,0,5.676751,0,0,0,0,0,0,0
70,0,0,0,0,0,0,0,0,6.522013,6.515732,5.770054,0,0,0,0,0,6.115354,6.0176,6.081993,6.118995,0,0,0,0,0,5.608889,0,0,0,6.182998,0,0
71,5.765038,0,0,0,0,0,0,0,0,0,0,5.695666,6.334197,6.341553,0,0,0,0,0,0,0,0,6.256649,6.267629,0,0,0,0,6.24333,0,0,0
72,0,5.670205,0,0,0,0,0,0,0,0,0,0,0,0,0,0,0,0,0,0,6.322241,6.427834,0,0,0,0,0,0,0,0,0,0
73,0,0,0,0,0,0,0,0,0,0,0,0,0,0,0,0,0,0,0,0,0,0,0,0,0,0,6.497846,6.481005,0,0,6.15775,6.2435
74,0,0,0,0,0,0,0,0,0,0,0,0,0,0,6.226803,6.153417,0,0,0,0,0,0,0,0,0,0,0,0,0,0,0,0
75,0,0,6.025678,6.125631,6.042982,5.944905,6.412604,6.470799,0,0,0,0,0,0,0,0,0,0,0,0,0,0,0,0,5.636405,5.683621,0,0,0,0,0,0
76,0,0,0,0,0,0,0,0,6.319495,6.349213,5.684159,5.678464,6.160702,6.171677,0,0,6.115774,6.17898,6.301253,6.289731,0,0,0,0,0,0,0,0,6.113752,6.064943,0,0
77,5.79297,6.014539,0,0,0,0,0,0,0,0,0,0,0,0,0,0,0,0,0,0,6.157948,6.216375,6.252549,6.241162,0,0,0,0,0,0,0,0
78,0,0,0,0,0,0,0,0,0,0,0,0,0,0,0,0,0,0,0,0,0,0,0,0,0,0,0,0,0,0,0,0
79,0,0,0,0,0,0,0,0,0,0,0,0,0,0,0,0,0,0,0,0,0,0,0,0,0,0,6.609228,6.627914,0,0,6.553473,6.562287
80,0,0,0,0,0,0,0,0,0,0,0,0,0,0,6.274065,6.289801,0,0,0,0,0,0,0,0,5.709602,0,0,0,0,0,0,0
81,0,0,6.329475,6.365748,6.477578,6.495449,6.481519,6.439382,6.041318,0,5.787659,0,0,0,0,0,0,0,0,0,0,0,0,0,0,5.860242,0,0,0,0,0,0
82,5.613846,0,0,0,0,0,0,0,0,6.113658,0,5.724716,6.204869,6.22125,0,0,6.046769,6.034579,6.150003,6.126329,0,0,0,0,0,0,0,0,6.204853,6.254576,0,0
83,0,5.631095,0,0,0,0,0,0,0,0,0,0,0,0,0,0,0,0,0,0,0,0,6.323092,6.345235,0,0,0,0,0,0,0,0
84,0,0,0,0,0,0,0,0,0,0,0,0,0,0,0,0,0,0,0,0,6.594505,6.504887,0,0,0,0,0,0,0,0,0,0
85,0,0,0,0,0,0,0,0,0,0,0,0,0,0,0,0,0,0,0,0,0,0,0,0,0,0,6.379712,6.390588,0,0,6.312814,6.313734
86,0,0,0,0,0,0,0,0,0,0,0,0,0,0,6.172618,6.195319,0,0,0,0,0,0,0,0,5.678418,5.558365,0,0,0,0,0,0
87,5.475132,0,6.237387,6.111538,6.283866,6.346983,6.360625,6.619887,6.101449,5.881412,5.762208,5.716276,0,0,0,0,5.828614,5.882909,0,0,0,0,0,0,0,0,0,0,0,0,0,0
88,0,5.502386,0,0,0,0,0,0,0,0,0,0,6.322137,6.286963,0,0,0,0,6.210917,6.204453,0,0,0,0,0,0,0,0,6.409362,6.3875,0,0
89,0,0,0,0,0,0,0,0,0,0,0,0,0,0,0,0,0,0,0,0,0,0,6.196353,6.165128,0,0,0,0,0,0,0,0
90,0,0,0,0,0,0,0,0,0,0,0,0,0,0,0,0,0,0,0,0,6.677886,6.63662,0,0,0,0,0,0,0,0,0,0
91,0,0,0,0,0,0,0,0,0,0,0,0,0,0,0,0,0,0,0,0,0,0,0,0,5.925483,5.910273,6.416467,6.452094,0,0,0,0
92,0,0,0,0,0,0,0,0,0,0,6.001896,0,0,0,6.178989,6.159119,0,0,0,0,0,0,0,0,0,0,0,0,0,0,6.48554,6.466047
93,5.58836,5.524529,6.435329,6.453641,6.382997,6.325854,6.197032,6.234089,5.857249,5.708401,0,5.812613,0,0,0,0,6.137729,6.116881,0,0,0,0,0,0,0,0,0,0,0,0,0,0
94,0,0,0,0,0,0,0,0,0,0,0,0,6.288325,6.293453,0,0,0,0,6.321022,6.349056,0,0,0,0,0,0,0,0,6.328799,6.310004,0,0
95,0,0,0,0,0,0,0,0,0,0,0,0,0,0,0,0,0,0,0,0,0,0,6.361165,6.348404,0,0,0,0,0,0,0,0
96,0,0,0,0,0,0,0,0,0,0,0,0,0,0,0,0,0,0,0,0,6.556518,6.55596,0,0,0,0,0,0,0,0,0,0
97,0,0,0,0,0,0,0,0,0,0,0,0,0,0,0,0,0,0,0,0,0,0,0,0,5.854366,5.921082,6.196913,6.186334,0,0,6.203604,6.186643
98,5.641862,0,0,0,0,0,0,0,5.897679,6.161731,6.034555,6.084862,0,0,6.382154,6.374491,0,0,0,0,0,0,0,0,0,0,0,0,0,0,0,0
99,0,5.787053,6.318369,6.360563,6.500107,6.457388,6.3368,6.11531,0,0,0,0,0,0,0,0,6.546936,6.566533,0,0,0,0,0,0,0,0,0,0,0,0,0,0
100,0,0,0,0,0,0,0,0,0,0,0,0,6.482556,6.463913,0,0,0,0,6.291798,6.254064,0,0,0,0,0,0,0,0,6.366975,6.373961,0,0
101,0,0,0,0,0,0,0,0,0,0,0,0,0,0,0,0,0,0,0,0,0,0,6.597219,6.562417,0,0,0,0,0,0,0,0
102,0,0,0,0,0,0,0,0,0,0,0,0,0,0,0,0,0,0,0,0,6.450652,6.497345,0,0,5.9187,0,0,0,0,0,0,0
103,5.619295,0,0,0,0,0,0,0,0,0,0,0,0,0,0,0,0,0,0,0,0,0,0,0,0,5.792871,6.358888,6.378763,0,0,6.238246,6.256469
104,0,5.629787,0,0,0,0,0,0,6.208015,6.186425,6.240834,6.199482,0,0,6.363731,6.304391,0,0,0,0,0,0,0,0,0,0,0,0,0,0,0,0
105,0,0,6.517379,6.453544,6.304232,6.375227,6.531088,6.404076,0,0,0,0,0,0,0,0,6.39192,6.353014,0,0,0,0,0,0,0,0,0,0,0,0,0,0
106,0,0,0,0,0,0,0,0,0,0,0,0,6.38472,6.32582,0,0,0,0,6.529766,6.505517,0,0,0,0,0,0,0,0,6.341443,6.251093,0,0
107,0,0,0,0,0,0,0,0,0,0,0,0,0,0,0,0,0,0,0,0,0,0,0,0,0,0,0,0,0,0,0,0
108,5.62362,0,0,0,0,0,0,0,0,0,0,0,0,0,0,0,0,0,0,0,0,0,6.412091,6.397115,5.680028,5.763986,0,0,0,0,0,0
109,0,5.682125,0,0,0,0,0,0,0,0,0,0,0,0,6.203871,6.20144,0,0,0,0,6.293804,6.295925,0,0,0,0,6.255745,6.303362,0,0,6.279903,6.275466
110,0,0,0,0,0,0,0,0,6.245217,6.288754,6.183672,6.208477,0,0,0,0,0,0,0,0,0,0,0,0,0,0,0,0,0,0,0,0
111,0,0,6.352025,6.301896,6.532951,6.504843,6.392835,6.45394,0,0,0,0,0,0,0,0,6.186487,6.213175,0,0,0,0,0,0,0,0,0,0,0,0,0,0
112,0,0,0,0,0,0,0,0,0,0,0,0,6.265716,6.29467,0,0,0,0,0,0,0,0,0,0,0,0,0,0,6.360459,6.450757,0,0
113,0,0,0,0,0,0,0,0,0,0,0,0,0,0,0,0,0,0,6.48562,6.457794,0,0,0,0,5.80297,5.822921,0,0,0,0,0,0
114,5.693988,0,0,0,0,0,0,0,0,0,0,0,0,0,0,0,0,0,0,0,6.240163,6.189127,6.35471,6.286934,0,0,0,0,0,0,0,0
115,0,5.849659,0,0,0,0,0,0,0,0,0,0,0,0,0,0,0,0,0,0,0,0,0,0,0,0,6.630284,6.565267,0,0,6.247297,6.166931
116,0,0,0,0,0,0,0,0,6.200502,6.242329,6.469905,6.569474,0,0,6.45224,6.486706,0,0,0,0,0,0,0,0,0,0,0,0,0,0,0,0
117,0,0,6.268795,6.315468,6.566292,6.423495,6.335854,6.390671,0,0,0,0,0,0,0,0,5.887428,5.991053,0,0,0,0,0,0,0,0,0,0,0,0,0,0
118,0,0,0,0,0,0,0,0,0,0,0,0,6.291997,6.319937,0,0,0,0,0,0,0,0,0,0,0,0,0,0,6.571113,6.492755,0,0
119,5.67164,0,0,0,0,0,0,0,0,0,0,0,0,0,0,0,0,0,6.243807,6.288966,0,0,0,6.168696,5.764988,5.775991,0,0,0,0,0,0
120,0,5.619813,0,0,0,0,0,0,0,0,0,0,0,0,0,0,0,0,0,0,0,6.310546,6.092032,0,0,0,0,0,0,0,0,0
121,0,0,0,0,0,0,0,0,0,0,0,0,0,0,0,6.138173,0,0,0,0,6.370329,0,0,0,0,0,6.438908,6.440925,0,0,6.011885,6.092119
122,0,0,0,0,0,0,0,0,6.371458,6.357007,6.047269,5.979819,0,0,6.236025,0,0,0,0,0,0,0,0,0,0,0,0,0,0,0,0,0
123,0,0,6.255146,6.174622,0,6.35091,6.435567,6.462173,0,0,0,0,0,0,0,0,6.108777,6.083738,0,0,0,0,0,0,0,0,0,0,0,0,0,0
124,0,0,0,0,6.371887,0,0,0,0,0,0,0,6.252235,6.21639,0,0,0,0,0,0,0,0,0,0,5.868033,0,0,0,0,0,0,0
125,5.748325,0,0,0,0,0,0,0,0,0,0,0,0,0,0,0,0,0,6.281998,6.236966,0,0,0,0,0,5.865883,0,0,6.308903,6.413943,0,0
126,0,5.788687,0,0,0,0,0,0,0,0,0,0,0,0,0,0,0,0,0,0,6.198958,6.2957,6.385062,6.405715,0,0,0,0,0,0,0,0
127,0,0,0,0,0,0,0,0,0,0,0,0,0,0,6.264036,6.158018,0,0,0,0,0,0,0,0,0,0,6.230929,6.275699,0,0,6.479996,6.497237
128,0,0,0,0,0,0,0,0,6.423684,6.445052,6.459056,6.431857,0,0,0,0,0,0,0,0,0,0,0,0,0,0,0,0,0,0,0,0
129,0,0,6.317578,6.326296,6.189745,6.313233,6.354172,6.349635,0,0,0,0,0,0,0,0,6.182221,6.187076,0,0,0,0,0,0,0,0,0,0,0,0,0,0
130,5.67356,0,0,0,0,0,0,0,0,0,0,0,6.219312,6.374406,0,0,0,0,0,6.059585,0,0,0,0,5.856453,5.807345,0,0,6.132664,6.053236,0,0
131,0,5.830072,0,0,0,0,0,0,0,0,0,0,0,0,0,0,0,0,6.147548,0,0,0,0,0,0,0,0,0,0,0,0,0
132,0,0,0,0,0,0,0,0,0,0,0,0,0,0,0,0,0,0,0,0,0,0,6.383991,6.356907,0,0,0,0,0,0,0,0
133,0,0,0,0,0,0,0,0,0,0,0,0,0,0,5.891722,5.955162,0,0,0,0,6.419632,6.398254,0,0,0,0,6.226112,6.229687,0,0,6.561421,6.582134
134,0,0,0,0,0,0,0,0,6.234492,6.202879,6.208696,6.175027,0,0,0,0,0,0,0,0,0,0,0,0,0,0,0,0,0,0,0,0
135,5.486985,0,6.185211,6.187334,6.041446,6.092247,6.359532,6.292133,0,0,0,0,5.679162,0,0,0,6.218233,6.149667,0,0,0,0,0,0,5.763829,5.894437,0,0,0,0,0,0
136,0,5.686314,0,0,0,0,0,0,0,0,0,0,0,5.930707,0,0,0,0,5.992381,6.079895,0,0,0,0,0,0,0,0,6.074642,6.09963,0,0
137,0,0,0,0,0,0,0,0,0,0,0,0,0,0,0,0,0,0,0,0,0,0,0,0,0,0,0,0,0,0,0,0
138,0,0,0,0,0,0,0,0,0,0,0,0,0,0,0,0,0,0,0,0,0,0,6.269057,6.289519,0,0,0,0,0,0,0,0
139,0,0,0,0,0,0,0,0,0,0,0,0,0,0,5.943225,5.971963,0,0,0,0,6.392185,6.419839,0,0,0,0,6.306896,6.272088,0,0,6.275723,6.356978
140,0,0,0,6.128746,0,0,0,0,6.359727,6.32497,6.521971,6.498568,0,0,0,0,6.343517,0,0,0,0,0,0,0,5.675187,0,0,0,0,0,0,0
141,5.807357,0,6.200381,0,6.472959,6.453965,6.500304,6.555286,0,0,0,0,5.884842,5.789764,0,0,0,6.389825,0,0,0,0,0,0,0,5.726014,0,0,0,0,0,0
142,0,5.726769,0,0,0,0,0,0,0,0,0,0,0,0,0,0,0,0,6.331417,6.292266,0,0,0,0,0,0,0,0,6.307723,6.287816,0,0
143,0,0,0,0,0,0,0,0,0,0,0,0,0,0,0,0,0,0,0,0,0,0,0,0,0,0,0,0,0,0,0,0
144,0,0,0,0,0,0,0,0,0,0,0,0,0,0,6.01809,6.123158,0,0,0,0,6.118915,6.14953,6.480143,6.520576,0,0,0,0,0,0,0,0
145,0,0,0,0,0,0,0,0,0,0,0,0,0,0,0,0,0,0,0,0,0,0,0,0,0,0,6.091369,6.147105,0,0,6.368247,6.338466
146,5.499915,0,5.84273,5.912559,0,0,0,0,6.447638,6.490066,6.289596,6.295273,5.740886,0,0,0,6.167714,6.192697,0,0,0,0,0,0,5.768353,5.626672,0,0,0,0,0,0
147,0,5.546194,0,0,6.226447,6.136001,5.842063,5.919106,0,0,0,0,0,6.005375,0,0,0,0,0,0,0,0,0,0,0,0,0,0,0,0,0,0
148,0,0,0,0,0,0,0,0,0,0,0,0,0,0,0,0,0,0,6.083834,6.18231,0,0,0,0,0,0,0,0,6.085888,6.081925,0,0
149,0,0,0,0,0,0,0,0,0,0,0,0,0,0,0,0,0,0,0,0,0,0,0,0,0,0,0,0,0,0,0,0
150,0,0,0,0,0,0,0,0,0,0,0,0,0,0,5.662967,5.770438,0,0,0,0,6.196671,6.188027,6.34766,6.377197,0,0,6.126838,6.07993,0,0,0,0
151,5.759544,0,0,0,0,0,0,0,0,0,0,0,0,0,0,0,0,0,0,0,0,0,0,0,5.673024,0,0,0,0,0,6.37091,6.403557
152,0,5.765688,6.002406,6.004803,0,0,6.060499,0,6.344918,6.333581,6.379175,6.411437,5.816758,5.747772,0,0,6.059764,6.030606,0,0,0,0,0,0,0,5.729539,0,0,0,0,0,0
153,0,0,0,0,6.232965,6.318341,0,6.128917,0,0,0,0,0,0,0,0,0,0,0,0,0,0,0,0,0,0,0,0,0,6.298811,0,0
154,0,0,0,0,0,0,0,0,0,0,0,0,0,0,0,0,0,0,6.400016,6.336133,0,0,0,0,0,0,0,0,6.368625,0,0,0
155,0,0,0,0,0,0,0,0,0,0,0,0,0,0,5.82387,5.89943,0,0,0,0,0,0,0,0,0,0,0,0,0,0,0,0
156,0,0,0,0,0,0,0,0,0,0,0,0,0,0,0,0,0,0,0,0,6.107228,6.135998,6.258968,6.20203,0,0,6.278918,6.349946,0,0,0,0
157,5.669647,0,6.060499,6.079562,0,0,0,0,0,0,0,0,5.828492,0,0,0,0,0,0,0,0,0,0,0,5.678851,5.742949,0,0,0,0,6.304806,6.350446
158,0,5.560909,0,0,0,0,6.070949,5.957289,6.289357,6.159892,6.165771,6.153583,0,5.889431,0,0,6.134856,6.112,0,0,0,0,0,0,0,0,0,0,0,0,0,0
159,0,0,0,0,6.409241,6.396497,0,0,0,0,0,0,0,0,0,0,0,0,0,0,0,0,0,0,0,0,0,0,0,6.365042,0,0
160,0,0,0,0,0,0,0,0,0,0,0,0,0,0,0,0,0,0,6.29536,6.286274,0,0,0,0,0,0,0,0,6.342289,0,0,0
161,0,0,0,0,0,0,0,0,0,0,0,0,0,0,6.300028,6.043099,0,0,0,0,0,0,0,0,0,0,0,0,0,0,0,0
162,5.596442,0,0,0,0,0,0,0,0,0,0,0,0,0,0,0,0,0,0,0,6.383448,6.368188,6.500887,6.588374,5.856706,5.666186,6.364434,6.293155,0,0,0,0
163,0,5.454929,6.016107,6.005609,0,0,0,5.49289,0,0,0,0,5.671422,5.83225,0,0,0,0,0,0,0,0,0,0,0,0,0,0,0,0,6.111338,6.075008
164,0,0,0,0,0,0,5.9375,0,6.447594,6.586459,6.754073,6.776447,0,0,0,0,6.009277,6.004362,0,0,0,0,0,0,0,0,0,0,0,0,0,0
165,0,0,0,0,5.967646,5.980824,0,0,0,0,0,0,0,0,0,0,0,0,0,0,0,0,0,0,0,0,0,0,0,0,0,0
166,0,0,0,0,0,0,0,0,0,0,0,0,0,0,5.558419,5.561615,0,0,6.085787,6.092196,0,0,0,0,0,0,0,0,6.282224,6.300654,0,0
167,5.374134,0,0,0,0,0,0,0,0,0,0,0,0,0,0,0,0,0,0,0,0,0,0,0,5.376619,0,0,0,0,0,0,0
168,0,5.411222,0,0,0,0,0,0,0,0,0,0,5.283337,5.44856,0,0,0,0,0,0,6.181896,6.155342,6.029867,5.955072,0,5.700593,5.807403,5.736113,0,0,5.712559,5.692151
169,0,0,5.939189,5.987684,0,0,5.519166,5.875526,0,0,0,0,0,0,0,0,5.398914,5.543694,0,0,0,0,0,0,0,0,0,0,0,0,0,0
170,0,0,0,0,5.800519,5.824318,0,0,5.912661,5.891837,5.952589,5.947337,0,0,0,0,0,0,0,0,0,0,0,0,0,0,0,0,0,0,0,0
171,0,0,0,0,0,0,0,0,0,0,0,0,0,0,0,0,0,0,5.70532,5.746016,0,0,0,0,0,0,0,0,5.973054,5.95595,0,0
172,5.494642,0,0,0,0,0,0,0,0,0,0,0,0,0,5.84186,5.823545,0,0,0,0,0,0,0,0,0,0,0,0,0,0,0,0
173,0,5.416847,0,0,0,0,0,0,0,0,0,0,5.45934,0,0,0,0,0,0,0,0,0,0,0,5.861325,5.752079,0,0,0,0,0,0
174,0,0,0,0,0,0,0,0,0,0,0,0,0,5.573283,0,0,0,0,0,0,6.344182,6.30101,6.173524,6.165864,0,0,5.987364,6.09616,0,0,6.011837,6.011405
175,0,0,6.016756,6.042898,0,0,6.358013,6.218359,0,0,0,0,0,0,0,0,6.418645,6.391552,0,0,0,0,0,0,0,0,0,0,0,0,0,0
176,0,0,0,0,6.144865,6.079806,0,0,6.380697,6.279364,6.226543,6.294823,0,0,0,0,0,0,0,0,0,0,0,0,0,0,0,0,0,0,0,0
177,0,0,0,0,0,0,0,0,0,0,0,0,0,0,0,0,0,0,0,0,0,0,0,0,0,0,0,0,6.207277,6.25422,0,0
178,5.5951,0,0,0,0,0,0,0,0,0,0,0,5.791445,0,6.250109,6.238228,0,0,7.038341,7.065599,0,0,0,0,5.68135,0,0,0,0,0,0,0
179,0,5.613067,0,0,0,0,0,0,0,0,0,0,0,5.606755,0,0,0,0,0,0,0,0,0,0,0,5.616907,6.058556,0,0,0,0,0
180,0,0,6.213707,0,0,0,0,5.783218,0,0,0,0,0,0,0,0,0,0,0,0,6.113176,6.073866,6.275683,6.268945,0,0,0,6.088976,0,0,6.300519,6.337162
181,0,0,0,6.229542,0,0,5.841708,0,0,0,0,0,0,0,0,0,6.270066,6.083973,0,0,0,0,0,0,0,0,0,0,0,0,0,0
182,0,0,0,0,6.3228,6.400327,0,0,6.503577,6.569175,6.278493,6.230818,0,0,0,0,0,0,0,0,0,0,0,0,0,0,0,0,0,0,0,0
183,5.760239,0,0,0,0,0,0,0,0,0,0,0,0,0,0,0,0,0,0,0,0,0,0,0,0,0,0,0,6.430922,6.45467,0,0
184,0,5.520089,0,0,0,0,0,0,0,0,0,0,5.706423,0,6.245007,6.164635,0,0,6.281079,6.150645,0,0,0,0,5.937343,5.79974,0,0,0,0,0,0
185,0,0,0,0,0,0,0,0,0,0,0,0,0,5.586863,0,0,0,0,0,0,0,0,6.20286,0,0,0,6.146284,6.230099,0,0,0,0
186,0,0,0,0,0,0,5.785042,5.587553,0,0,0,0,0,0,0,0,0,0,0,0,6.302572,6.294506,0,6.277903,0,0,0,0,0,0,6.327793,6.273209
187,0,0,6.505671,6.428377,0,0,0,0,0,0,0,0,0,0,0,0,6.017562,6.077531,0,0,0,0,0,0,0,0,0,0,0,0,0,0
188,5.624063,0,0,0,6.394108,6.404657,0,0,6.43528,6.445813,6.344164,6.30458,0,0,0,0,0,0,0,0,0,0,0,0,0,0,0,0,0,0,0,0
189,0,5.543253,0,0,0,0,0,0,0,0,0,0,5.756944,0,0,0,0,0,0,0,0,0,0,0,0,0,0,0,6.321381,6.319907,0,0
190,0,0,0,0,0,0,0,0,0,0,0,0,0,5.718472,6.042619,6.131439,0,0,6.059194,6.1518,0,0,0,0,6.377458,6.137155,0,0,0,0,0,0
191,0,0,0,0,0,0,0,5.664657,0,0,0,0,0,0,0,0,0,0,0,0,0,0,0,0,0,0,5.685328,5.80602,0,0,0,0
192,0,0,0,6.202877,0,0,5.763447,0,0,0,0,0,0,0,0,0,0,0,0,0,6.314363,6.333239,6.27015,6.238413,0,0,0,0,0,0,6.43741,6.401509
193,0,0,6.248711,0,0,0,0,0,0,0,0,0,0,0,0,0,6.323766,6.297731,0,0,0,0,0,0,0,0,0,0,0,0,0,0
194,5.738695,5.544968,0,0,6.301303,6.312178,0,0,6.363842,6.395748,6.504226,6.541226,0,0,0,0,0,0,0,0,0,0,0,0,0,0,0,0,0,0,0,0
195,0,0,0,0,0,0,0,0,0,0,0,0,5.738147,5.821986,0,0,0,0,0,0,0,0,0,0,0,0,0,0,6.263667,6.198569,0,0
196,0,0,0,0,0,0,0,5.718872,0,0,0,0,0,0,6.353213,6.350913,0,0,6.370505,6.345926,0,0,0,0,6.257009,6.268729,5.824003,0,0,0,0,0
197,0,0,0,0,0,0,5.527129,0,0,0,0,0,0,0,0,0,0,0,0,0,0,0,6.033775,6.062241,0,0,0,6.034,0,0,0,0
198,0,0,0,0,0,0,0,0,0,0,0,0,0,0,0,0,0,0,0,0,6.332935,6.259379,0,0,0,0,0,0,0,0,6.60781,6.55714
199,5.683826,0,6.362765,6.394956,0,0,0,0,0,0,0,0,0,0,0,0,6.425438,6.403967,0,0,0,0,0,0,0,0,0,0,0,0,0,0
200,0,5.772979,0,0,6.344976,6.321041,0,0,6.4522,6.423639,6.337372,6.354239,5.630702,0,0,0,0,0,0,0,0,0,0,0,0,0,0,0,0,0,0,0
201,0,0,0,0,0,0,0,0,0,0,0,0,0,5.672035,6.165295,6.115881,0,0,0,0,0,0,0,0,0,0,0,0,6.345754,6.314261,0,0
202,0,0,0,0,0,0,5.78063,5.697162,0,0,0,0,0,0,0,0,0,0,6.312472,6.318673,0,0,0,0,6.208668,6.228712,5.658113,5.772869,0,0,0,0
203,0,0,0,0,0,0,0,0,0,0,0,0,0,0,0,0,0,0,0,0,0,0,6.36695,6.25464,0,0,0,0,0,0,0,0
204,0,0,0,0,0,0,0,0,0,0,0,0,0,0,0,0,0,0,0,0,6.313028,6.359079,0,0,0,0,0,0,0,0,6.282566,6.326853
205,6.016207,5.586817,6.558443,6.559444,0,0,0,0,0,0,0,5.528051,0,0,0,0,6.221158,6.222201,0,0,0,0,0,0,0,0,0,0,0,0,0,0
206,0,0,0,0,6.117705,6.071955,0,0,6.156782,6.163402,6.163704,0,5.806103,5.698057,0,0,0,0,0,0,0,0,0,0,0,0,0,0,0,0,0,0
207,0,0,0,0,0,0,0,5.423267,0,0,0,0,0,0,5.772449,5.790533,0,0,0,0,0,0,0,0,0,0,5.471344,5.578413,6.21049,6.211028,0,0
208,0,0,0,0,0,0,5.905335,0,0,0,0,0,0,0,0,0,0,0,6.50155,6.333829,0,0,0,0,6.19901,6.246714,0,0,0,0,0,0
209,0,0,0,0,0,0,0,0,0,0,0,0,0,0,0,0,0,0,0,0,0,0,6.21521,6.182095,0,0,0,0,0,0,0,0
210,0,0,0,0,0,0,0,0,0,0,0,0,0,0,0,0,0,0,0,0,6.25539,6.298964,0,0,0,0,0,0,0,0,6.213245,6.155979
211,6.27319,6.242804,6.315108,6.329568,0,0,0,0,0,0,5.815267,5.86432,5.614555,0,0,0,6.32024,6.306662,0,0,0,0,0,0,0,0,0,0,0,0,0,0
212,0,0,0,0,6.321692,6.364118,0,0,6.283429,6.318774,0,0,0,5.750019,0,0,0,0,0,0,0,0,0,0,0,0,5.566359,0,0,0,0,0
213,0,0,0,0,0,0,5.707599,5.709249,0,0,0,0,0,0,6.162664,6.240956,0,0,0,0,0,0,0,0,0,0,0,5.636205,6.254972,6.203562,0,0
214,0,0,0,0,0,0,0,0,0,0,0,0,0,0,0,0,0,0,5.887131,5.792055,0,0,0,0,6.151871,6.111258,0,0,0,0,0,0
215,0,0,0,0,0,0,0,0,0,0,0,0,0,0,0,0,0,0,0,0,0,0,0,0,0,0,0,0,0,0,0,0
216,0,0,0,0,0,0,0,0,0,0,5.674616,5.612295,5.631668,0,0,0,0,0,0,0,6.263581,6.219091,6.519288,6.480424,0,0,0,0,0,0,0,6.384931
217,6.228058,6.329416,6.394503,6.37636,0,0,0,0,0,0,0,0,0,5.636302,0,0,6.351956,6.350637,0,0,0,0,0,0,0,0,5.598092,0,0,0,6.331176,0
218,0,0,0,0,6.207499,6.210603,0,5.617433,6.292689,6.30465,0,0,0,0,6.136373,0,0,0,0,0,0,0,0,0,0,0,0,5.493965,0,0,0,0
219,0,0,0,0,0,0,5.565659,0,0,0,0,0,0,0,0,6.232062,0,0,0,5.843223,0,0,0,0,0,0,0,0,6.39287,6.398343,0,0
220,0,0,0,0,0,0,0,0,0,0,0,0,0,0,0,0,0,0,5.883748,0,0,0,0,0,6.224825,6.235606,0,0,0,0,0,0
221,0,0,0,0,0,0,0,0,0,0,0,0,0,0,0,0,0,0,0,0,0,0,0,0,0,0,0,0,0,0,0,0
222,0,0,0,0,0,0,0,0,0,0,5.810657,5.844069,5.689997,5.755978,0,0,0,0,0,0,6.303205,6.280072,6.454404,6.471206,0,0,0,0,0,0,6.186199,6.20113
223,6.570806,6.558969,6.312743,6.318723,0,0,0,5.656014,0,0,0,0,0,0,0,0,6.51507,6.506427,0,0,0,0,0,0,0,0,5.654409,5.538143,0,0,0,0
224,0,0,0,0,6.17572,6.263002,5.561365,0,6.083428,6.087222,0,0,0,0,5.670613,5.752765,0,0,0,0,0,0,0,0,0,0,0,0,0,0,0,0
225,0,0,0,0,0,0,0,0,0,0,0,0,0,0,0,0,0,0,5.856519,5.898129,0,0,0,0,0,0,0,0,6.458236,6.506033,0,0
226,0,0,0,0,0,0,0,0,0,0,0,0,0,0,0,0,0,0,0,0,0,0,0,0,6.326082,6.352208,0,0,0,0,0,0
227,0,0,0,0,0,0,0,0,0,0,5.648316,5.688885,5.682949,0,0,0,0,0,0,0,0,0,0,0,0,0,0,0,0,0,0,0
228,0,0,0,0,0,0,0,0,0,0,0,0,0,5.711129,0,0,0,0,0,0,0,0,6.429517,6.278676,0,0,5.850141,5.561698,0,0,6.488073,6.503329
229,6.104542,6.057189,6.332393,6.220036,0,0,5.549082,5.590954,6.146018,6.142213,0,0,0,0,5.704073,0,6.158068,6.15254,0,0,6.528159,6.560579,0,0,0,0,0,0,0,0,0,0
230,0,0,0,0,6.245545,6.146814,0,0,0,0,0,0,0,0,0,5.776277,0,0,0,5.619024,0,0,0,0,0,0,0,0,0,0,0,0
231,0,0,0,0,0,0,0,0,0,0,0,0,0,0,0,0,0,0,5.702818,0,0,0,0,0,0,0,0,0,6.23343,6.33597,0,0
232,0,0,0,0,0,0,0,0,0,0,0,5.801197,0,0,0,0,0,0,0,0,0,0,0,0,6.602272,6.552412,0,0,0,0,0,0
233,0,0,0,0,0,0,0,0,0,0,5.758457,0,5.656602,5.595697,0,0,0,0,0,0,0,0,0,0,0,0,0,0,0,0,0,0
234,0,0,0,0,0,0,0,5.527103,0,0,0,0,0,0,0,0,0,0,0,0,0,0,6.313927,6.347646,0,0,5.69894,5.825971,0,0,6.065674,6.13504
235,6.211964,6.143128,6.032635,6.193449,5.901969,5.894858,5.721553,0,5.892187,5.8816,0,0,0,0,5.59878,5.89963,6.158262,6.162598,0,0,6.244021,6.358905,0,0,0,0,0,0,0,0,0,0
236,0,0,0,0,0,0,0,0,0,0,0,0,0,0,0,0,0,0,5.689701,5.63952,0,0,0,0,0,0,0,0,0,0,0,0
237,0,0,0,0,0,0,0,0,0,0,0,0,0,0,0,0,0,0,0,0,0,0,0,0,0,0,0,0,0,0,0,0
238,0,0,0,0,0,0,0,0,0,0,5.597606,5.581269,5.603066,0,0,0,0,0,0,0,0,0,0,0,6.143837,6.203458,0,0,6.42653,6.333806,0,0
239,0,0,0,0,0,0,0,5.489528,0,0,0,0,0,5.766379,0,0,0,0,0,0,0,0,0,0,0,0,5.606857,0,0,0,0,0
240,0,0,0,0,0,0,0,0,0,0,0,0,0,0,5.744699,5.682634,0,0,0,0,6.068816,5.962515,5.938667,6.042128,0,0,0,5.738623,0,0,6.152319,6.165717
241,6.343248,6.356809,6.332372,6.314436,6.17714,6.217744,5.939278,0,6.321538,6.311061,0,0,0,0,0,0,6.195832,6.197943,5.68877,5.692277,0,0,0,0,0,0,0,0,0,0,0,0
242,0,0,0,0,0,0,0,0,0,0,0,0,0,0,0,0,0,0,0,0,0,0,0,0,0,0,0,0,0,0,0,0
243,0,0,0,0,0,0,0,0,0,0,5.719851,5.69977,5.693858,0,0,0,0,0,0,0,0,0,0,0,0,0,0,0,0,0,0,0
244,0,0,0,0,0,0,0,0,0,0,0,0,0,5.669798,0,0,0,0,0,0,0,0,0,0,6.212535,6.24829,0,0,6.352376,6.347011,0,0
245,0,0,0,0,0,0,0,5.670296,0,0,0,0,0,0,0,0,0,0,0,0,0,0,0,6.183468,0,0,5.700041,5.541165,0,0,0,0
246,0,0,0,0,0,0,5.685842,0,0,0,0,0,0,0,5.743222,5.64196,0,0,0,0,6.142248,6.19962,6.190701,0,0,0,0,0,0,0,6.374172,6.297636
247,6.492977,6.410573,6.168514,6.078834,0,0,0,0,6.494997,6.492597,0,0,0,0,0,0,6.398394,6.375219,6.199797,6.598793,0,0,0,0,0,0,0,0,0,0,0,0
248,0,0,0,0,6.682868,6.67195,0,0,0,0,0,0,0,0,0,0,0,0,0,0,0,0,0,0,0,0,0,0,0,0,0,0
249,0,0,0,0,0,0,0,0,0,0,5.825084,5.737572,5.718025,5.73846,0,0,0,0,0,0,0,0,0,0,0,0,0,0,0,0,0,0
250,0,0,0,0,0,0,0,5.715953,0,0,0,0,0,0,0,0,0,0,0,0,0,0,0,0,6.404054,6.346306,5.825079,5.861709,6.391035,6.264855,0,0
251,0,0,0,0,0,0,5.570998,0,0,0,0,0,0,0,5.743664,5.846481,0,0,0,0,0,0,0,6.369823,0,0,0,0,0,0,0,0
252,0,0,0,0,0,0,0,0,0,0,0,0,0,0,0,0,0,0,0,0,6.340873,6.267846,6.369034,0,0,0,0,0,0,0,6.274286,6.317274
253,6.364158,6.385624,6.090438,6.107135,0,0,0,0,6.407262,6.458113,0,0,0,0,0,0,6.318793,6.266264,6.295531,6.328829,0,0,0,0,0,0,0,0,0,0,0,0
254,0,0,0,0,6.503164,6.532582,0,0,0,0,0,5.881303,0,0,0,0,0,0,0,0,0,0,0,0,0,0,0,0,0,0,0,0
255,0,0,0,0,0,0,0,5.617061,0,0,5.900335,0,5.879246,5.829572,0,0,0,0,0,0,0,0,0,0,0,0,0,0,6.050695,0,0,0
256,0,0,0,0,0,0,0,0,0,0,0,0,0,0,5.723387,0,0,0,0,0,0,0,0,0,6.459247,6.381266,6.267966,5.888038,0,6.159407,0,0
257,0,0,0,0,0,0,5.667125,0,0,0,0,0,0,0,0,5.696343,0,0,0,0,0,0,0,0,0,0,0,0,0,0,0,0
258,0,0,0,6.139772,0,0,0,0,0,0,0,0,0,0,0,0,0,0,0,0,6.306436,6.304648,6.465769,6.442303,0,0,0,0,0,0,6.266069,0
259,6.173704,6.201481,6.134778,0,0,0,0,0,6.299318,6.305105,0,0,0,0,0,0,6.15849,6.141475,6.33158,6.296856,0,0,0,0,0,0,0,0,0,0,0,6.549585
260,0,0,0,0,6.127408,6.176299,0,0,0,0,5.709319,5.764297,5.659488,5.765714,0,0,0,0,0,0,0,0,0,0,0,0,0,0,0,0,0,0
261,0,0,0,0,0,0,0,5.478065,0,0,0,0,0,0,0,0,0,0,0,0,0,0,0,0,0,5.648047,0,0,6.17164,6.165308,0,0
262,0,0,0,0,0,0,5.520406,0,0,0,0,0,0,0,5.47525,5.630071,0,0,0,0,0,0,0,0,5.916072,0,6.024918,6.015327,0,0,0,0
263,0,0,0,0,0,0,0,0,0,0,0,0,0,0,0,0,0,0,0,0,0,0,0,0,0,0,0,0,0,0,0,0
264,0,0,6.131827,6.23772,0,0,0,0,0,0,0,0,0,0,0,0,0,0,0,0,6.513242,6.510456,6.625724,6.595149,0,0,0,0,0,0,6.371567,6.306488
265,6.165535,6.131951,0,0,0,0,0,0,0,0,0,5.706364,5.825113,0,0,0,5.974202,6.009631,6.249799,6.143613,0,0,0,0,0,0,0,0,0,0,0,0
266,0,0,0,0,6.321435,6.260635,0,5.592941,6.624354,6.557504,5.889587,0,0,5.84485,0,0,0,0,0,0,0,0,0,0,0,0,0,0,0,0,0,0
267,0,0,0,0,0,0,5.513933,0,0,0,0,0,0,0,5.856347,0,0,0,0,0,0,0,0,0,5.787518,5.623518,0,0,0,0,0,0
268,0,0,0,0,0,0,0,0,0,0,0,0,0,0,0,5.705601,0,0,0,0,0,0,0,0,0,0,6.32432,6.31839,6.687374,6.646192,0,0
269,0,0,0,0,0,0,0,0,0,0,0,0,0,0,0,0,0,0,0,0,0,0,0,0,0,0,0,0,0,0,0,0
270,0,0,6.240513,6.110465,0,0,0,0,0,0,0,0,0,0,0,0,0,0,0,0,6.320276,6.338215,6.304556,6.283147,0,0,0,0,0,0,6.167484,6.121361
271,6.339756,6.337135,0,0,0,0,0,5.538869,0,6.165844,5.671353,5.697283,5.629292,0,0,0,6.529656,6.454686,6.244841,6.268151,0,0,0,0,0,0,0,0,0,0,0,0
272,0,0,0,0,6.37382,6.379946,0,0,6.207211,0,0,0,0,5.855815,0,0,0,0,0,0,0,0,0,0,0,5.730606,0,0,0,0,0,0
273,0,0,0,0,0,0,5.60955,0,0,0,0,0,0,0,5.738178,5.847914,0,0,0,0,0,0,0,0,5.805286,0,0,0,0,6.119299,0,0
274,0,0,0,0,0,0,0,0,0,0,0,0,0,0,0,0,0,0,0,0,0,0,0,0,0,0,6.27537,6.296814,6.137633,0,0,0
275,0,0,0,0,0,0,0,0,0,0,0,0,0,0,0,0,0,0,0,0,0,0,0,0,0,0,0,0,0,0,0,0
276,0,0,6.158821,6.206757,0,0,0,0,0,0,0,5.839172,5.602068,0,0,0,0,0,0,0,6.394111,6.383315,6.279084,6.308728,0,0,0,0,0,0,6.318049,6.324847
277,6.234509,6.203294,0,0,0,0,0,5.707392,6.172023,6.179532,5.75903,0,0,5.704139,0,0,6.249744,6.224114,0,6.517275,0,0,0,0,0,5.711208,0,0,0,0,0,0
278,0,0,0,0,6.33427,6.321415,5.662454,0,0,0,0,0,0,0,5.880769,0,0,0,6.524955,0,0,0,0,0,5.708382,0,0,0,0,0,0,0
279,0,0,0,0,0,0,0,0,0,0,0,0,0,0,0,5.931116,0,0,0,0,0,0,0,0,0,0,0,0,6.305693,6.359238,0,0
280,0,0,0,0,0,0,0,0,0,0,0,0,0,0,0,0,0,0,0,0,0,0,0,0,0,0,6.236435,6.240301,0,0,0,0
281,0,0,0,0,0,0,0,0,0,0,0,5.644269,0,0,0,0,0,0,0,0,0,0,0,0,0,0,0,0,0,0,0,0
282,0,0,6.266711,6.189012,0,0,0,5.749917,0,0,5.710937,0,5.686171,5.601786,0,0,0,0,0,0,0,0,6.439929,6.431011,0,0,0,0,0,0,6.398027,6.389502
283,6.115036,6.163035,0,0,0,0,5.659182,0,0,0,0,0,0,0,0,0,6.171623,6.248563,6.246945,6.289438,6.373551,6.381876,0,0,0,5.804656,0,0,0,0,0,0
284,0,0,0,0,6.430251,6.437641,0,0,6.521332,6.504061,0,0,0,0,5.820873,5.913775,0,0,0,0,0,0,0,0,5.965993,0,0,0,0,0,0,0
285,0,0,0,0,0,0,0,0,0,0,0,0,0,0,0,0,0,0,0,0,0,0,0,0,0,0,0,0,0,0,0,0
286,0,0,0,0,0,0,0,0,0,0,0,0,0,0,0,0,0,0,0,0,0,0,0,0,0,0,6.608499,6.581697,6.599567,6.563774,0,0
287,0,0,0,0,0,0,0,5.553515,0,0,5.66296,5.746978,5.591171,0,0,0,0,0,0,0,0,0,0,0,0,0,0,0,0,0,0,0
288,0,0,5.944188,6.012039,0,0,0,0,0,0,0,0,0,5.900895,0,0,0,0,0,0,0,0,6.478588,6.410767,0,5.677975,0,0,0,0,0,0
289,6.263795,6.260778,0,0,0,0,5.598583,0,0,0,0,0,0,0,5.552431,0,6.470922,6.355709,6.100421,6.060324,6.704395,6.711582,0,0,5.809936,0,0,0,0,0,6.558728,6.696908
290,0,0,0,0,6.310735,6.209187,0,0,6.401476,6.487665,0,0,0,0,0,5.688326,0,0,0,0,0,0,0,0,0,0,0,0,0,0,0,0
291,0,0,0,0,0,0,0,0,0,0,0,0,0,0,0,0,0,0,0,0,0,0,0,0,0,0,0,0,0,0,0,0
292,0,0,0,0,0,0,0,0,0,0,0,5.714993,5.592259,0,0,0,0,0,0,0,0,0,0,0,0,0,6.637759,6.637199,6.369765,6.321898,0,0
293,0,0,5.988176,5.93724,0,0,0,5.592974,0,0,5.735788,0,0,5.630583,0,0,0,0,0,0,0,0,0,0,0,0,0,0,0,0,0,0
294,6.180519,0,0,0,0,0,5.633968,0,0,0,0,0,0,0,0,0,0,0,0,0,0,0,6.352114,6.378569,0,5.560316,0,0,0,0,0,6.165966
295,0,6.172142,0,0,0,0,0,0,0,0,0,0,0,0,5.641517,5.670816,6.417351,6.521524,6.365325,6.237335,6.165088,6.317694,0,0,5.724492,0,0,0,0,0,6.28032,0
296,0,0,0,0,6.055723,6.170976,0,0,6.444619,6.398208,0,0,0,0,0,0,0,0,0,0,0,0,0,0,0,0,0,0,0,0,0,0
297,0,0,0,0,0,0,0,0,0,0,0,0,0,0,0,0,0,0,0,0,0,0,0,0,0,0,0,0,0,0,0,0
298,0,0,0,0,0,0,0,5.636576,0,0,5.553805,5.62325,5.624079,0,0,0,0,0,0,0,0,0,0,0,0,0,6.343622,6.326318,6.304594,6.344743,0,0
299,0,0,5.92052,5.719481,0,0,5.542491,0,0,0,0,0,0,5.588088,0,0,0,0,0,0,0,0,0,0,0,5.549012,0,0,0,0,0,0
300,0,0,0,0,0,0,0,0,0,0,0,0,0,0,5.798104,0,0,0,0,0,5.803844,5.871472,6.204651,6.187684,5.556302,0,0,0,0,0,0,0
301,6.358851,6.373339,0,0,0,0,0,0,0,0,0,0,0,0,0,5.607076,6.525801,6.394927,6.28747,6.437177,0,0,0,0,0,0,0,0,0,0,6.706666,6.658176
302,0,0,0,0,6.401049,6.408047,0,0,6.610856,6.66093,0,0,0,0,0,0,0,0,0,0,0,0,0,0,0,0,0,0,0,0,0,0
303,0,0,0,0,0,0,0,5.678713,0,0,0,5.659711,5.797866,0,0,0,0,0,0,0,0,0,0,0,0,0,0,0,0,0,0,0
304,0,0,0,5.703886,0,0,5.502057,0,0,0,5.68749,0,0,5.723373,0,0,0,0,0,0,0,0,0,0,0,5.545772,6.214176,6.242127,6.218168,6.184749,0,0
305,0,0,5.974781,0,0,0,0,0,0,0,0,0,0,0,0,0,0,0,0,0,0,0,0,0,5.532327,0,0,0,0,0,0,0
306,0,0,0,0,0,0,0,0,0,0,0,0,0,0,5.777859,5.846422,0,0,0,0,5.660227,5.821713,6.183813,6.152539,0,0,0,0,0,0,0,0
307,6.387504,6.430608,0,0,6.177165,0,0,0,0,0,0,0,0,0,0,0,6.054821,6.182559,6.341724,6.390928,0,0,0,0,0,0,0,0,0,0,6.379497,6.361972
308,0,0,0,0,0,6.177638,0,0,6.503096,6.481749,0,0,0,0,0,0,0,0,0,0,0,0,0,0,0,0,0,0,0,0,0,0
309,0,0,0,5.759418,0,0,0,5.639391,0,0,5.752699,6.112521,5.613881,0,0,0,0,0,0,0,0,0,0,0,0,0,0,0,0,0,0,0
310,0,0,5.665357,0,0,0,5.606388,0,0,0,0,0,0,5.606079,0,0,0,0,0,0,0,0,0,0,5.565766,5.750457,6.421099,6.412396,6.30076,6.420125,0,0
311,0,0,0,0,0,0,0,0,0,0,0,0,0,0,5.785788,0,0,0,0,0,5.7945,5.803115,0,0,0,0,0,0,0,0,0,0
312,0,0,0,0,0,0,0,0,0,0,0,0,0,0,0,5.734809,0,0,0,0,0,0,6.186478,6.234424,0,0,0,0,0,0,0,0
313,6.252724,6.31009,0,0,6.212329,0,0,0,0,0,0,0,0,0,0,0,6.325059,6.329593,6.261244,6.222181,0,0,0,0,0,0,0,0,0,0,6.314357,6.301281
314,0,0,0,0,0,6.237093,0,5.684569,6.261201,6.279714,0,0,5.979288,0,0,0,0,0,0,0,0,0,0,0,0,0,0,0,0,0,0,0
315,0,0,0,5.768698,0,0,5.539294,0,0,0,6.12471,6.090234,0,5.687217,0,0,0,0,0,0,0,0,0,0,0,5.545216,0,0,5.576214,5.846585,0,0
316,0,0,5.822786,0,0,0,0,0,0,0,0,0,0,0,0,0,0,0,0,0,5.61148,0,0,0,5.595658,0,6.141913,6.195529,0,0,0,0
317,0,0,0,0,0,0,0,0,0,0,0,0,0,0,6.035881,5.938429,0,0,0,0,0,5.606098,0,0,0,0,0,0,0,0,0,0
318,5.661578,5.916981,0,0,0,0,0,0,0,0,0,0,0,0,0,0,0,6.200628,0,0,0,0,6.234722,6.238409,0,0,0,0,0,0,0,0
319,0,0,0,0,0,0,0,0,0,0,0,0,0,0,0,0,6.28218,0,6.41928,6.338035,0,0,0,0,0,0,0,0,0,0,6.538442,6.532512
320,0,0,0,0,6.415219,6.469309,5.724908,5.812747,6.349971,6.213351,0,0,5.759206,0,0,0,0,0,0,0,0,0,0,0,0,5.426703,0,0,5.660403,0,0,0
321,0,0,5.786518,6.253548,0,0,0,0,0,0,6.39617,6.385967,0,5.847157,0,0,0,0,0,0,0,0,0,0,5.671854,0,0,0,0,5.661242,0,0
322,0,0,0,0,0,0,0,0,0,0,0,0,0,0,0,0,0,0,0,0,5.699822,5.78349,0,0,0,0,6.191379,6.249136,0,0,0,0
323,0,0,0,0,0,0,0,0,0,0,0,0,0,0,5.708432,5.958808,0,0,0,0,0,0,0,0,0,0,0,0,0,0,0,0
324,5.821501,5.756463,0,0,0,0,0,0,0,0,0,0,0,0,0,0,0,0,0,0,0,0,6.317657,6.283831,0,0,0,0,0,0,0,0
325,0,0,0,0,0,0,0,5.746686,0,0,0,0,5.564158,0,0,0,6.304495,6.329611,6.341494,6.457627,0,0,0,0,0,0,0,0,0,0,6.338771,6.321675
326,0,0,0,0,6.481709,6.407826,5.801417,0,5.95267,6.053637,5.601466,0,0,5.884972,0,0,0,0,0,0,0,0,0,0,0,5.719934,0,0,5.588648,5.673358,0,0
327,0,0,6.160283,6.120024,0,0,0,0,0,0,0,6.143563,0,0,0,0,0,0,0,0,5.621721,5.530537,0,0,5.560929,0,0,0,0,0,0,0
328,0,0,0,0,0,0,0,0,0,0,0,0,0,0,5.811825,0,0,0,0,0,0,0,0,0,0,0,6.370919,6.257077,0,0,0,0
329,5.578634,5.647708,0,0,0,0,0,0,0,0,0,0,0,0,0,5.673525,0,0,0,0,0,0,0,0,0,0,0,0,0,0,0,0
330,0,0,0,0,0,0,0,5.673354,0,0,0,0,0,0,0,0,0,0,0,0,0,0,6.297896,6.307569,0,0,0,0,0,0,0,0
331,0,0,0,0,0,0,5.531449,0,0,0,0,0,5.64697,0,0,0,6.38589,6.39003,6.237132,6.252678,0,0,0,0,0,5.597692,0,0,5.717859,5.599278,6.462764,6.457166
332,0,0,6.035311,6.10515,6.162203,6.18221,0,0,6.201064,6.23686,5.718811,5.691981,0,5.96455,0,0,0,0,0,0,5.531515,0,0,0,5.481942,0,0,0,0,0,0,0
333,0,0,0,0,0,0,0,0,0,0,0,0,0,0,0,0,0,0,0,0,0,5.517059,0,0,0,0,0,0,0,0,0,0
334,5.689426,0,0,0,0,0,0,0,0,0,0,0,0,0,6.199124,5.743332,0,0,0,0,0,0,0,0,0,0,6.43628,6.447402,0,0,0,0
335,0,5.755517,0,0,0,0,0,0,0,0,0,0,0,0,0,0,0,0,0,0,0,0,0,0,0,0,0,0,0,0,0,0
336,0,0,0,0,0,0,0,6.035012,0,0,0,0,5.665932,0,0,0,6.139462,6.185292,0,0,0,0,6.483353,6.527854,0,5.546156,0,0,5.56049,0,0,0
337,0,0,0,0,6.049649,6.093211,5.963482,0,0,0,5.653264,0,0,5.464449,0,0,0,0,6.265755,6.249296,0,0,0,0,5.556915,0,0,0,0,5.557721,0,0
338,0,0,0,0,0,0,0,0,6.215316,6.181057,0,5.476336,0,0,0,0,0,0,0,0,5.657854,5.600971,0,0,0,0,0,0,0,0,6.68597,6.703931
339,5.289911,0,6.300736,6.280116,0,0,0,0,0,0,0,0,0,0,0,0,0,0,0,0,0,0,0,0,0,0,0,0,0,0,0,0
340,0,5.749464,0,0,0,0,0,0,0,0,0,0,0,0,6.236072,6.229064,0,0,0,0,0,0,0,0,0,0,5.949944,5.892269,0,0,0,0
341,0,0,0,0,0,0,0,5.431186,0,0,0,0,5.545151,0,0,0,0,0,0,0,0,0,5.799919,5.420787,0,5.592382,0,0,0,0,0,0
342,0,0,0,0,0,0,5.700315,0,0,0,0,0,0,5.295614,0,0,6.129686,6.12597,0,5.728039,0,0,0,0,5.376375,0,0,0,5.755963,5.645778,0,0
343,0,0,0,0,5.750564,5.760052,0,0,0,0,5.486604,5.694762,0,0,0,0,0,0,5.816082,0,5.751448,5.491866,0,0,0,0,0,0,0,0,5.819585,5.828795
344,5.491676,0,5.320879,5.809013,0,0,0,0,5.805924,5.893346,0,0,0,0,0,0,0,0,0,0,0,0,0,0,0,0,0,0,0,0,0,0
345,0,5.305724,0,0,0,0,0,0,0,0,0,0,0,0,5.36268,5.707295,0,0,0,0,0,0,0,0,0,0,5.54646,5.368498,0,0,0,0
346,0,0,0,0,0,0,0,0,0,0,0,0,0,0,0,0,0,0,0,0,0,0,0,5.287867,0,0,0,0,0,0,0,0
347,0,0,0,0,0,0,0,5.305319,0,0,0,0,5.441677,5.299298,0,0,0,0,0,0,0,0,5.47145,0,5.497263,5.313538,0,0,5.770812,0,0,0
348,0,0,0,0,0,0,5.423651,0,0,0,5.504138,5.533408,0,0,0,0,5.963927,6.016253,5.824794,5.96329,0,0,0,0,0,0,0,0,0,5.847613,0,0
349,0,0,5.705009,0,5.974502,5.927821,0,0,5.888162,5.878882,0,0,0,0,0,0,0,0,0,0,5.836482,5.843066,0,0,0,0,0,0,0,0,6.124881,6.028782
350,5.606004,0,0,5.862244,0,0,0,0,0,0,0,0,0,0,5.322798,0,0,0,0,0,0,0,0,0,0,0,0,5.85641,0,0,0,0
351,0,5.417624,0,0,0,0,0,0,0,0,0,0,0,0,0,5.711592,0,0,0,0,0,0,0,5.411548,0,0,6.021591,0,0,0,0,0
352,0,0,0,0,0,0,0,5.403154,0,0,0,0,5.551699,5.442126,0,0,0,0,0,0,0,0,5.905796,0,0,5.614305,0,0,0,0,0,0
353,0,0,0,0,0,0,5.821171,0,0,0,5.764764,0,0,0,0,0,0,0,0,0,0,0,0,0,5.637324,0,0,0,5.634805,5.564366,0,0
354,0,0,0,0,0,0,0,0,0,0,0,5.620813,0,0,0,0,5.918425,5.920659,5.933251,5.979966,0,0,0,0,0,0,0,0,0,0,0,0
355,5.570638,0,5.464885,5.521849,6.046347,6.114479,0,0,6.16434,6.140461,0,0,0,0,5.464914,0,0,0,0,0,5.932099,5.989631,0,0,0,0,0,0,0,0,6.297693,6.328282
356,0,5.471066,0,0,0,0,0,0,0,0,0,0,0,0,0,5.60577,0,0,0,0,0,0,0,0,0,0,5.532316,5.468997,0,0,0,0
357,0,0,0,0,0,0,0,5.562527,0,0,0,0,0,0,0,0,0,0,0,0,0,0,0,5.480311,0,5.585408,0,0,0,0,0,0
358,0,0,0,0,0,0,5.49544,0,0,0,5.535794,0,6.686813,6.216204,0,0,0,0,0,0,0,0,5.703689,0,5.426527,0,0,0,5.427085,5.45675,0,0
359,0,0,0,0,0,0,0,0,0,0,0,5.611049,0,0,0,0,5.702971,5.694023,5.493311,0,0,0,0,0,0,0,0,0,0,0,0,0
360,0,0,5.483257,0,5.523633,5.638814,0,0,0,0,0,0,0,0,0,0,0,0,0,5.660536,6.115221,6.083853,0,0,0,0,0,0,0,0,0,0
361,6.049602,5.645181,0,5.57067,0,0,0,0,5.985792,5.978612,0,0,0,0,5.568935,5.574976,0,0,0,0,0,0,0,0,0,0,5.631399,5.423404,0,0,0,0
362,0,0,0,0,0,0,0,5.525232,0,0,0,0,0,0,0,0,0,0,0,0,0,0,0,5.505177,0,5.579397,0,0,0,0,7.538004,7.759864
363,0,0,0,0,0,0,0,0,0,0,0,0,0,5.407374,0,0,0,0,0,0,0,0,5.676272,0,5.608568,0,0,0,5.672428,5.441637,0,0
364,0,0,0,0,0,0,5.437967,0,0,0,5.639119,5.526675,5.97926,0,0,0,0,0,0,0,0,0,0,0,0,0,0,0,0,0,0,0
365,0,0,5.616428,0,0,0,0,0,0,0,0,0,0,0,0,0,5.437181,5.913538,5.466088,5.729192,0,0,0,0,0,0,0,0,0,0,0,0
366,0,0,0,5.687961,6.040138,5.868002,0,0,6.168262,6.084707,0,0,0,0,5.468581,0,0,0,0,0,6.219938,6.285276,0,0,0,0,0,5.486801,0,0,0,0
367,5.982892,5.942008,0,0,0,0,0,0,0,0,0,0,0,0,0,5.750248,0,0,0,0,0,0,0,5.478806,0,0,5.615914,0,0,0,0,0
368,0,0,0,0,0,0,0,5.473698,0,0,0,0,0,0,0,0,0,0,0,0,0,0,0,0,5.604423,5.624804,0,0,0,0,6.249321,6.112646
369,0,0,0,0,0,0,5.54826,0,0,0,5.727707,0,5.629487,5.569597,0,0,0,0,0,0,0,0,5.849633,0,0,0,0,0,6.048619,5.99486,0,0
370,0,0,5.439963,0,0,0,0,0,0,0,0,5.740266,0,0,0,0,5.482135,0,5.541909,0,0,0,0,0,0,0,0,0,0,0,0,0
371,0,0,0,5.685238,0,0,0,0,0,0,0,0,0,0,5.533898,0,0,5.774526,0,5.854999,0,0,0,0,0,0,0,5.590771,0,0,0,0
372,0,0,0,0,6.318134,6.268294,0,0,0,6.203094,0,0,0,0,0,5.869286,0,0,0,0,6.159181,6.080381,0,5.612892,0,0,5.721325,0,0,0,0,0
373,5.90508,5.962046,0,0,0,0,0,5.662269,6.266262,0,0,0,0,0,0,0,0,0,0,0,0,0,0,0,0,5.620236,0,0,0,0,0,0
374,0,0,0,0,0,0,5.716425,0,0,0,0,0,0,5.757668,0,0,0,0,0,0,0,0,5.630331,0,5.628175,0,0,0,0,0,6.50573,6.426992
375,0,0,0,0,0,0,0,0,0,0,5.743285,5.904344,5.663562,0,0,0,5.519463,0,5.561231,0,0,0,0,0,0,0,0,0,6.05443,6.042973,0,0
376,0,0,5.793733,0,0,0,0,0,0,0,0,0,0,0,5.596947,0,0,5.808237,0,5.796119,0,0,0,0,0,0,0,0,0,0,0,0
377,0,0,0,5.473692,0,0,0,0,0,0,0,0,0,0,0,0,0,0,0,0,0,0,0,0,0,0,5.547075,5.783815,0,0,0,0
378,0,6.319896,0,0,6.341352,6.335299,0,0,5.793657,5.634612,0,0,0,0,0,5.577314,0,0,0,0,6.365594,6.250879,0,5.566945,0,5.650846,0,0,0,0,0,0
379,6.355782,0,0,0,0,0,0,5.824974,0,0,0,0,0,5.542727,0,0,0,0,0,0,0,0,0,0,5.666557,0,0,0,0,0,0,0
380,0,0,0,0,0,0,5.648429,0,0,0,5.81533,0,5.566672,0,0,0,5.753251,0,5.666617,0,0,0,5.655772,0,0,0,0,0,6.261528,6.235439,6.336789,6.373875
381,0,0,5.700136,0,0,0,0,0,0,0,0,5.659198,0,0,0,0,0,5.716929,0,5.717212,0,0,0,0,0,0,0,0,0,0,0,0
382,0,0,0,5.695836,0,0,0,0,0,0,0,0,0,0,5.691105,0,0,0,0,0,0,0,0,0,0,0,0,5.914892,0,0,0,0
383,0,0,0,0,0,0,0,0,0,5.830682,0,0,0,0,0,5.578315,0,0,0,0,0,0,0,5.501409,0,0,5.746445,0,0,0,0,0
384,0,6.268453,0,0,6.191197,6.201982,0,5.431839,5.893539,0,0,0,0,0,0,0,0,0,0,0,6.273086,6.300971,0,0,5.640171,5.740966,0,0,0,0,0,0
385,6.348497,0,0,0,0,0,5.734277,0,0,0,0,0,5.783616,5.742087,0,0,0,0,0,0,0,0,5.730966,0,0,0,0,0,0,0,0,0
386,0,0,0,0,0,0,0,0,0,0,5.762048,5.979224,0,0,0,0,5.730216,0,5.731347,0,0,0,0,0,0,0,0,0,6.191778,6.201184,6.299599,6.233072
387,0,0,5.59615,5.452194,0,0,0,0,0,0,0,0,0,0,5.888756,0,0,5.701767,0,5.472842,0,0,0,0,0,0,0,0,0,0,0,0
388,0,0,0,0,0,0,0,0,0,0,0,0,0,0,0,5.336906,0,0,0,0,0,0,0,5.714402,0,0,5.616203,5.836524,0,0,0,0
389,0,0,0,0,5.918176,5.898054,0,5.555514,6.031449,6.370644,0,0,0,0,0,0,0,0,0,0,0,0,0,0,0,5.746147,0,0,0,0,0,0
390,6.167435,6.115913,0,0,0,0,5.676549,0,0,0,0,0,0,5.784836,0,0,0,0,0,0,5.692029,5.967003,5.582259,0,5.770582,0,0,0,0,0,0,0
391,0,0,0,0,0,0,0,0,0,0,5.769799,0,5.883081,0,0,0,5.742947,0,5.783181,0,0,0,0,0,0,0,0,0,0,0,0,0
392,0,0,5.749088,0,0,0,0,0,0,0,0,5.601827,0,0,0,0,0,5.58971,0,5.565676,0,0,0,0,0,0,0,0,6.222843,6.236657,6.069295,6.042064
393,0,0,0,5.922224,0,0,0,0,0,0,0,0,0,0,5.688149,0,0,0,0,0,0,0,0,0,0,0,0,5.775361,0,0,0,0
394,0,0,0,0,0,0,0,5.455904,0,0,0,0,0,0,0,5.696052,0,0,0,0,0,0,0,5.608661,0,0,5.728087,0,0,0,0,0
395,0,0,0,0,5.966752,6.059641,0,0,6.095893,6.112477,0,0,0,0,0,0,0,0,0,0,5.746478,5.865418,0,0,5.741341,5.885366,0,0,0,0,0,0
396,5.917923,6.019458,0,0,0,0,5.561029,0,0,0,0,0,0,5.85627,0,0,0,0,0,0,0,0,5.609952,0,0,0,0,0,0,0,0,0
397,0,0,5.651295,0,0,0,0,0,0,0,6.186032,5.816137,5.872714,0,0,0,5.627322,5.669189,5.787186,5.700476,0,0,0,0,0,0,0,0,0,0,0,0
398,0,0,0,5.689137,0,0,0,0,0,0,0,0,0,0,5.611002,0,0,0,0,0,0,0,0,0,0,0,0,0,6.299524,6.258893,6.458108,6.449796
399,0,0,0,0,0,0,0,5.541063,0,0,0,0,0,0,0,5.617858,0,0,0,0,0,0,0,5.57109,0,0,5.878768,5.871125,0,0,0,0
400,0,0,0,0,0,0,0,0,0,0,0,0,0,0,0,0,0,0,0,0,5.663352,0,0,0,0,5.861847,0,0,0,0,0,0
401,0,0,0,0,6.15954,6.131832,5.631159,0,6.138144,6.123896,0,0,0,0,0,0,0,0,0,0,0,5.75152,5.862442,0,5.951645,0,0,0,0,0,0,0
402,6.300718,6.492074,0,0,0,0,0,0,0,0,0,0,5.774134,5.772102,0,0,5.491514,0,5.668115,0,0,0,0,0,0,0,0,0,0,0,0,0
403,0,0,5.730258,5.535136,0,0,0,0,0,0,6.012896,6.004118,0,0,5.610514,0,0,5.590571,0,5.757484,0,0,0,0,0,0,0,0,0,0,0,0
404,0,0,0,0,0,0,0,0,0,0,0,0,0,0,0,5.542356,0,0,0,0,0,0,0,5.777958,0,0,0,0,6.35166,6.335309,6.384386,6.449501
405,0,0,0,0,0,0,0,5.629262,0,0,0,0,0,0,0,0,0,0,0,0,0,0,0,0,0,0,6.178199,6.382553,0,0,0,0
406,0,0,0,0,6.120344,6.095201,5.670888,0,0,0,0,0,0,0,0,0,0,0,0,0,5.600581,5.639583,0,0,5.738095,5.828649,0,0,0,0,0,0
407,0,0,0,0,0,0,0,0,6.247176,6.1974,0,0,5.813778,5.755364,0,0,5.595836,0,0,0,0,0,5.714,0,0,0,0,0,0,0,0,0
408,6.353635,6.183461,5.725779,0,0,0,0,0,0,0,0,0,0,0,0,0,0,5.591864,5.738589,5.733087,0,0,0,0,0,0,0,0,0,0,0,0
409,0,0,0,5.752752,0,0,0,0,0,0,6.311903,6.266382,0,0,5.888835,0,0,0,0,0,0,0,0,0,0,0,0,0,0,0,0,0
410,0,0,0,0,0,0,0,5.619404,0,0,0,0,0,0,0,5.66328,0,0,0,0,0,0,0,5.686798,0,0,0,0,6.381626,6.426113,6.257875,6.23305
411,0,0,0,0,0,0,0,0,0,0,0,0,0,0,0,0,0,0,0,0,5.711811,0,0,0,0,0,6.336345,6.360328,0,0,0,0
412,0,0,0,0,0,0,5.617191,0,0,0,0,0,0,0,0,0,0,0,0,0,0,5.619407,5.749563,0,5.977252,5.991264,0,0,0,0,0,0
413,0,0,0,0,6.463977,6.520473,0,0,6.251601,6.299465,0,0,5.754545,6.032315,0,0,5.618028,5.644731,5.565762,5.506317,0,0,0,0,0,0,0,0,0,0,0,0
414,6.393116,6.394747,5.787958,5.646385,0,0,0,0,0,0,0,0,0,0,0,0,0,0,0,0,0,0,0,0,0,0,0,0,0,0,0,0
415,0,0,0,0,0,0,0,5.630991,0,0,6.394184,6.439662,0,0,5.774081,5.768874,0,0,0,0,0,0,0,5.710557,0,0,0,0,0,0,0,0
416,0,0,0,0,0,0,0,0,0,0,0,0,0,0,0,0,0,0,0,0,0,0,0,0,0,0,0,0,6.222011,6.237003,6.33972,6.348899
417,0,0,0,0,0,0,5.628098,0,0,0,0,0,0,0,0,0,0,0,0,0,5.823819,5.889603,5.65243,0,5.667095,5.608756,6.128137,6.129365,0,0,0,0
418,0,0,0,0,0,0,0,0,0,0,0,0,6.044515,0,0,0,5.672161,0,0,0,0,0,0,0,0,0,0,0,0,0,0,0
419,0,0,0,0,6.357532,6.287869,0,0,6.551878,6.470612,0,0,0,6.266295,0,0,0,5.758056,5.779951,5.844436,0,0,0,0,0,0,0,0,0,0,0,0
420,6.484402,6.509352,6.310704,5.947011,0,0,0,0,0,0,6.26542,6.275599,0,0,6.263408,5.877273,0,0,0,0,0,0,0,0,0,0,0,0,0,0,0,0
421,0,0,0,0,0,0,0,5.670033,0,0,0,0,0,0,0,0,0,0,0,0,0,0,0,5.797441,0,0,0,0,0,0,0,0
422,0,0,0,0,0,0,5.547842,0,0,0,0,0,0,0,0,0,0,0,0,0,5.624352,5.596148,0,0,0,0,0,0,6.376919,6.371914,6.111641,6.162323
423,0,0,0,0,0,0,0,0,0,0,0,0,0,0,0,0,5.650586,0,0,0,0,0,5.610866,0,5.717873,5.875047,6.454477,6.470531,0,0,0,0
424,0,0,0,0,0,0,0,0,0,0,0,0,0,0,0,0,0,5.683841,5.704527,5.649226,0,0,0,0,0,0,0,0,0,0,0,0
425,0,0,0,0,6.312714,6.362411,0,0,6.284288,6.321357,0,0,6.367855,6.332728,0,0,0,0,0,0,0,0,0,0,0,0,0,0,0,0,0,0
426,6.293483,6.281885,6.407115,6.342313,0,0,0,5.547867,0,0,0,0,0,0,0,0,0,0,0,0,0,0,0,5.63458,0,0,0,0,0,0,0,0
427,0,0,0,0,0,0,0,0,0,0,6.430438,6.395473,0,0,6.368355,6.346393,0,0,0,0,5.664148,0,0,0,0,0,0,0,0,0,0,0
428,0,0,0,0,0,0,5.630195,0,0,0,0,0,0,0,0,0,5.726154,0,0,0,0,5.721044,5.651746,0,5.826946,5.632694,0,0,6.268665,6.245877,6.266612,6.205556
429,0,0,0,0,0,0,0,0,0,0,0,0,0,0,0,0,0,5.605749,5.542398,5.601406,0,0,0,0,0,0,6.452023,6.432999,0,0,0,0
430,0,0,0,0,0,0,0,0,0,0,0,0,0,0,0,0,0,0,0,0,0,0,0,0,0,0,0,0,0,0,0,0
431,0,0,0,0,6.251852,6.296223,0,5.538419,6.244229,6.273529,0,0,6.474682,6.433151,0,0,0,0,0,0,0,0,0,5.62528,0,0,0,0,0,0,0,0
432,0,0,6.325513,6.327244,0,0,0,0,0,0,0,0,0,0,6.124435,6.106523,0,0,0,0,0,0,0,0,0,0,0,0,0,0,0,0
433,6.43225,6.490073,0,0,0,0,5.699145,0,0,0,6.279968,6.283439,0,0,0,0,0,0,0,0,5.737977,5.822786,5.622067,0,0,5.777944,0,0,0,0,0,0
434,0,0,0,0,0,0,0,0,0,0,0,0,0,0,0,0,5.594978,0,5.646636,0,0,0,0,0,5.792826,0,0,0,6.134966,6.054052,6.54138,6.500847
435,0,0,0,0,0,0,0,0,0,0,0,0,0,0,0,0,0,5.500107,0,5.636033,0,0,0,0,0,0,6.351081,6.340482,0,0,0,0
436,0,0,0,0,0,0,0,0,6.124325,0,0,0,0,0,0,0,0,0,0,0,0,0,0,0,0,0,0,0,0,0,0,0
437,0,0,0,0,6.404541,6.462215,0,5.679773,0,6.126637,0,0,6.503105,6.518606,0,0,0,0,0,0,0,0,0,5.580829,0,0,0,0,0,0,0,0
438,6.088194,6.016899,6.115907,6.155653,0,0,0,0,0,0,0,0,0,0,6.297511,6.265635,0,0,0,0,5.856319,0,0,0,0,0,0,0,0,0,0,0
439,0,0,0,0,0,0,5.518801,0,0,0,6.232175,6.240502,0,0,0,0,5.589307,0,0,0,0,5.908112,5.814086,0,5.878429,5.716367,0,0,0,0,0,0
440,0,0,0,0,0,0,0,0,0,0,0,0,0,0,0,0,0,5.635771,5.713446,5.730963,0,0,0,0,0,0,0,0,6.430175,6.527316,6.585085,6.601864
441,0,0,0,0,0,0,0,0,0,0,0,0,0,0,0,0,0,0,0,0,0,0,0,0,0,0,6.253777,6.25572,0,0,0,0
442,0,0,0,0,0,0,0,5.531002,0,0,0,0,0,0,0,0,0,0,0,0,0,0,0,5.577778,0,0,0,0,0,0,0,0
443,0,0,0,0,6.143886,6.072841,0,0,6.432694,6.377106,0,0,6.281993,6.334351,0,0,0,0,0,0,0,0,0,0,0,0,0,0,0,0,0,0
444,6.177918,6.187388,6.276014,6.262095,0,0,5.618717,0,0,0,0,0,0,0,6.289871,6.28248,0,0,0,0,5.690389,5.794056,5.655469,0,0,5.716668,0,0,0,0,0,0
445,0,0,0,0,0,0,0,0,0,0,6.558793,6.54277,0,0,0,0,5.681999,0,5.817688,0,0,0,0,0,5.798088,0,0,0,0,0,0,0
446,0,0,0,0,0,0,0,0,0,0,0,0,0,0,0,0,0,5.733818,0,5.616175,0,0,0,0,0,0,0,0,6.341571,6.276113,6.489615,6.421904
447,0,0,0,0,0,0,0,5.647666,0,0,0,0,0,0,0,0,0,0,0,0,0,0,0,5.695669,0,0,6.363958,6.349323,0,0,0,0
448,0,0,0,0,0,6.157552,0,0,5.919766,0,0,0,0,0,0,0,0,0,0,0,0,0,0,0,0,0,0,0,0,0,0,0
449,0,0,0,0,6.174658,0,5.4907,0,0,6.426163,0,0,6.405361,6.457716,0,0,0,0,0,0,5.755569,0,0,0,0,0,0,0,0,0,0,0
450,6.176511,6.260074,6.265736,6.35365,0,0,0,0,0,0,0,0,0,0,6.419015,6.356417,5.544052,0,0,0,0,5.653272,5.614504,0,5.617185,5.600748,0,0,0,0,0,0
451,0,0,0,0,0,0,0,0,0,0,6.483864,6.423222,0,0,0,0,0,5.556028,5.823721,5.827265,0,0,0,0,0,0,0,0,0,0,0,0
452,0,0,0,0,0,0,0,0,0,0,0,0,0,0,0,0,0,0,0,0,0,0,0,0,0,0,0,0,6.17403,6.227506,0,0
453,0,0,0,0,0,0,0,5.559751,0,0,0,0,0,0,0,0,0,0,0,0,0,0,0,5.790567,0,0,6.67264,6.639656,0,0,6.728444,6.725132
454,0,0,0,0,6.154881,6.192234,5.65443,0,5.654815,5.785715,0,0,0,0,0,0,0,0,0,0,0,0,0,0,0,0,0,0,0,0,0,0
455,0,0,0,0,0,0,0,0,0,0,0,0,6.185293,6.170558,0,0,5.659649,0,0,0,5.858714,5.674427,5.579712,0,5.725134,5.58698,0,0,0,0,0,0
456,6.115999,6.096421,6.133327,6.021269,0,0,0,0,0,0,0,0,0,0,6.34277,6.380704,0,5.556726,0,0,0,0,0,0,0,0,0,0,0,0,0,0
457,0,0,0,0,0,0,0,0,0,0,6.316492,6.366272,0,0,0,0,0,0,5.947953,5.994105,0,0,0,0,0,0,0,0,0,0,0,0
458,0,0,0,0,0,0,0,5.707959,0,0,0,0,0,0,0,0,0,0,0,0,0,0,0,0,0,0,0,0,6.161146,6.121629,6.229764,0
459,0,0,0,0,0,0,0,0,5.657828,0,0,0,0,0,0,0,0,0,0,0,0,0,0,5.791421,0,0,6.294841,6.355395,0,0,0,6.280458
460,0,0,0,0,6.161263,6.146214,5.560594,0,0,5.61559,0,0,0,0,0,0,0,0,0,0,0,0,5.681008,0,0,5.6669,0,0,0,0,0,0
461,0,0,0,6.355357,0,0,0,0,0,0,0,0,6.186571,6.044058,0,0,5.560405,0,0,0,5.919933,5.944865,0,0,5.533206,0,0,0,0,0,0,0
462,6.294198,6.304869,6.446133,0,0,0,0,0,0,0,0,0,0,0,6.407986,6.381065,0,5.539777,5.576656,0,0,0,0,0,0,0,0,0,0,0,0,0
463,0,0,0,0,0,0,0,0,0,0,6.517572,6.524248,0,0,0,0,0,0,0,5.771548,0,0,0,0,0,0,0,0,6.038978,6.017514,0,0
464,0,0,0,0,0,0,0,5.733231,0,0,0,0,0,0,0,0,0,0,0,0,0,0,0,5.683499,0,0,0,0,0,0,6.12203,6.17314
465,0,0,0,0,0,0,5.604346,0,5.674148,5.698682,0,0,0,0,0,0,0,0,0,0,0,0,0,0,0,5.633883,6.290407,6.274515,0,0,0,0
466,0,0,0,0,6.237815,6.293935,0,0,0,0,0,0,0,0,0,0,5.578015,0,0,0,5.756706,0,5.585536,0,5.504826,0,0,0,0,0,0,0
467,0,0,6.121591,6.210636,0,0,0,0,0,0,0,0,6.297334,6.352488,0,0,0,5.701354,0,0,0,5.847005,0,0,0,0,0,0,0,0,0,0
468,6.537342,6.37175,0,0,0,0,0,0,0,0,0,0,0,0,6.259037,6.212038,0,0,5.830222,5.806467,0,0,0,0,0,0,0,0,0,0,0,0
469,0,0,0,0,0,0,0,5.624829,0,0,6.411419,6.419848,0,0,0,0,0,0,0,0,0,0,0,5.589751,0,0,0,0,6.385459,0,0,0
470,0,0,0,0,0,0,5.639984,0,5.679585,0,0,0,0,0,0,0,0,0,0,0,0,0,0,0,0,0,0,0,0,6.452862,6.226911,6.268963
471,0,0,0,0,0,0,0,0,0,5.691854,0,0,0,0,0,0,5.669712,0,0,0,0,0,5.788296,0,5.598942,5.816338,6.360198,6.41834,0,0,0,0
472,0,0,0,0,6.311661,6.276141,0,0,0,0,0,0,0,0,0,0,0,5.734803,0,0,5.678665,5.770766,0,0,0,0,0,0,0,0,0,0
473,0,0,6.319755,6.373219,0,0,0,0,0,0,0,0,6.308252,6.300404,0,0,0,0,5.795341,0,0,0,0,0,0,0,0,0,0,0,0,0
474,6.233383,6.275347,0,0,0,0,0,5.657854,0,0,0,0,0,0,6.286299,6.358008,0,0,0,5.79612,0,0,0,0,0,0,0,0,0,0,0,0
475,0,0,0,0,0,0,5.355585,0,5.334782,0,5.823452,5.821951,0,0,0,0,0,0,0,0,0,0,0,5.827748,0,0,0,0,5.320567,5.511208,0,0
476,0,0,0,0,0,0,0,0,0,5.32078,0,0,0,0,0,0,5.339781,0,0,0,0,0,5.370723,0,5.233713,5.258604,0,5.526742,0,0,5.58559,5.519305
477,0,0,0,0,5.51302,5.482121,0,0,0,0,0,0,0,0,0,0,0,5.268014,0,0,5.35259,5.294218,0,0,0,0,5.546401,0,0,0,0,0
478,0,0,0,0,0,0,0,0,Null,Null,Null,Null,Null,Null,Null,Null,0,0,5.271663,0,0,0,0,0,Null,Null,Null,Null,Null,Null,Null,Null
479,Null,Null,Null,Null,Null,Null,Null,Null,Null,Null,Null,Null,Null,Null,Null,Null,0,0,0,5.216117,0,0,0,0,Null,Null,Null,Null,Null,Null,Null,Null