numpg,ceph01_ceph-osd.0.asok.txt,ceph01_ceph-osd.1.asok.txt,ceph01_ceph-osd.2.asok.txt,ceph01_ceph-osd.3.asok.txt,ceph01_ceph-osd.4.asok.txt,ceph01_ceph-osd.5.asok.txt,ceph01_ceph-osd.6.asok.txt,ceph01_ceph-osd.7.asok.txt,ceph02_ceph-osd.10.asok.txt,ceph02_ceph-osd.11.asok.txt,ceph02_ceph-osd.12.asok.txt,ceph02_ceph-osd.13.asok.txt,ceph02_ceph-osd.14.asok.txt,ceph02_ceph-osd.15.asok.txt,ceph02_ceph-osd.8.asok.txt,ceph02_ceph-osd.9.asok.txt,ceph03_ceph-osd.16.asok.txt,ceph03_ceph-osd.17.asok.txt,ceph03_ceph-osd.18.asok.txt,ceph03_ceph-osd.19.asok.txt,ceph03_ceph-osd.20.asok.txt,ceph03_ceph-osd.21.asok.txt,ceph03_ceph-osd.22.asok.txt,ceph03_ceph-osd.23.asok.txt,ceph04_ceph-osd.24.asok.txt,ceph04_ceph-osd.25.asok.txt,ceph04_ceph-osd.26.asok.txt,ceph04_ceph-osd.27.asok.txt,ceph04_ceph-osd.28.asok.txt,ceph04_ceph-osd.29.asok.txt,ceph04_ceph-osd.30.asok.txt,ceph04_ceph-osd.31.asok.txt
0,2990,3092,3097,3016,2987,3095,3038,3142,3063,3075,3074,3058,3051,3159,3088,2998,3113,2991,3067,3095,3060,3128,3079,3092,2991,3101,3041,3143,3075,3045,3142,3118
1,2990,3092,3097,3016,2987,3095,3038,3142,3063,3075,3074,3058,3051,3159,3088,2998,3113,2991,3067,3095,3060,3128,3079,3092,2991,3101,3041,3143,3075,3045,3142,3118
2,2990,3092,3097,3016,2987,3095,3038,3142,3063,3075,3074,3058,3051,3159,3088,2998,3113,2991,3067,3095,3060,3128,3079,3092,2991,3101,3041,3143,3075,3045,3142,3118
3,2990,3092,3097,3016,2987,3095,3038,3142,3063,3075,3074,3058,3051,3159,3088,2998,3113,2991,3067,3095,3060,3128,3079,3092,2991,3101,3041,3143,3075,3045,3142,3118
4,2990,3092,3097,3016,2987,3095,3038,3142,3063,3075,3074,3058,3051,3159,3088,2998,3113,2991,3067,3095,3060,3128,3079,3092,2991,3101,3041,3143,3075,3045,3142,3118
5,2990,3092,3097,3016,2987,3095,3038,3142,3063,3075,3074,3058,3051,3159,3088,2998,3113,2991,3067,3095,3060,3128,3079,3092,2991,3101,3041,3143,3075,3045,3142,3118
6,2990,3092,3097,3016,2987,3095,3038,3142,3063,3075,3074,3058,3051,3159,3088,2998,3113,2991,3067,3095,3060,3128,3079,3092,2991,3101,3041,3143,3075,3045,3142,3118
7,2990,3092,3097,3016,2987,3095,3038,3142,3063,3075,3074,3058,3051,3159,3088,2998,3113,2991,3067,3095,3060,3128,3079,3092,2991,3101,3041,3143,3075,3045,3142,3118
8,2990,3092,3097,3016,2987,3095,3038,3142,3063,3075,3074,3058,3051,3159,3088,2998,3113,2991,3067,3095,3060,3128,3079,3092,2991,3101,3041,3143,3075,3045,3142,3118
9,2990,3092,3097,3016,2987,3095,3038,3142,3063,3075,3074,3058,3051,3159,3088,2998,3113,2991,3067,3095,3060,3128,3079,3092,2991,3101,3041,3143,3075,3045,3142,3118
10,2990,3092,3097,3016,2987,3095,3038,3142,3063,3075,3074,3058,3051,3159,3088,2998,3113,2991,3067,3095,3060,3128,3079,3092,2991,3101,3041,3143,3075,3045,3142,3118
11,2990,3092,3097,3016,2987,3095,3038,3142,3063,3075,3074,3058,3051,3159,3088,2998,3113,2991,3067,3095,3060,3128,3079,3092,2991,3101,3041,3143,3075,3045,3142,3118
12,2990,3092,3097,3016,2987,3095,3038,3142,3063,3075,3074,3058,3051,3159,3088,2998,3113,2991,3067,3095,3060,3128,3079,3092,2991,3101,3041,3143,3075,3045,3142,3118
13,2990,3092,3097,3016,2987,3095,3038,3142,3063,3075,3074,3058,3051,3159,3088,2998,3113,2991,3067,3095,3060,3128,3079,3092,2991,3101,3041,3143,3075,3045,3142,3118
14,2990,3092,3097,3016,2987,3095,3038,3142,3063,3075,3074,3058,3051,3159,3088,2998,3113,2991,3067,3095,3060,3128,3079,3092,2991,3101,3041,3143,3075,3045,3142,3118
15,2990,3092,3097,3016,2987,3095,3038,3142,3063,3075,3074,3058,3051,3159,3088,2998,3113,2991,3067,3095,3060,3128,3079,3092,2991,3101,3041,3143,3075,3045,3142,3118
16,2990,3092,3097,3016,2987,3095,3038,3142,3063,3075,3074,3058,3051,3159,3088,2998,3113,2991,3067,3095,3060,3128,3079,3092,2991,3101,3041,3143,3075,3045,3142,3118
17,2990,3092,3097,3016,2987,3095,3038,3142,3063,3075,3074,3058,3051,3159,3088,2998,3113,2991,3067,3095,3060,3128,3079,3092,2991,3101,3041,3143,3075,3045,3142,3118
18,2990,3092,3097,3016,2987,3095,3038,3142,3063,3075,3074,3058,3051,3159,3088,2998,3113,2991,3067,3095,3060,3128,3079,3092,2991,3101,3041,3143,3075,3045,3142,3118
19,2990,3092,3097,3016,2987,3095,3038,3142,3063,3075,3074,3058,3051,3159,3088,2998,3113,2991,3067,3095,3060,3128,3079,3092,2991,3101,3041,3143,3075,3045,3142,3118
20,2990,3092,3097,3016,2987,3095,3038,3142,3063,3075,3074,3058,3051,3159,3088,2998,3113,2991,3067,3095,3060,3128,3079,3092,2991,3101,3041,3143,3075,3045,3142,3118
21,2990,3092,3097,3016,2987,3095,3038,3142,3063,3075,3074,3058,3051,3159,3088,2998,3113,2991,3067,3095,3060,3128,3079,3092,2991,3101,3041,3143,3075,3045,3142,3118
22,2990,3092,3097,3016,2987,3095,3038,3142,3063,3075,3074,3058,3051,3159,3088,2998,3113,2991,3067,3095,3060,3128,3079,3092,2991,3101,3041,3143,3075,3045,3142,3118
23,2990,3092,3097,3016,2987,3095,3038,3142,3063,3075,3074,3058,3051,3159,3088,2998,3113,2991,3067,3095,3060,3128,3079,3092,2991,3101,3041,3143,3075,3045,3142,3118
24,2990,3092,3097,3016,2987,3095,3038,3142,3063,3075,3074,3058,3051,3159,3088,2998,3113,2991,3067,3095,3060,3128,3079,3092,2991,3101,3041,3143,3075,3045,3142,3118
25,2990,3092,3097,3016,2987,3095,3038,3142,3063,3075,3074,3058,3051,3159,3088,2998,3113,2991,3067,3095,3060,3128,3079,3092,2991,3101,3041,3143,3075,3045,3142,3118
26,2990,3092,3097,3016,2987,3095,3038,3142,3063,3075,3074,3058,3051,3159,3088,2998,3113,2991,3067,3095,3060,3128,3079,3092,2991,3101,3041,3143,3075,3045,3142,3118
27,2990,3092,3097,3016,2987,3095,3038,3142,3063,3075,3074,3058,3051,3159,3088,2998,3113,2991,3067,3095,3060,3128,3079,3092,2991,3101,3041,3143,3075,3045,3142,3118
28,2990,3092,3097,3016,2987,3095,3038,3142,3063,3075,3074,3058,3051,3159,3088,2998,3113,2991,3067,3095,3060,3128,3079,3092,2991,3101,3041,3143,3075,3045,3142,3118
29,2990,3092,3097,3016,2987,3095,3038,3142,3063,3075,3074,3058,3051,3159,3088,2998,3113,2991,3067,3095,3060,3128,3079,3092,2991,3101,3041,3143,3075,3045,3142,3118
30,2990,3092,3097,3016,2987,3095,3038,3142,3063,3075,3074,3058,3051,3159,3088,2998,3113,2991,3067,3095,3060,3128,3079,3092,2991,3101,3041,3143,3075,3045,3142,3118
31,2990,3092,3097,3016,2987,3095,3038,3142,3063,3075,3074,3058,3051,3159,3088,2998,3113,2991,3067,3095,3060,3128,3079,3092,2991,3101,3041,3143,3075,3045,3142,3118
32,2990,3092,3097,3016,2987,3095,3038,3142,3063,3075,3074,3058,3051,3159,3088,2998,3113,2991,3067,3095,3060,3128,3079,3092,2991,3101,3041,3143,3075,3045,3142,3118
33,2990,3092,3097,3016,2987,3095,3038,3142,3063,3075,3074,3058,3051,3159,3088,2998,3113,2991,3067,3095,3060,3128,3079,3092,2991,3101,3041,3143,3075,3045,3142,3118
34,2990,3092,3097,3016,2987,3095,3038,3142,3063,3075,3074,3058,3051,3159,3088,2998,3113,2991,3067,3095,3060,3128,3079,3092,2991,3101,3041,3143,3075,3045,3142,3118
35,2990,3092,3097,3016,2987,3095,3038,3142,3063,3075,3074,3058,3051,3159,3088,2998,3113,2991,3067,3095,3060,3128,3079,3092,2991,3101,3041,3143,3075,3045,3142,3118
36,2990,3092,3097,3016,2987,3095,3038,3142,3063,3075,3074,3058,3051,3159,3088,2998,3113,2991,3067,3095,3060,3128,3079,3092,2991,3101,3041,3143,3075,3045,3142,3118
37,2990,3092,3097,3016,2987,3095,3038,3142,3063,3075,3074,3058,3051,3159,3088,2998,3113,2991,3067,3095,3060,3128,3079,3092,2991,3101,3041,3143,3075,3045,3142,3118
38,2990,3092,3097,3016,2987,3095,3038,3142,3063,3075,3074,3058,3051,3159,3088,2998,3113,2991,3067,3095,3060,3128,3079,3092,2991,3101,3041,3143,3075,3045,3142,3118
39,2990,3092,3097,3016,2987,3095,3038,3142,3063,3075,3074,3058,3051,3159,3088,2998,3113,2991,3067,3095,3060,3128,3079,3092,2991,3101,3041,3143,3075,3045,3142,3118
40,2990,3092,3097,3016,2987,3095,3038,3142,3063,3075,3074,3058,3051,3159,3088,2998,3113,2991,3067,3095,3060,3128,3079,3092,2991,3101,3041,3143,3075,3045,3142,3118
41,2990,3092,3097,3016,2987,3095,3038,3142,3063,3075,3074,3058,3051,3159,3088,2998,3113,2991,3067,3095,3060,3128,3079,3092,2991,3101,3041,3143,3075,3045,3142,3118
42,2990,3092,3097,3016,2987,3095,3038,3142,3063,3075,3074,3058,3051,3159,3088,2998,3113,2991,3067,3095,3060,3128,3079,3092,2991,3101,3041,3143,3075,3045,3142,3118
43,2990,3092,3097,3016,2987,3095,3038,3142,3063,3075,3074,3058,3051,3159,3088,2998,3113,2991,3067,3095,3060,3128,3079,3092,2991,3101,3041,3143,3075,3045,3142,3118
44,2990,3092,3097,3016,2987,3095,3038,3142,3063,3075,3074,3058,3051,3159,3088,2998,3113,2991,3067,3095,3060,3128,3079,3092,2991,3101,3041,3143,3075,3045,3142,3118
45,2990,3092,3097,3016,2987,3095,3038,3142,3063,3075,3074,3058,3051,3159,3088,2998,3113,2991,3067,3095,3060,3128,3079,3092,2991,3101,3041,3143,3075,3045,3142,3118
46,2990,3092,3097,3016,2987,3095,3038,3142,3063,3075,3074,3058,3051,3159,3088,2998,3113,2991,3067,3095,3060,3128,3079,3092,2991,3101,3041,3143,3075,3045,3142,3118
47,2990,3092,3097,3016,2987,3095,3038,3142,3063,3075,3074,3058,3051,3159,3088,2998,3113,2991,3067,3095,3060,3128,3079,3092,2991,3101,3041,3143,3075,3045,3142,3118
48,2990,3092,3097,3016,2987,3095,3038,3142,3063,3075,3074,3058,3051,3159,3088,2998,3113,2991,3067,3095,3060,3128,3079,3092,2991,3101,3041,3143,3075,3045,3142,3118
49,2990,3092,3097,3016,2987,3095,3038,3142,3063,3075,3074,3058,3051,3159,3088,2998,3113,2991,3067,3095,3060,3128,3079,3092,2991,3101,3041,3143,3075,3045,3142,3118
50,2990,3092,3097,3016,2987,3095,3038,3142,3063,3075,3074,3058,3051,3159,3088,2998,3113,2991,3067,3095,3060,3128,3079,3092,2991,3101,3041,3143,3075,3045,3142,3118
51,2990,3092,3097,3016,2987,3095,3038,3142,3063,3075,3074,3058,3051,3159,3088,2998,3113,2991,3067,3095,3060,3128,3079,3092,2991,3101,3041,3143,3075,3045,3142,3118
52,2990,3092,3097,3016,2987,3095,3038,3142,3063,3075,3074,3058,3051,3159,3088,2998,3113,2991,3067,3095,3060,3128,3079,3092,2991,3101,3041,3143,3075,3045,3142,3118
53,2990,3092,3097,3016,2987,3095,3038,3142,3063,3075,3074,3058,3051,3159,3088,2998,3113,2991,3067,3095,3060,3128,3079,3092,2991,3101,3041,3143,3075,3045,3142,3118
54,2990,3092,3097,3016,2987,3095,3038,3142,3063,3075,3074,3058,3051,3159,3088,2998,3113,2991,3067,3095,3060,3128,3079,3092,2991,3101,3041,3143,3075,3045,3142,3118
55,2990,3092,3097,3016,2987,3095,3038,3142,3063,3075,3074,3058,3051,3159,3088,2998,3113,2991,3067,3095,3060,3128,3079,3092,2991,3101,3041,3143,3075,3045,3142,3118
56,2990,3092,3097,3016,2987,3095,3038,3142,3063,3075,3074,3058,3051,3159,3088,2998,3113,2991,3067,3095,3060,3128,3079,3092,2991,3101,3041,3143,3075,3045,3142,3118
57,2990,3092,3097,3016,2987,3095,3038,3142,3063,3075,3074,3058,3051,3159,3088,2998,3113,2991,3067,3095,3060,3128,3079,3092,2991,3101,3041,3143,3075,3045,3142,3118
58,2990,3092,3097,3016,2987,3095,3038,3142,3063,3075,3074,3058,3051,3159,3088,2998,3113,2991,3067,3095,3060,3128,3079,3092,2991,3101,3041,3143,3075,3045,3142,3118
59,2990,3092,3097,3016,2987,3095,3038,3142,3063,3075,3074,3058,3051,3159,3088,2998,3113,2991,3067,3095,3060,3128,3079,3092,2991,3101,3041,3143,3075,3045,3142,3118
60,2990,3092,3097,3016,2987,3095,3038,3142,3063,3075,3074,3058,3051,3159,3088,2998,3113,2991,3067,3095,3060,3128,3079,3092,2991,3101,3041,3143,3075,3045,3142,3118
61,2990,3092,3097,3016,2987,3095,3038,3142,3063,3075,3074,3058,3051,3159,3088,2998,3113,2991,3067,3095,3060,3128,3079,3092,2991,3101,3041,3143,3075,3045,3142,3118
62,2990,3092,3097,3016,2987,3095,3038,3142,3063,3075,3074,3058,3051,3159,3088,2998,3113,2991,3067,3095,3060,3128,3079,3092,2991,3101,3041,3143,3075,3045,3142,3118
63,2990,3092,3097,3016,2987,3095,3038,3142,3063,3075,3074,3058,3051,3159,3088,2998,3113,2991,3067,3095,3060,3128,3079,3092,2991,3101,3041,3143,3075,3045,3142,3118
64,2990,3092,3097,3016,2987,3095,3038,3142,3063,3075,3074,3058,3051,3159,3088,2998,3113,2991,3067,3095,3060,3128,3079,3092,2991,3101,3041,3143,3075,3045,3142,3118
65,2990,3092,3097,3016,2987,3095,3038,3142,3063,3075,3074,3058,3051,3159,3088,2998,3113,2991,3067,3095,3060,3128,3079,3092,2991,3101,3041,3143,3075,3045,3142,3118
66,2990,3092,3097,3016,2987,3095,3038,3142,3063,3075,3074,3058,3051,3159,3088,2998,3113,2991,3067,3095,3060,3128,3079,3092,2991,3101,3041,3143,3075,3045,3142,3118
67,2990,3092,3097,3016,2987,3095,3038,3142,3063,3075,3074,3058,3051,3159,3088,2998,3113,2991,3067,3095,3060,3128,3079,3092,2991,3101,3041,3143,3075,3045,3142,3118
68,2990,3092,3097,3016,2987,3095,3038,3142,3063,3075,3074,3058,3051,3159,3088,2998,3113,2991,3067,3095,3060,3128,3079,3092,2991,3101,3041,3143,3075,3045,3142,3118
69,2990,3092,3097,3016,2987,3095,3038,3142,3063,3075,3074,3058,3051,3159,3088,2998,3113,2991,3067,3095,3060,3128,3079,3092,2991,3101,3041,3143,3075,3045,3142,3118
70,2990,3092,3097,3016,2987,3095,3038,3142,3063,3075,3074,3058,3051,3159,3088,2998,3113,2991,3067,3095,3060,3128,3079,3092,2991,3101,3041,3143,3075,3045,3142,3118
71,2990,3092,3097,3016,2987,3095,3038,3142,3063,3075,3074,3058,3051,3159,3088,2998,3113,2991,3067,3095,3060,3128,3079,3092,2991,3101,3041,3143,3075,3045,3142,3118
72,2990,3092,3097,3016,2987,3095,3038,3142,3063,3075,3074,3058,3051,3159,3088,2998,3113,2991,3067,3095,3060,3128,3079,3092,2991,3101,3041,3143,3075,3045,3142,3118
73,2990,3092,3097,3016,2987,3095,3038,3142,3063,3075,3074,3058,3051,3159,3088,2998,3113,2991,3067,3095,3060,3128,3079,3092,2991,3101,3041,3143,3075,3045,3142,3118
74,2990,3092,3097,3016,2987,3095,3038,3142,3063,3075,3074,3058,3051,3159,3088,2998,3113,2991,3067,3095,3060,3128,3079,3092,2991,3101,3041,3143,3075,3045,3142,3118
75,2990,3092,3097,3016,2987,3095,3038,3142,3063,3075,3074,3058,3051,3159,3088,2998,3113,2991,3067,3095,3060,3128,3079,3092,2991,3101,3041,3143,3075,3045,3142,3118
76,2990,3092,3097,3016,2987,3095,3038,3142,3063,3075,3074,3058,3051,3159,3088,2998,3113,2991,3067,3095,3060,3128,3079,3092,2991,3101,3041,3143,3075,3045,3142,3118
77,2990,3092,3097,3016,2987,3095,3038,3142,3063,3075,3074,3058,3051,3159,3088,2998,3113,2991,3067,3095,3060,3128,3079,3092,2991,3101,3041,3143,3075,3045,3142,3118
78,2990,3092,3097,3016,2987,3095,3038,3142,3063,3075,3074,3058,3051,3159,3088,2998,3113,2991,3067,3095,3060,3128,3079,3092,2991,3101,3041,3143,3075,3045,3142,3118
79,2990,3092,3097,3016,2987,3095,3038,3142,3063,3075,3074,3058,3051,3159,3088,2998,3113,2991,3067,3095,3060,3128,3079,3092,2991,3101,3041,3143,3075,3045,3142,3118
80,2990,3092,3097,3016,2987,3095,3038,3142,3063,3075,3074,3058,3051,3159,3088,2998,3113,2991,3067,3095,3060,3128,3079,3092,2991,3101,3041,3143,3075,3045,3142,3118
81,2990,3092,3097,3016,2987,3095,3038,3142,3063,3075,3074,3058,3051,3159,3088,2998,3113,2991,3067,3095,3060,3128,3079,3092,2991,3101,3041,3143,3075,3045,3142,3118
82,2990,3092,3097,3016,2987,3095,3038,3142,3063,3075,3074,3058,3051,3159,3088,2998,3113,2991,3067,3095,3060,3128,3079,3092,2991,3101,3041,3143,3075,3045,3142,3118
83,2990,3092,3097,3016,2987,3095,3038,3142,3063,3075,3074,3058,3051,3159,3088,2998,3113,2991,3067,3095,3060,3128,3079,3092,2991,3101,3041,3143,3075,3045,3142,3118
84,2990,3092,3097,3016,2987,3095,3038,3142,3063,3075,3074,3058,3051,3159,3088,2998,3113,2991,3067,3095,3060,3128,3079,3092,2991,3101,3041,3143,3075,3045,3142,3118
85,2990,3092,3097,3016,2987,3095,3038,3142,3063,3075,3074,3058,3051,3159,3088,2998,3113,2991,3067,3095,3060,3128,3079,3092,2991,3101,3041,3143,3075,3045,3142,3118
86,2990,3092,3097,3016,2987,3095,3038,3142,3063,3075,3074,3058,3051,3159,3088,2998,3113,2991,3067,3095,3060,3128,3079,3092,2991,3101,3041,3143,3075,3045,3142,3118
87,2990,3092,3097,3016,2987,3095,3038,3142,3063,3075,3074,3058,3051,3159,3088,2998,3113,2991,3067,3095,3060,3128,3079,3092,2991,3101,3041,3143,3075,3045,3142,3118
88,2990,3092,3097,3016,2987,3095,3038,3142,3063,3075,3074,3058,3051,3159,3088,2998,3113,2991,3067,3095,3060,3128,3079,3092,2991,3101,3041,3143,3075,3045,3142,3118
89,2990,3092,3097,3016,2987,3095,3038,3142,3063,3075,3074,3058,3051,3159,3088,2998,3113,2991,3067,3095,3060,3128,3079,3092,2991,3101,3041,3143,3075,3045,3142,3118
90,2990,3092,3097,3016,2987,3095,3038,3142,3063,3075,3074,3058,3051,3159,3088,2998,3113,2991,3067,3095,3060,3128,3079,3092,2991,3101,3041,3143,3075,3045,3142,3118
91,2990,3092,3097,3016,2987,3095,3038,3142,3063,3075,3074,3058,3051,3159,3088,2998,3113,2991,3067,3095,3060,3128,3079,3092,2991,3101,3041,3143,3075,3045,3142,3118
92,2990,3092,3097,3016,2987,3095,3038,3142,3063,3075,3074,3058,3051,3159,3088,2998,3113,2991,3067,3095,3060,3128,3079,3092,2991,3101,3041,3143,3075,3045,3142,3118
93,2990,3092,3097,3016,2987,3095,3038,3142,3063,3075,3074,3058,3051,3159,3088,2998,3113,2991,3067,3095,3060,3128,3079,3092,2991,3101,3041,3143,3075,3045,3142,3118
94,2990,3092,3097,3016,2987,3095,3038,3142,3063,3075,3074,3058,3051,3159,3088,2998,3113,2991,3067,3095,3060,3128,3079,3092,2991,3101,3041,3143,3075,3045,3142,3118
95,2990,3092,3097,3016,2987,3095,3038,3142,3063,3075,3074,3058,3051,3159,3088,2998,3113,2991,3067,3095,3060,3128,3079,3092,2991,3101,3041,3143,3075,3045,3142,3118
96,2990,3092,3097,3016,2987,3095,3038,3142,3063,3075,3074,3058,3051,3159,3088,2998,3113,2991,3067,3095,3060,3128,3079,3092,2991,3101,3041,3143,3075,3045,3142,3118
97,2990,3092,3097,3016,2987,3095,3038,3142,3063,3075,3074,3058,3051,3159,3088,2998,3113,2991,3067,3095,3060,3128,3079,3092,2991,3101,3041,3143,3075,3045,3142,3118
98,2990,3092,3097,3016,2987,3095,3038,3142,3063,3075,3074,3058,3051,3159,3088,2998,3113,2991,3067,3095,3060,3128,3079,3092,2991,3101,3041,3143,3075,3045,3142,3118
99,2990,3092,3097,3016,2987,3095,3038,3142,3063,3075,3074,3058,3051,3159,3088,2998,3113,2991,3067,3095,3060,3128,3079,3092,2991,3101,3041,3143,3075,3045,3142,3118
100,2990,3092,3097,3016,2987,3095,3038,3142,3063,3075,3074,3058,3051,3159,3088,2998,3113,2991,3067,3095,3060,3128,3079,3092,2991,3101,3041,3143,3075,3045,3142,3118
101,2990,3092,3097,3016,2987,3095,3038,3142,3063,3075,3074,3058,3051,3159,3088,2998,3113,2991,3067,3095,3060,3128,3079,3092,2991,3101,3041,3143,3075,3045,3142,3118
102,2990,3092,3097,3016,2987,3095,3038,3142,3063,3075,3074,3058,3051,3159,3088,2998,3113,2991,3067,3095,3060,3128,3079,3092,2991,3101,3041,3143,3075,3045,3142,3118
103,2990,3092,3097,3016,2987,3095,3038,3142,3063,3075,3074,3058,3051,3159,3088,2998,3113,2991,3067,3095,3060,3128,3079,3092,2991,3101,3041,3143,3075,3045,3142,3118
104,2990,3092,3097,3016,2987,3095,3038,3142,3063,3075,3074,3058,3051,3159,3088,2998,3113,2991,3067,3095,3060,3128,3079,3092,2991,3101,3041,3143,3075,3045,3142,3118
105,2990,3092,3097,3016,2987,3095,3038,3142,3063,3075,3074,3058,3051,3159,3088,2998,3113,2991,3067,3095,3060,3128,3079,3092,2991,3101,3041,3143,3075,3045,3142,3118
106,2990,3092,3097,3016,2987,3095,3038,3142,3063,3075,3074,3058,3051,3159,3088,2998,3113,2991,3067,3095,3060,3128,3079,3092,2991,3101,3041,3143,3075,3045,3142,3118
107,2990,3092,3097,3016,2987,3095,3038,3142,3063,3075,3074,3058,3051,3159,3088,2998,3113,2991,3067,3095,3060,3128,3079,3092,2991,3101,3041,3143,3075,3045,3142,3118
108,2990,3092,3097,3016,2987,3095,3038,3142,3063,3075,3074,3058,3051,3159,3088,2998,3113,2991,3067,3095,3060,3128,3079,3092,2991,3101,3041,3143,3075,3045,3142,3118
109,2990,3092,3097,3016,2987,3095,3038,3142,3063,3075,3074,3058,3051,3159,3088,2998,3113,2991,3067,3095,3060,3128,3079,3092,2991,3101,3041,3143,3075,3045,3142,3118
110,2990,3092,3097,3016,2987,3095,3038,3142,3063,3075,3074,3058,3051,3159,3088,2998,3113,2991,3067,3095,3060,3128,3079,3092,2991,3101,3041,3143,3075,3045,3142,3118
111,2990,3092,3097,3016,2987,3095,3038,3142,3063,3075,3074,3058,3051,3159,3088,2998,3113,2991,3067,3095,3060,3128,3079,3092,2991,3101,3041,3143,3075,3045,3142,3118
112,2990,3092,3097,3016,2987,3095,3038,3142,3063,3075,3074,3058,3051,3159,3088,2998,3113,2991,3067,3095,3060,3128,3079,3092,2991,3101,3041,3143,3075,3045,3142,3118
113,2990,3092,3097,3016,2987,3095,3038,3142,3063,3075,3074,3058,3051,3159,3088,2998,3113,2991,3067,3095,3060,3128,3079,3092,2991,3101,3041,3143,3075,3045,3142,3118
114,2990,3092,3097,3016,2987,3095,3038,3142,3063,3075,3074,3058,3051,3159,3088,2998,3113,2991,3067,3095,3060,3128,3079,3092,2991,3101,3041,3143,3075,3045,3142,3118
115,2990,3092,3097,3016,2987,3095,3038,3142,3063,3075,3074,3058,3051,3159,3088,2998,3113,2991,3067,3095,3060,3128,3079,3092,2991,3101,3041,3143,3075,3045,3142,3118
116,2990,3092,3097,3016,2987,3095,3038,3142,3063,3075,3074,3058,3051,3159,3088,2998,3113,2991,3067,3095,3060,3128,3079,3092,2991,3101,3041,3143,3075,3045,3142,3118
117,2990,3092,3097,3016,2987,3095,3038,3142,3063,3075,3074,3058,3051,3159,3088,2998,3113,2991,3067,3095,3060,3128,3079,3092,2991,3101,3041,3143,3075,3045,3142,3118
118,2990,3092,3097,3016,2987,3095,3038,3142,3063,3075,3074,3058,3051,3159,3088,2998,3113,2991,3067,3095,3060,3128,3079,3092,2991,3101,3041,3143,3075,3045,3142,3118
119,2990,3092,3097,3016,2987,3095,3038,3142,3063,3075,3074,3058,3051,3159,3088,2998,3113,2991,3067,3095,3060,3128,3079,3092,2991,3101,3041,3143,3075,3045,3142,3118
120,2990,3092,3097,3016,2987,3095,3038,3142,3063,3075,3074,3058,3051,3159,3088,2998,3113,2991,3067,3095,3060,3128,3079,3092,2991,3101,3041,3143,3075,3045,3142,3118
121,2990,3092,3097,3016,2987,3095,3038,3142,3063,3075,3074,3058,3051,3159,3088,2998,3113,2991,3067,3095,3060,3128,3079,3092,2991,3101,3041,3143,3075,3045,3142,3118
122,2990,3092,3097,3016,2987,3095,3038,3142,3063,3075,3074,3058,3051,3159,3088,2998,3113,2991,3067,3095,3060,3128,3079,3092,2991,3101,3041,3143,3075,3045,3142,3118
123,2990,3092,3097,3016,2987,3095,3038,3142,3063,3075,3074,3058,3051,3159,3088,2998,3113,2991,3067,3095,3060,3128,3079,3092,2991,3101,3041,3143,3075,3045,3142,3118
124,2990,3092,3097,3016,2987,3095,3038,3142,3063,3075,3074,3058,3051,3159,3088,2998,3113,2991,3067,3095,3060,3128,3079,3092,2991,3101,3041,3143,3075,3045,3142,3118
125,2990,3092,3097,3016,2987,3095,3038,3142,3063,3075,3074,3058,3051,3159,3088,2998,3113,2991,3067,3095,3060,3128,3079,3092,2991,3101,3041,3143,3075,3045,3142,3118
126,2990,3092,3097,3016,2987,3095,3038,3142,3063,3075,3074,3058,3051,3159,3088,2998,3113,2991,3067,3095,3060,3128,3079,3092,2991,3101,3041,3143,3075,3045,3142,3118
127,2990,3092,3097,3016,2987,3095,3038,3142,3063,3075,3074,3058,3051,3159,3088,2998,3113,2991,3067,3095,3060,3128,3079,3092,2991,3101,3041,3143,3075,3045,3142,3118
128,2990,3092,3097,3016,2987,3095,3038,3142,3063,3075,3074,3058,3051,3159,3088,2998,3113,2991,3067,3095,3060,3128,3079,3092,2991,3101,3041,3143,3075,3045,3142,3118
129,2990,3092,3097,3016,2987,3095,3038,3142,3063,3075,3074,3058,3051,3159,3088,2998,3113,2991,3067,3095,3060,3128,3079,3092,2991,3101,3041,3143,3075,3045,3142,3118
130,2990,3092,3097,3016,2987,3095,3038,3142,3063,3075,3074,3058,3051,3159,3088,2998,3113,2991,3067,3095,3060,3128,3079,3092,2991,3101,3041,3143,3075,3045,3142,3118
131,2990,3092,3097,3016,2987,3095,3038,3142,3063,3075,3074,3058,3051,3159,3088,2998,3113,2991,3067,3095,3060,3128,3079,3092,2991,3101,3041,3143,3075,3045,3142,3118
132,2990,3092,3097,3016,2987,3095,3038,3142,3063,3075,3074,3058,3051,3159,3088,2998,3113,2991,3067,3095,3060,3128,3079,3092,2991,3101,3041,3143,3075,3045,3142,3118
133,2990,3092,3097,3016,2987,3095,3038,3142,3063,3075,3074,3058,3051,3159,3088,2998,3113,2991,3067,3095,3060,3128,3079,3092,2991,3101,3041,3143,3075,3045,3142,3118
134,2990,3092,3097,3016,2987,3095,3038,3142,3063,3075,3074,3058,3051,3159,3088,2998,3113,2991,3067,3095,3060,3128,3079,3092,2991,3101,3041,3143,3075,3045,3142,3118
135,2990,3092,3097,3016,2987,3095,3038,3142,3063,3075,3074,3058,3051,3159,3088,2998,3113,2991,3067,3095,3060,3128,3079,3092,2991,3101,3041,3143,3075,3045,3142,3118
136,2990,3092,3097,3016,2987,3095,3038,3142,3063,3075,3074,3058,3051,3159,3088,2998,3113,2991,3067,3095,3060,3128,3079,3092,2991,3101,3041,3143,3075,3045,3142,3118
137,2990,3092,3097,3016,2987,3095,3038,3142,3063,3075,3074,3058,3051,3159,3088,2998,3113,2991,3067,3095,3060,3128,3079,3092,2991,3101,3041,3143,3075,3045,3142,3118
138,2990,3092,3097,3016,2987,3095,3038,3142,3063,3075,3074,3058,3051,3159,3088,2998,3113,2991,3067,3095,3060,3128,3079,3092,2991,3101,3041,3143,3075,3045,3142,3118
139,2990,3092,3097,3016,2987,3095,3038,3142,3063,3075,3074,3058,3051,3159,3088,2998,3113,2991,3067,3095,3060,3128,3079,3092,2991,3101,3041,3143,3075,3045,3142,3118
140,2990,3092,3097,3016,2987,3095,3038,3142,3063,3075,3074,3058,3051,3159,3088,2998,3113,2991,3067,3095,3060,3128,3079,3092,2991,3101,3041,3143,3075,3045,3142,3118
141,2990,3092,3097,3016,2987,3095,3038,3142,3063,3075,3074,3058,3051,3159,3088,2998,3113,2991,3067,3095,3060,3128,3079,3092,2991,3101,3041,3143,3075,3045,3142,3118
142,2990,3092,3097,3016,2987,3095,3038,3142,3063,3075,3074,3058,3051,3159,3088,2998,3113,2991,3067,3095,3060,3128,3079,3092,2991,3101,3041,3143,3075,3045,3142,3118
143,2990,3092,3097,3016,2987,3095,3038,3142,3063,3075,3074,3058,3051,3159,3088,2998,3113,2991,3067,3095,3060,3128,3079,3092,2991,3101,3041,3143,3075,3045,3142,3118
144,2990,3092,3097,3016,2987,3095,3038,3142,3063,3075,3074,3058,3051,3159,3088,2998,3113,2991,3067,3095,3060,3128,3079,3092,2991,3101,3041,3143,3075,3045,3142,3118
145,2990,3092,3097,3016,2987,3095,3038,3142,3063,3075,3074,3058,3051,3159,3088,2998,3113,2991,3067,3095,3060,3128,3079,3092,2991,3101,3041,3143,3075,3045,3142,3118
146,2990,3092,3097,3016,2987,3095,3038,3142,3063,3075,3074,3058,3051,3159,3088,2998,3113,2991,3067,3095,3060,3128,3079,3092,2991,3101,3041,3143,3075,3045,3142,3118
147,2990,3092,3097,3016,2987,3095,3038,3142,3063,3075,3074,3058,3051,3159,3088,2998,3113,2991,3067,3095,3060,3128,3079,3092,2991,3101,3041,3143,3075,3045,3142,3118
148,2990,3092,3097,3016,2987,3095,3038,3142,3063,3075,3074,3058,3051,3159,3088,2998,3113,2991,3067,3095,3060,3128,3079,3092,2991,3101,3041,3143,3075,3045,3142,3118
149,2990,3092,3097,3016,2987,3095,3038,3142,3063,3075,3074,3058,3051,3159,3088,2998,3113,2991,3067,3095,3060,3128,3079,3092,2991,3101,3041,3143,3075,3045,3142,3118
150,2990,3092,3097,3016,2987,3095,3038,3142,3063,3075,3074,3058,3051,3159,3088,2998,3113,2991,3067,3095,3060,3128,3079,3092,2991,3101,3041,3143,3075,3045,3142,3118
151,2990,3092,3097,3016,2987,3095,3038,3142,3063,3075,3074,3058,3051,3159,3088,2998,3113,2991,3067,3095,3060,3128,3079,3092,2991,3101,3041,3143,3075,3045,3142,3118
152,2990,3092,3097,3016,2987,3095,3038,3142,3063,3075,3074,3058,3051,3159,3088,2998,3113,2991,3067,3095,3060,3128,3079,3092,2991,3101,3041,3143,3075,3045,3142,3118
153,2990,3092,3097,3016,2987,3095,3038,3142,3063,3075,3074,3058,3051,3159,3088,2998,3113,2991,3067,3095,3060,3128,3079,3092,2991,3101,3041,3143,3075,3045,3142,3118
154,2990,3092,3097,3016,2987,3095,3038,3142,3063,3075,3074,3058,3051,3159,3088,2998,3113,2991,3067,3095,3060,3128,3079,3092,2991,3101,3041,3143,3075,3045,3142,3118
155,2990,3092,3097,3016,2987,3095,3038,3142,3063,3075,3074,3058,3051,3159,3088,2998,3113,2991,3067,3095,3060,3128,3079,3092,2991,3101,3041,3143,3075,3045,3142,3118
156,2990,3092,3097,3016,2987,3095,3038,3142,3063,3075,3074,3058,3051,3159,3088,2998,3113,2991,3067,3095,3060,3128,3079,3092,2991,3101,3041,3143,3075,3045,3142,3118
157,2990,3092,3097,3016,2987,3095,3038,3142,3063,3075,3074,3058,3051,3159,3088,2998,3113,2991,3067,3095,3060,3128,3079,3092,2991,3101,3041,3143,3075,3045,3142,3118
158,2990,3092,3097,3016,2987,3095,3038,3142,3063,3075,3074,3058,3051,3159,3088,2998,3113,2991,3067,3095,3060,3128,3079,3092,2991,3101,3041,3143,3075,3045,3142,3118
159,2990,3092,3097,3016,2987,3095,3038,3142,3063,3075,3074,3058,3051,3159,3088,2998,3113,2991,3067,3095,3060,3128,3079,3092,2991,3101,3041,3143,3075,3045,3142,3118
160,2990,3092,3097,3016,2987,3095,3038,3142,3063,3075,3074,3058,3051,3159,3088,2998,3113,2991,3067,3095,3060,3128,3079,3092,2991,3101,3041,3143,3075,3045,3142,3118
161,2990,3092,3097,3016,2987,3095,3038,3142,3063,3075,3074,3058,3051,3159,3088,2998,3113,2991,3067,3095,3060,3128,3079,3092,2991,3101,3041,3143,3075,3045,3142,3118
162,2990,3092,3097,3016,2987,3095,3038,3142,3063,3075,3074,3058,3051,3159,3088,2998,3113,2991,3067,3095,3060,3128,3079,3092,2991,3101,3041,3143,3075,3045,3142,3118
163,2990,3092,3097,3016,2987,3095,3038,3142,3063,3075,3074,3058,3051,3159,3088,2998,3113,2991,3067,3095,3060,3128,3079,3092,2991,3101,3041,3143,3075,3045,3142,3118
164,2990,3092,3097,3016,2987,3095,3038,3142,3063,3075,3074,3058,3051,3159,3088,2998,3113,2991,3067,3095,3060,3128,3079,3092,2991,3101,3041,3143,3075,3045,3142,3118
165,2990,3092,3097,3016,2987,3095,3038,3142,3063,3075,3074,3058,3051,3159,3088,2998,3113,2991,3067,3095,3060,3128,3079,3092,2991,3101,3041,3143,3075,3045,3142,3118
166,2990,3092,3097,3016,2987,3095,3038,3142,3063,3075,3074,3058,3051,3159,3088,2998,3113,2991,3067,3095,3060,3128,3079,3092,2991,3101,3041,3143,3075,3045,3142,3118
167,2990,3092,3097,3016,2987,3095,3038,3142,3063,3075,3074,3058,3051,3159,3088,2998,3113,2991,3067,3095,3060,3128,3079,3092,2991,3101,3041,3143,3075,3045,3142,3118
168,2990,3092,3097,3016,2987,3095,3038,3142,3063,3075,3074,3058,3051,3159,3088,2998,3113,2991,3067,3095,3060,3128,3079,3092,2991,3101,3041,3143,3075,3045,3142,3118
169,2990,3092,3097,3016,2987,3095,3038,3142,3063,3075,3074,3058,3051,3159,3088,2998,3113,2991,3067,3095,3060,3128,3079,3092,2991,3101,3041,3143,3075,3045,3142,3118
170,2990,3092,3097,3016,2987,3095,3038,3142,3063,3075,3074,3058,3051,3159,3088,2998,3113,2991,3067,3095,3060,3128,3079,3092,2991,3101,3041,3143,3075,3045,3142,3118
171,2990,3092,3097,3016,2987,3095,3038,3142,3063,3075,3074,3058,3051,3159,3088,2998,3113,2991,3067,3095,3060,3128,3079,3092,2991,3101,3041,3143,3075,3045,3142,3118
172,2990,3092,3097,3016,2987,3095,3038,3142,3063,3075,3074,3058,3051,3159,3088,2998,3113,2991,3067,3095,3060,3128,3079,3092,2991,3101,3041,3143,3075,3045,3142,3118
173,2990,3092,3097,3016,2987,3095,3038,3142,3063,3075,3074,3058,3051,3159,3088,2998,3113,2991,3067,3095,3060,3128,3079,3092,2991,3101,3041,3143,3075,3045,3142,3118
174,2990,3092,3097,3016,2987,3095,3038,3142,3063,3075,3074,3058,3051,3159,3088,2998,3113,2991,3067,3095,3060,3128,3079,3092,2991,3101,3041,3143,3075,3045,3142,3118
175,2990,3092,3097,3016,2987,3095,3038,3142,3063,3075,3074,3058,3051,3159,3088,2998,3113,2991,3067,3095,3060,3128,3079,3092,2991,3101,3041,3143,3075,3045,3142,3118
176,2990,3092,3097,3016,2987,3095,3038,3142,3063,3075,3074,3058,3051,3159,3088,2998,3113,2991,3067,3095,3060,3128,3079,3092,2991,3101,3041,3143,3075,3045,3142,3118
177,2990,3092,3097,3016,2987,3095,3038,3142,3063,3075,3074,3058,3051,3159,3088,2998,3113,2991,3067,3095,3060,3128,3079,3092,2991,3101,3041,3143,3075,3045,3142,3118
178,2990,3092,3097,3016,2987,3095,3038,3142,3063,3075,3074,3058,3051,3159,3088,2998,3113,2991,3067,3095,3060,3128,3079,3092,2991,3101,3041,3143,3075,3045,3142,3118
179,2990,3092,3097,3016,2987,3095,3038,3142,3063,3075,3074,3058,3051,3159,3088,2998,3113,2991,3067,3095,3060,3128,3079,3092,2991,3101,3041,3143,3075,3045,3142,3118
180,2990,3092,3097,3016,2987,3095,3038,3142,3063,3075,3074,3058,3051,3159,3088,2998,3113,2991,3067,3095,3060,3128,3079,3092,2991,3101,3041,3143,3075,3045,3142,3118
181,2990,3092,3097,3016,2987,3095,3038,3142,3063,3075,3074,3058,3051,3159,3088,2998,3113,2991,3067,3095,3060,3128,3079,3092,2991,3101,3041,3143,3075,3045,3142,3118
182,2990,3092,3097,3016,2987,3095,3038,3142,3063,3075,3074,3058,3051,3159,3088,2998,3113,2991,3067,3095,3060,3128,3079,3092,2991,3101,3041,3143,3075,3045,3142,3118
183,2990,3092,3097,3016,2987,3095,3038,3142,3063,3075,3074,3058,3051,3159,3088,2998,3113,2991,3067,3095,3060,3128,3079,3092,2991,3101,3041,3143,3075,3045,3142,3118
184,2990,3092,3097,3016,2987,3095,3038,3142,3063,3075,3074,3058,3051,3159,3088,2998,3113,2991,3067,3095,3060,3128,3079,3092,2991,3101,3041,3143,3075,3045,3142,3118
185,2990,3092,3097,3016,2987,3095,3038,3142,3063,3075,3074,3058,3051,3159,3088,2998,3113,2991,3067,3095,3060,3128,3079,3092,2991,3101,3041,3143,3075,3045,3142,3118
186,2990,3092,3097,3016,2987,3095,3038,3142,3063,3075,3074,3058,3051,3159,3088,2998,3113,2991,3067,3095,3060,3128,3079,3092,2991,3101,3041,3143,3075,3045,3142,3118
187,2990,3092,3097,3016,2987,3095,3038,3142,3063,3075,3074,3058,3051,3159,3088,2998,3113,2991,3067,3095,3060,3128,3079,3092,2991,3101,3041,3143,3075,3045,3142,3118
188,2990,3092,3097,3016,2987,3095,3038,3142,3063,3075,3074,3058,3051,3159,3088,2998,3113,2991,3067,3095,3060,3128,3079,3092,2991,3101,3041,3143,3075,3045,3142,3118
189,2990,3092,3097,3016,2987,3095,3038,3142,3063,3075,3074,3058,3051,3159,3088,2998,3113,2991,3067,3095,3060,3128,3079,3092,2991,3101,3041,3143,3075,3045,3142,3118
190,2990,3092,3097,3016,2987,3095,3038,3142,3063,3075,3074,3058,3051,3159,3088,2998,3113,2991,3067,3095,3060,3128,3079,3092,2991,3101,3041,3143,3075,3045,3142,3118
191,2990,3092,3097,3016,2987,3095,3038,3142,3063,3075,3074,3058,3051,3159,3088,2998,3113,2991,3067,3095,3060,3128,3079,3092,2991,3101,3041,3143,3075,3045,3142,3118
192,2990,3092,3097,3016,2987,3095,3038,3142,3063,3075,3074,3058,3051,3159,3088,2998,3113,2991,3067,3095,3060,3128,3079,3092,2991,3101,3041,3143,3075,3045,3142,3118
193,2990,3092,3097,3016,2987,3095,3038,3142,3063,3075,3074,3058,3051,3159,3088,2998,3113,2991,3067,3095,3060,3128,3079,3092,2991,3101,3041,3143,3075,3045,3142,3118
194,2990,3092,3097,3016,2987,3095,3038,3142,3063,3075,3074,3058,3051,3159,3088,2998,3113,2991,3067,3095,3060,3128,3079,3092,2991,3101,3041,3143,3075,3045,3142,3118
195,2990,3092,3097,3016,2987,3095,3038,3142,3063,3075,3074,3058,3051,3159,3088,2998,3113,2991,3067,3095,3060,3128,3079,3092,2991,3101,3041,3143,3075,3045,3142,3118
196,2990,3092,3097,3016,2987,3095,3038,3142,3063,3075,3074,3058,3051,3159,3088,2998,3113,2991,3067,3095,3060,3128,3079,3092,2991,3101,3041,3143,3075,3045,3142,3118
197,2990,3092,3097,3016,2987,3095,3038,3142,3063,3075,3074,3058,3051,3159,3088,2998,3113,2991,3067,3095,3060,3128,3079,3092,2991,3101,3041,3143,3075,3045,3142,3118
198,2990,3092,3097,3016,2987,3095,3038,3142,3063,3075,3074,3058,3051,3159,3088,2998,3113,2991,3067,3095,3060,3128,3079,3092,2991,3101,3041,3143,3075,3045,3142,3118
199,2990,3092,3097,3016,2987,3095,3038,3142,3063,3075,3074,3058,3051,3159,3088,2998,3113,2991,3067,3095,3060,3128,3079,3092,2991,3101,3041,3143,3075,3045,3142,3118
200,2990,3092,3097,3016,2987,3095,3038,3142,3063,3075,3074,3058,3051,3159,3088,2998,3113,2991,3067,3095,3060,3128,3079,3092,2991,3101,3041,3143,3075,3045,3142,3118
201,2990,3092,3097,3016,2987,3095,3038,3142,3063,3075,3074,3058,3051,3159,3088,2998,3113,2991,3067,3095,3060,3128,3079,3092,2991,3101,3041,3143,3075,3045,3142,3118
202,2990,3092,3097,3016,2987,3095,3038,3142,3063,3075,3074,3058,3051,3159,3088,2998,3113,2991,3067,3095,3060,3128,3079,3092,2991,3101,3041,3143,3075,3045,3142,3118
203,2990,3092,3097,3016,2987,3095,3038,3142,3063,3075,3074,3058,3051,3159,3088,2998,3113,2991,3067,3095,3060,3128,3079,3092,2991,3101,3041,3143,3075,3045,3142,3118
204,2990,3092,3097,3016,2987,3095,3038,3142,3063,3075,3074,3058,3051,3159,3088,2998,3113,2991,3067,3095,3060,3128,3079,3092,2991,3101,3041,3143,3075,3045,3142,3118
205,2990,3092,3097,3016,2987,3095,3038,3142,3063,3075,3074,3058,3051,3159,3088,2998,3113,2991,3067,3095,3060,3128,3079,3092,2991,3101,3041,3143,3075,3045,3142,3118
206,2990,3092,3097,3016,2987,3095,3038,3142,3063,3075,3074,3058,3051,3159,3088,2998,3113,2991,3067,3095,3060,3128,3079,3092,2991,3101,3041,3143,3075,3045,3142,3118
207,2990,3092,3097,3016,2987,3095,3038,3142,3063,3075,3074,3058,3051,3159,3088,2998,3113,2991,3067,3095,3060,3128,3079,3092,2991,3101,3041,3143,3075,3045,3142,3118
208,2990,3092,3097,3016,2987,3095,3038,3142,3063,3075,3074,3058,3051,3159,3088,2998,3113,2991,3067,3095,3060,3128,3079,3092,2991,3101,3041,3143,3075,3045,3142,3118
209,2990,3092,3097,3016,2987,3095,3038,3142,3063,3075,3074,3058,3051,3159,3088,2998,3113,2991,3067,3095,3060,3128,3079,3092,2991,3101,3041,3143,3075,3045,3142,3118
210,2990,3092,3097,3016,2987,3095,3038,3142,3063,3075,3074,3058,3051,3159,3088,2998,3113,2991,3067,3095,3060,3128,3079,3092,2991,3101,3041,3143,3075,3045,3142,3118
211,2990,3092,3097,3016,2987,3095,3038,3142,3063,3075,3074,3058,3051,3159,3088,2998,3113,2991,3067,3095,3060,3128,3079,3092,2991,3101,3041,3143,3075,3045,3142,3118
212,2990,3092,3097,3016,2987,3095,3038,3142,3063,3075,3074,3058,3051,3159,3088,2998,3113,2991,3067,3095,3060,3128,3079,3092,2991,3101,3041,3143,3075,3045,3142,3118
213,2990,3092,3097,3016,2987,3095,3038,3142,3063,3075,3074,3058,3051,3159,3088,2998,3113,2991,3067,3095,3060,3128,3079,3092,2991,3101,3041,3143,3075,3045,3142,3118
214,2990,3092,3097,3016,2987,3095,3038,3142,3063,3075,3074,3058,3051,3159,3088,2998,3113,2991,3067,3095,3060,3128,3079,3092,2991,3101,3041,3143,3075,3045,3142,3118
215,2990,3092,3097,3016,2987,3095,3038,3142,3063,3075,3074,3058,3051,3159,3088,2998,3113,2991,3067,3095,3060,3128,3079,3092,2991,3101,3041,3143,3075,3045,3142,3118
216,2990,3092,3097,3016,2987,3095,3038,3142,3063,3075,3074,3058,3051,3159,3088,2998,3113,2991,3067,3095,3060,3128,3079,3092,2991,3101,3041,3143,3075,3045,3142,3118
217,2990,3092,3097,3016,2987,3095,3038,3142,3063,3075,3074,3058,3051,3159,3088,2998,3113,2991,3067,3095,3060,3128,3079,3092,2991,3101,3041,3143,3075,3045,3142,3118
218,2990,3092,3097,3016,2987,3095,3038,3142,3063,3075,3074,3058,3051,3159,3088,2998,3113,2991,3067,3095,3060,3128,3079,3092,2991,3101,3041,3143,3075,3045,3142,3118
219,2990,3092,3097,3016,2987,3095,3038,3142,3063,3075,3074,3058,3051,3159,3088,2998,3113,2991,3067,3095,3060,3128,3079,3092,2991,3101,3041,3143,3075,3045,3142,3118
220,2990,3092,3097,3016,2987,3095,3038,3142,3063,3075,3074,3058,3051,3159,3088,2998,3113,2991,3067,3095,3060,3128,3079,3092,2991,3101,3041,3143,3075,3045,3142,3118
221,2990,3092,3097,3016,2987,3095,3038,3142,3063,3075,3074,3058,3051,3159,3088,2998,3113,2991,3067,3095,3060,3128,3079,3092,2991,3101,3041,3143,3075,3045,3142,3118
222,2990,3092,3097,3016,2987,3095,3038,3142,3063,3075,3074,3058,3051,3159,3088,2998,3113,2991,3067,3095,3060,3128,3079,3092,2991,3101,3041,3143,3075,3045,3142,3118
223,2990,3092,3097,3016,2987,3095,3038,3142,3063,3075,3074,3058,3051,3159,3088,2998,3113,2991,3067,3095,3060,3128,3079,3092,2991,3101,3041,3143,3075,3045,3142,3118
224,2990,3092,3097,3016,2987,3095,3038,3142,3063,3075,3074,3058,3051,3159,3088,2998,3113,2991,3067,3095,3060,3128,3079,3092,2991,3101,3041,3143,3075,3045,3142,3118
225,2990,3092,3097,3016,2987,3095,3038,3142,3063,3075,3074,3058,3051,3159,3088,2998,3113,2991,3067,3095,3060,3128,3079,3092,2991,3101,3041,3143,3075,3045,3142,3118
226,2990,3092,3097,3016,2987,3095,3038,3142,3063,3075,3074,3058,3051,3159,3088,2998,3113,2991,3067,3095,3060,3128,3079,3092,2991,3101,3041,3143,3075,3045,3142,3118
227,2990,3092,3097,3016,2987,3095,3038,3142,3063,3075,3074,3058,3051,3159,3088,2998,3113,2991,3067,3095,3060,3128,3079,3092,2991,3101,3041,3143,3075,3045,3142,3118
228,2990,3092,3097,3016,2987,3095,3038,3142,3063,3075,3074,3058,3051,3159,3088,2998,3113,2991,3067,3095,3060,3128,3079,3092,2991,3101,3041,3143,3075,3045,3142,3118
229,2990,3092,3097,3016,2987,3095,3038,3142,3063,3075,3074,3058,3051,3159,3088,2998,3113,2991,3067,3095,3060,3128,3079,3092,2991,3101,3041,3143,3075,3045,3142,3118
230,2990,3092,3097,3016,2987,3095,3038,3142,3063,3075,3074,3058,3051,3159,3088,2998,3113,2991,3067,3095,3060,3128,3079,3092,2991,3101,3041,3143,3075,3045,3142,3118
231,2990,3092,3097,3016,2987,3095,3038,3142,3063,3075,3074,3058,3051,3159,3088,2998,3113,2991,3067,3095,3060,3128,3079,3092,2991,3101,3041,3143,3075,3045,3142,3118
232,2990,3092,3097,3016,2987,3095,3038,3142,3063,3075,3074,3058,3051,3159,3088,2998,3113,2991,3067,3095,3060,3128,3079,3092,2991,3101,3041,3143,3075,3045,3142,3118
233,2990,3092,3097,3016,2987,3095,3038,3142,3063,3075,3074,3058,3051,3159,3088,2998,3113,2991,3067,3095,3060,3128,3079,3092,2991,3101,3041,3143,3075,3045,3142,3118
234,2990,3092,3097,3016,2987,3095,3038,3142,3063,3075,3074,3058,3051,3159,3088,2998,3113,2991,3067,3095,3060,3128,3079,3092,2991,3101,3041,3143,3075,3045,3142,3118
235,2990,3092,3097,3016,2987,3095,3038,3142,3063,3075,3074,3058,3051,3159,3088,2998,3113,2991,3067,3095,3060,3128,3079,3092,2991,3101,3041,3143,3075,3045,3142,3118
236,2990,3092,3097,3016,2987,3095,3038,3142,3063,3075,3074,3058,3051,3159,3088,2998,3113,2991,3067,3095,3060,3128,3079,3092,2991,3101,3041,3143,3075,3045,3142,3118
237,2990,3092,3097,3016,2987,3095,3038,3142,3063,3075,3074,3058,3051,3159,3088,2998,3113,2991,3067,3095,3060,3128,3079,3092,2991,3101,3041,3143,3075,3045,3142,3118
238,2990,3092,3097,3016,2987,3095,3038,3142,3063,3075,3074,3058,3051,3159,3088,2998,3113,2991,3067,3095,3060,3128,3079,3092,2991,3101,3041,3143,3075,3045,3142,3118
239,2990,3092,3097,3016,2987,3095,3038,3142,3063,3075,3074,3058,3051,3159,3088,2998,3113,2991,3067,3095,3060,3128,3079,3092,2991,3101,3041,3143,3075,3045,3142,3118
240,2990,3092,3097,3016,2987,3095,3038,3142,3063,3075,3074,3058,3051,3159,3088,2998,3113,2991,3067,3095,3060,3128,3079,3092,2991,3101,3041,3143,3075,3045,3142,3118
241,2990,3092,3097,3016,2987,3095,3038,3142,3063,3075,3074,3058,3051,3159,3088,2998,3113,2991,3067,3095,3060,3128,3079,3092,2991,3101,3041,3143,3075,3045,3142,3118
242,2990,3092,3097,3016,2987,3095,3038,3142,3063,3075,3074,3058,3051,3159,3088,2998,3113,2991,3067,3095,3060,3128,3079,3092,2991,3101,3041,3143,3075,3045,3142,3118
243,2990,3092,3097,3016,2987,3095,3038,3142,3063,3075,3074,3058,3051,3159,3088,2998,3113,2991,3067,3095,3060,3128,3079,3092,2991,3101,3041,3143,3075,3045,3142,3118
244,2990,3092,3097,3016,2987,3095,3038,3142,3063,3075,3074,3058,3051,3159,3088,2998,3113,2991,3067,3095,3060,3128,3079,3092,2991,3101,3041,3143,3075,3045,3142,3118
245,2990,3092,3097,3016,2987,3095,3038,3142,3063,3075,3074,3058,3051,3159,3088,2998,3113,2991,3067,3095,3060,3128,3079,3092,2991,3101,3041,3143,3075,3045,3142,3118
246,2990,3092,3097,3016,2987,3095,3038,3142,3063,3075,3074,3058,3051,3159,3088,2998,3113,2991,3067,3095,3060,3128,3079,3092,2991,3101,3041,3143,3075,3045,3142,3118
247,2990,3092,3097,3016,2987,3095,3038,3142,3063,3075,3074,3058,3051,3159,3088,2998,3113,2991,3067,3095,3060,3128,3079,3092,2991,3101,3041,3143,3075,3045,3142,3118
248,2990,3092,3097,3016,2987,3095,3038,3142,3063,3075,3074,3058,3051,3159,3088,2998,3113,2991,3067,3095,3060,3128,3079,3092,2991,3101,3041,3143,3075,3045,3142,3118
249,2990,3092,3097,3016,2987,3095,3038,3142,3063,3075,3074,3058,3051,3159,3088,2998,3113,2991,3067,3095,3060,3128,3079,3092,2991,3101,3041,3143,3075,3045,3142,3118
250,2990,3092,3097,3016,2987,3095,3038,3142,3063,3075,3074,3058,3051,3159,3088,2998,3113,2991,3067,3095,3060,3128,3079,3092,2991,3101,3041,3143,3075,3045,3142,3118
251,2990,3092,3097,3016,2987,3095,3038,3142,3063,3075,3074,3058,3051,3159,3088,2998,3113,2991,3067,3095,3060,3128,3079,3092,2991,3101,3041,3143,3075,3045,3142,3118
252,2990,3092,3097,3016,2987,3095,3038,3142,3063,3075,3074,3058,3051,3159,3088,2998,3113,2991,3067,3095,3060,3128,3079,3092,2991,3101,3041,3143,3075,3045,3142,3118
253,2990,3092,3097,3016,2987,3095,3038,3142,3063,3075,3074,3058,3051,3159,3088,2998,3113,2991,3067,3095,3060,3128,3079,3092,2991,3101,3041,3143,3075,3045,3142,3118
254,2990,3092,3097,3016,2987,3095,3038,3142,3063,3075,3074,3058,3051,3159,3088,2998,3113,2991,3067,3095,3060,3128,3079,3092,2991,3101,3041,3143,3075,3045,3142,3118
255,2990,3092,3097,3016,2987,3095,3038,3142,3063,3075,3074,3058,3051,3159,3088,2998,3113,2991,3067,3095,3060,3128,3079,3092,2991,3101,3041,3143,3075,3045,3142,3118
256,2990,3092,3097,3016,2987,3095,3038,3142,3063,3075,3074,3058,3051,3159,3088,2998,3113,2991,3067,3095,3060,3128,3079,3092,2991,3101,3041,3143,3075,3045,3142,3118
257,2990,3092,3097,3016,2987,3095,3038,3142,3063,3075,3074,3058,3051,3159,3088,2998,3113,2991,3067,3095,3060,3128,3079,3092,2991,3101,3041,3143,3075,3045,3142,3118
258,2990,3092,3097,3016,2987,3095,3038,3142,3063,3075,3074,3058,3051,3159,3088,2998,3113,2991,3067,3095,3060,3128,3079,3092,2991,3101,3041,3143,3075,3045,3142,3118
259,2990,3092,3097,3016,2987,3095,3038,3142,3063,3075,3074,3058,3051,3159,3088,2998,3113,2991,3067,3095,3060,3128,3079,3092,2991,3101,3041,3143,3075,3045,3142,3118
260,2990,3092,3097,3016,2987,3095,3038,3142,3063,3075,3074,3058,3051,3159,3088,2998,3113,2991,3067,3095,3060,3128,3079,3092,2991,3101,3041,3143,3075,3045,3142,3118
261,2990,3092,3097,3016,2987,3095,3038,3142,3063,3075,3074,3058,3051,3159,3088,2998,3113,2991,3067,3095,3060,3128,3079,3092,2991,3101,3041,3143,3075,3045,3142,3118
262,2990,3092,3097,3016,2987,3095,3038,3142,3063,3075,3074,3058,3051,3159,3088,2998,3113,2991,3067,3095,3060,3128,3079,3092,2991,3101,3041,3143,3075,3045,3142,3118
263,2990,3092,3097,3016,2987,3095,3038,3142,3063,3075,3074,3058,3051,3159,3088,2998,3113,2991,3067,3095,3060,3128,3079,3092,2991,3101,3041,3143,3075,3045,3142,3118
264,2990,3092,3097,3016,2987,3095,3038,3142,3063,3075,3074,3058,3051,3159,3088,2998,3113,2991,3067,3095,3060,3128,3079,3092,2991,3101,3041,3143,3075,3045,3142,3118
265,2990,3092,3097,3016,2987,3095,3038,3142,3063,3075,3074,3058,3051,3159,3088,2998,3113,2991,3067,3095,3060,3128,3079,3092,2991,3101,3041,3143,3075,3045,3142,3118
266,2990,3092,3097,3016,2987,3095,3038,3142,3063,3075,3074,3058,3051,3159,3088,2998,3113,2991,3067,3095,3060,3128,3079,3092,2991,3101,3041,3143,3075,3045,3142,3118
267,2990,3092,3097,3016,2987,3095,3038,3142,3063,3075,3074,3058,3051,3159,3088,2998,3113,2991,3067,3095,3060,3128,3079,3092,2991,3101,3041,3143,3075,3045,3142,3118
268,2990,3092,3097,3016,2987,3095,3038,3142,3063,3075,3074,3058,3051,3159,3088,2998,3113,2991,3067,3095,3060,3128,3079,3092,2991,3101,3041,3143,3075,3045,3142,3118
269,2990,3092,3097,3016,2987,3095,3038,3142,3063,3075,3074,3058,3051,3159,3088,2998,3113,2991,3067,3095,3060,3128,3079,3092,2991,3101,3041,3143,3075,3045,3142,3118
270,2990,3092,3097,3016,2987,3095,3038,3142,3063,3075,3074,3058,3051,3159,3088,2998,3113,2991,3067,3095,3060,3128,3079,3092,2991,3101,3041,3143,3075,3045,3142,3118
271,2990,3092,3097,3016,2987,3095,3038,3142,3063,3075,3074,3058,3051,3159,3088,2998,3113,2991,3067,3095,3060,3128,3079,3092,2991,3101,3041,3143,3075,3045,3142,3118
272,2990,3092,3097,3016,2987,3095,3038,3142,3063,3075,3074,3058,3051,3159,3088,2998,3113,2991,3067,3095,3060,3128,3079,3092,2991,3101,3041,3143,3075,3045,3142,3118
273,2990,3092,3097,3016,2987,3095,3038,3142,3063,3075,3074,3058,3051,3159,3088,2998,3113,2991,3067,3095,3060,3128,3079,3092,2991,3101,3041,3143,3075,3045,3142,3118
274,2990,3092,3097,3016,2987,3095,3038,3142,3063,3075,3074,3058,3051,3159,3088,2998,3113,2991,3067,3095,3060,3128,3079,3092,2991,3101,3041,3143,3075,3045,3142,3118
275,2990,3092,3097,3016,2987,3095,3038,3142,3063,3075,3074,3058,3051,3159,3088,2998,3113,2991,3067,3095,3060,3128,3079,3092,2991,3101,3041,3143,3075,3045,3142,3118
276,2990,3092,3097,3016,2987,3095,3038,3142,3063,3075,3074,3058,3051,3159,3088,2998,3113,2991,3067,3095,3060,3128,3079,3092,2991,3101,3041,3143,3075,3045,3142,3118
277,2990,3092,3097,3016,2987,3095,3038,3142,3063,3075,3074,3058,3051,3159,3088,2998,3113,2991,3067,3095,3060,3128,3079,3092,2991,3101,3041,3143,3075,3045,3142,3118
278,2990,3092,3097,3016,2987,3095,3038,3142,3063,3075,3074,3058,3051,3159,3088,2998,3113,2991,3067,3095,3060,3128,3079,3092,2991,3101,3041,3143,3075,3045,3142,3118
279,2990,3092,3097,3016,2987,3095,3038,3142,3063,3075,3074,3058,3051,3159,3088,2998,3113,2991,3067,3095,3060,3128,3079,3092,2991,3101,3041,3143,3075,3045,3142,3118
280,2990,3092,3097,3016,2987,3095,3038,3142,3063,3075,3074,3058,3051,3159,3088,2998,3113,2991,3067,3095,3060,3128,3079,3092,2991,3101,3041,3143,3075,3045,3142,3118
281,2990,3092,3097,3016,2987,3095,3038,3142,3063,3075,3074,3058,3051,3159,3088,2998,3113,2991,3067,3095,3060,3128,3079,3092,2991,3101,3041,3143,3075,3045,3142,3118
282,2990,3092,3097,3016,2987,3095,3038,3142,3063,3075,3074,3058,3051,3159,3088,2998,3113,2991,3067,3095,3060,3128,3079,3092,2991,3101,3041,3143,3075,3045,3142,3118
283,2990,3092,3097,3016,2987,3095,3038,3142,3063,3075,3074,3058,3051,3159,3088,2998,3113,2991,3067,3095,3060,3128,3079,3092,2991,3101,3041,3143,3075,3045,3142,3118
284,2990,3092,3097,3016,2987,3095,3038,3142,3063,3075,3074,3058,3051,3159,3088,2998,3113,2991,3067,3095,3060,3128,3079,3092,2991,3101,3041,3143,3075,3045,3142,3118
285,2990,3092,3097,3016,2987,3095,3038,3142,3063,3075,3074,3058,3051,3159,3088,2998,3113,2991,3067,3095,3060,3128,3079,3092,2991,3101,3041,3143,3075,3045,3142,3118
286,2990,3092,3097,3016,2987,3095,3038,3142,3063,3075,3074,3058,3051,3159,3088,2998,3113,2991,3067,3095,3060,3128,3079,3092,2991,3101,3041,3143,3075,3045,3142,3118
287,2990,3092,3097,3016,2987,3095,3038,3142,3063,3075,3074,3058,3051,3159,3088,2998,3113,2991,3067,3095,3060,3128,3079,3092,2991,3101,3041,3143,3075,3045,3142,3118
288,2990,3092,3097,3016,2987,3095,3038,3142,3063,3075,3074,3058,3051,3159,3088,2998,3113,2991,3067,3095,3060,3128,3079,3092,2991,3101,3041,3143,3075,3045,3142,3118
289,2990,3092,3097,3016,2987,3095,3038,3142,3063,3075,3074,3058,3051,3159,3088,2998,3113,2991,3067,3095,3060,3128,3079,3092,2991,3101,3041,3143,3075,3045,3142,3118
290,2990,3092,3097,3016,2987,3095,3038,3142,3063,3075,3074,3058,3051,3159,3088,2998,3113,2991,3067,3095,3060,3128,3079,3092,2991,3101,3041,3143,3075,3045,3142,3118
291,2990,3092,3097,3016,2987,3095,3038,3142,3063,3075,3074,3058,3051,3159,3088,2998,3113,2991,3067,3095,3060,3128,3079,3092,2991,3101,3041,3143,3075,3045,3142,3118
292,2990,3092,3097,3016,2987,3095,3038,3142,3063,3075,3074,3058,3051,3159,3088,2998,3113,2991,3067,3095,3060,3128,3079,3092,2991,3101,3041,3143,3075,3045,3142,3118
293,2990,3092,3097,3016,2987,3095,3038,3142,3063,3075,3074,3058,3051,3159,3088,2998,3113,2991,3067,3095,3060,3128,3079,3092,2991,3101,3041,3143,3075,3045,3142,3118
294,2990,3092,3097,3016,2987,3095,3038,3142,3063,3075,3074,3058,3051,3159,3088,2998,3113,2991,3067,3095,3060,3128,3079,3092,2991,3101,3041,3143,3075,3045,3142,3118
295,2990,3092,3097,3016,2987,3095,3038,3142,3063,3075,3074,3058,3051,3159,3088,2998,3113,2991,3067,3095,3060,3128,3079,3092,2991,3101,3041,3143,3075,3045,3142,3118
296,2990,3092,3097,3016,2987,3095,3038,3142,3063,3075,3074,3058,3051,3159,3088,2998,3113,2991,3067,3095,3060,3128,3079,3092,2991,3101,3041,3143,3075,3045,3142,3118
297,2990,3092,3097,3016,2987,3095,3038,3142,3063,3075,3074,3058,3051,3159,3088,2998,3113,2991,3067,3095,3060,3128,3079,3092,2991,3101,3041,3143,3075,3045,3142,3118
298,2990,3092,3097,3016,2987,3095,3038,3142,3063,3075,3074,3058,3051,3159,3088,2998,3113,2991,3067,3095,3060,3128,3079,3092,2991,3101,3041,3143,3075,3045,3142,3118
299,2990,3092,3097,3016,2987,3095,3038,3142,3063,3075,3074,3058,3051,3159,3088,2998,3113,2991,3067,3095,3060,3128,3079,3092,2991,3101,3041,3143,3075,3045,3142,3118
300,2990,3092,3097,3016,2987,3095,3038,3142,3063,3075,3074,3058,3051,3159,3088,2998,3113,2991,3067,3095,3060,3128,3079,3092,2991,3101,3041,3143,3075,3045,3142,3118
301,2990,3092,3097,3016,2987,3095,3038,3142,3063,3075,3074,3058,3051,3159,3088,2998,3113,2991,3067,3095,3060,3128,3079,3092,2991,3101,3041,3143,3075,3045,3142,3118
302,2990,3092,3097,3016,2987,3095,3038,3142,3063,3075,3074,3058,3051,3159,3088,2998,3113,2991,3067,3095,3060,3128,3079,3092,2991,3101,3041,3143,3075,3045,3142,3118
303,2990,3092,3097,3016,2987,3095,3038,3142,3063,3075,3074,3058,3051,3159,3088,2998,3113,2991,3067,3095,3060,3128,3079,3092,2991,3101,3041,3143,3075,3045,3142,3118
304,2990,3092,3097,3016,2987,3095,3038,3142,3063,3075,3074,3058,3051,3159,3088,2998,3113,2991,3067,3095,3060,3128,3079,3092,2991,3101,3041,3143,3075,3045,3142,3118
305,2990,3092,3097,3016,2987,3095,3038,3142,3063,3075,3074,3058,3051,3159,3088,2998,3113,2991,3067,3095,3060,3128,3079,3092,2991,3101,3041,3143,3075,3045,3142,3118
306,2990,3092,3097,3016,2987,3095,3038,3142,3063,3075,3074,3058,3051,3159,3088,2998,3113,2991,3067,3095,3060,3128,3079,3092,2991,3101,3041,3143,3075,3045,3142,3118
307,2990,3092,3097,3016,2987,3095,3038,3142,3063,3075,3074,3058,3051,3159,3088,2998,3113,2991,3067,3095,3060,3128,3079,3092,2991,3101,3041,3143,3075,3045,3142,3118
308,2990,3092,3097,3016,2987,3095,3038,3142,3063,3075,3074,3058,3051,3159,3088,2998,3113,2991,3067,3095,3060,3128,3079,3092,2991,3101,3041,3143,3075,3045,3142,3118
309,2990,3092,3097,3016,2987,3095,3038,3142,3063,3075,3074,3058,3051,3159,3088,2998,3113,2991,3067,3095,3060,3128,3079,3092,2991,3101,3041,3143,3075,3045,3142,3118
310,2990,3092,3097,3016,2987,3095,3038,3142,3063,3075,3074,3058,3051,3159,3088,2998,3113,2991,3067,3095,3060,3128,3079,3092,2991,3101,3041,3143,3075,3045,3142,3118
311,2990,3092,3097,3016,2987,3095,3038,3142,3063,3075,3074,3058,3051,3159,3088,2998,3113,2991,3067,3095,3060,3128,3079,3092,2991,3101,3041,3143,3075,3045,3142,3118
312,2990,3092,3097,3016,2987,3095,3038,3142,3063,3075,3074,3058,3051,3159,3088,2998,3113,2991,3067,3095,3060,3128,3079,3092,2991,3101,3041,3143,3075,3045,3142,3118
313,2990,3092,3097,3016,2987,3095,3038,3142,3063,3075,3074,3058,3051,3159,3088,2998,3113,2991,3067,3095,3060,3128,3079,3092,2991,3101,3041,3143,3075,3045,3142,3118
314,2990,3092,3097,3016,2987,3095,3038,3142,3063,3075,3074,3058,3051,3159,3088,2998,3113,2991,3067,3095,3060,3128,3079,3092,2991,3101,3041,3143,3075,3045,3142,3118
315,2990,3092,3097,3016,2987,3095,3038,3142,3063,3075,3074,3058,3051,3159,3088,2998,3113,2991,3067,3095,3060,3128,3079,3092,2991,3101,3041,3143,3075,3045,3142,3118
316,2990,3092,3097,3016,2987,3095,3038,3142,3063,3075,3074,3058,3051,3159,3088,2998,3113,2991,3067,3095,3060,3128,3079,3092,2991,3101,3041,3143,3075,3045,3142,3118
317,2990,3092,3097,3016,2987,3095,3038,3142,3063,3075,3074,3058,3051,3159,3088,2998,3113,2991,3067,3095,3060,3128,3079,3092,2991,3101,3041,3143,3075,3045,3142,3118
318,2990,3092,3097,3016,2987,3095,3038,3142,3063,3075,3074,3058,3051,3159,3088,2998,3113,2991,3067,3095,3060,3128,3079,3092,2991,3101,3041,3143,3075,3045,3142,3118
319,2990,3092,3097,3016,2987,3095,3038,3142,3063,3075,3074,3058,3051,3159,3088,2998,3113,2991,3067,3095,3060,3128,3079,3092,2991,3101,3041,3143,3075,3045,3142,3118
320,2990,3092,3097,3016,2987,3095,3038,3142,3063,3075,3074,3058,3051,3159,3088,2998,3113,2991,3067,3095,3060,3128,3079,3092,2991,3101,3041,3143,3075,3045,3142,3118
321,2990,3092,3097,3016,2987,3095,3038,3142,3063,3075,3074,3058,3051,3159,3088,2998,3113,2991,3067,3095,3060,3128,3079,3092,2991,3101,3041,3143,3075,3045,3142,3118
322,2990,3092,3097,3016,2987,3095,3038,3142,3063,3075,3074,3058,3051,3159,3088,2998,3113,2991,3067,3095,3060,3128,3079,3092,2991,3101,3041,3143,3075,3045,3142,3118
323,2990,3092,3097,3016,2987,3095,3038,3142,3063,3075,3074,3058,3051,3159,3088,2998,3113,2991,3067,3095,3060,3128,3079,3092,2991,3101,3041,3143,3075,3045,3142,3118
324,2990,3092,3097,3016,2987,3095,3038,3142,3063,3075,3074,3058,3051,3159,3088,2998,3113,2991,3067,3095,3060,3128,3079,3092,2991,3101,3041,3143,3075,3045,3142,3118
325,2990,3092,3097,3016,2987,3095,3038,3142,3063,3075,3074,3058,3051,3159,3088,2998,3113,2991,3067,3095,3060,3128,3079,3092,2991,3101,3041,3143,3075,3045,3142,3118
326,2990,3092,3097,3016,2987,3095,3038,3142,3063,3075,3074,3058,3051,3159,3088,2998,3113,2991,3067,3095,3060,3128,3079,3092,2991,3101,3041,3143,3075,3045,3142,3118
327,2990,3092,3097,3016,2987,3095,3038,3142,3063,3075,3074,3058,3051,3159,3088,2998,3113,2991,3067,3095,3060,3128,3079,3092,2991,3101,3041,3143,3075,3045,3142,3118
328,2990,3092,3097,3016,2987,3095,3038,3142,3063,3075,3074,3058,3051,3159,3088,2998,3113,2991,3067,3095,3060,3128,3079,3092,2991,3101,3041,3143,3075,3045,3142,3118
329,2990,3092,3097,3016,2987,3095,3038,3142,3063,3075,3074,3058,3051,3159,3088,2998,3113,2991,3067,3095,3060,3128,3079,3092,2991,3101,3041,3143,3075,3045,3142,3118
330,2990,3092,3097,3016,2987,3095,3038,3142,3063,3075,3074,3058,3051,3159,3088,2998,3113,2991,3067,3095,3060,3128,3079,3092,2991,3101,3041,3143,3075,3045,3142,3118
331,2990,3092,3097,3016,2987,3095,3038,3142,3063,3075,3074,3058,3051,3159,3088,2998,3113,2991,3067,3095,3060,3128,3079,3092,2991,3101,3041,3143,3075,3045,3142,3118
332,2990,3092,3097,3016,2987,3095,3038,3142,3063,3075,3074,3058,3051,3159,3088,2998,3113,2991,3067,3095,3060,3128,3079,3092,2991,3101,3041,3143,3075,3045,3142,3118
333,2990,3092,3097,3016,2987,3095,3038,3142,3063,3075,3074,3058,3051,3159,3088,2998,3113,2991,3067,3095,3060,3128,3079,3092,2991,3101,3041,3143,3075,3045,3142,3118
334,2990,3092,3097,3016,2987,3095,3038,3142,3063,3075,3074,3058,3051,3159,3088,2998,3113,2991,3067,3095,3060,3128,3079,3092,2991,3101,3041,3143,3075,3045,3142,3118
335,2990,3092,3097,3016,2987,3095,3038,3142,3063,3075,3074,3058,3051,3159,3088,2998,3113,2991,3067,3095,3060,3128,3079,3092,2991,3101,3041,3143,3075,3045,3142,3118
336,2990,3092,3097,3016,2987,3095,3038,3142,3063,3075,3074,3058,3051,3159,3088,2998,3113,2991,3067,3095,3060,3128,3079,3092,2991,3101,3041,3143,3075,3045,3142,3118
337,2990,3092,3097,3016,2987,3095,3038,3142,3063,3075,3074,3058,3051,3159,3088,2998,3113,2991,3067,3095,3060,3128,3079,3092,2991,3101,3041,3143,3075,3045,3142,3118
338,2990,3092,3097,3016,2987,3095,3038,3142,3063,3075,3074,3058,3051,3159,3088,2998,3113,2991,3067,3095,3060,3128,3079,3092,2991,3101,3041,3143,3075,3045,3142,3118
339,2990,3092,3097,3016,2987,3095,3038,3142,3063,3075,3074,3058,3051,3159,3088,2998,3113,2991,3067,3095,3060,3128,3079,3092,2991,3101,3041,3143,3075,3045,3142,3118
340,2990,3092,3097,3016,2987,3095,3038,3142,3063,3075,3074,3058,3051,3159,3088,2998,3113,2991,3067,3095,3060,3128,3079,3092,2991,3101,3041,3143,3075,3045,3142,3118
341,2990,3092,3097,3016,2987,3095,3038,3142,3063,3075,3074,3058,3051,3159,3088,2998,3113,2991,3067,3095,3060,3128,3079,3092,2991,3101,3041,3143,3075,3045,3142,3118
342,2990,3092,3097,3016,2987,3095,3038,3142,3063,3075,3074,3058,3051,3159,3088,2998,3113,2991,3067,3095,3060,3128,3079,3092,2991,3101,3041,3143,3075,3045,3142,3118
343,2990,3092,3097,3016,2987,3095,3038,3142,3063,3075,3074,3058,3051,3159,3088,2998,3113,2991,3067,3095,3060,3128,3079,3092,2991,3101,3041,3143,3075,3045,3142,3118
344,2990,3092,3097,3016,2987,3095,3038,3142,3063,3075,3074,3058,3051,3159,3088,2998,3113,2991,3067,3095,3060,3128,3079,3092,2991,3101,3041,3143,3075,3045,3142,3118
345,2990,3092,3097,3016,2987,3095,3038,3142,3063,3075,3074,3058,3051,3159,3088,2998,3113,2991,3067,3095,3060,3128,3079,3092,2991,3101,3041,3143,3075,3045,3142,3118
346,2990,3092,3097,3016,2987,3095,3038,3142,3063,3075,3074,3058,3051,3159,3088,2998,3113,2991,3067,3095,3060,3128,3079,3092,2991,3101,3041,3143,3075,3045,3142,3118
347,2990,3092,3097,3016,2987,3095,3038,3142,3063,3075,3074,3058,3051,3159,3088,2998,3113,2991,3067,3095,3060,3128,3079,3092,2991,3101,3041,3143,3075,3045,3142,3118
348,2990,3092,3097,3016,2987,3095,3038,3142,3063,3075,3074,3058,3051,3159,3088,2998,3113,2991,3067,3095,3060,3128,3079,3092,2991,3101,3041,3143,3075,3045,3142,3118
349,2990,3092,3097,3016,2987,3095,3038,3142,3063,3075,3074,3058,3051,3159,3088,2998,3113,2991,3067,3095,3060,3128,3079,3092,2991,3101,3041,3143,3075,3045,3142,3118
350,2990,3092,3097,3016,2987,3095,3038,3142,3063,3075,3074,3058,3051,3159,3088,2998,3113,2991,3067,3095,3060,3128,3079,3092,2991,3101,3041,3143,3075,3045,3142,3118
351,2990,3092,3097,3016,2987,3095,3038,3142,3063,3075,3074,3058,3051,3159,3088,2998,3113,2991,3067,3095,3060,3128,3079,3092,2991,3101,3041,3143,3075,3045,3142,3118
352,2990,3092,3097,3016,2987,3095,3038,3142,3063,3075,3074,3058,3051,3159,3088,2998,3113,2991,3067,3095,3060,3128,3079,3092,2991,3101,3041,3143,3075,3045,3142,3118
353,2990,3092,3097,3016,2987,3095,3038,3142,3063,3075,3074,3058,3051,3159,3088,2998,3113,2991,3067,3095,3060,3128,3079,3092,2991,3101,3041,3143,3075,3045,3142,3118
354,2990,3092,3097,3016,2987,3095,3038,3142,3063,3075,3074,3058,3051,3159,3088,2998,3113,2991,3067,3095,3060,3128,3079,3092,2991,3101,3041,3143,3075,3045,3142,3118
355,2990,3092,3097,3016,2987,3095,3038,3142,3063,3075,3074,3058,3051,3159,3088,2998,3113,2991,3067,3095,3060,3128,3079,3092,2991,3101,3041,3143,3075,3045,3142,3118
356,2990,3092,3097,3016,2987,3095,3038,3142,3063,3075,3074,3058,3051,3159,3088,2998,3113,2991,3067,3095,3060,3128,3079,3092,2991,3101,3041,3143,3075,3045,3142,3118
357,2990,3092,3097,3016,2987,3095,3038,3142,3063,3075,3074,3058,3051,3159,3088,2998,3113,2991,3067,3095,3060,3128,3079,3092,2991,3101,3041,3143,3075,3045,3142,3118
358,2990,3092,3097,3016,2987,3095,3038,3142,3063,3075,3074,3058,3051,3159,3088,2998,3113,2991,3067,3095,3060,3128,3079,3092,2991,3101,3041,3143,3075,3045,3142,3118
359,2990,3092,3097,3016,2987,3095,3038,3142,3063,3075,3074,3058,3051,3159,3088,2998,3113,2991,3067,3095,3060,3128,3079,3092,2991,3101,3041,3143,3075,3045,3142,3118
360,2990,3092,3097,3016,2987,3095,3038,3142,3063,3075,3074,3058,3051,3159,3088,2998,3113,2991,3067,3095,3060,3128,3079,3092,2991,3101,3041,3143,3075,3045,3142,3118
361,2990,3092,3097,3016,2987,3095,3038,3142,3063,3075,3074,3058,3051,3159,3088,2998,3113,2991,3067,3095,3060,3128,3079,3092,2991,3101,3041,3143,3075,3045,3142,3118
362,2990,3092,3097,3016,2987,3095,3038,3142,3063,3075,3074,3058,3051,3159,3088,2998,3113,2991,3067,3095,3060,3128,3079,3092,2991,3101,3041,3143,3075,3045,3142,3118
363,2990,3092,3097,3016,2987,3095,3038,3142,3063,3075,3074,3058,3051,3159,3088,2998,3113,2991,3067,3095,3060,3128,3079,3092,2991,3101,3041,3143,3075,3045,3142,3118
364,2990,3092,3097,3016,2987,3095,3038,3142,3063,3075,3074,3058,3051,3159,3088,2998,3113,2991,3067,3095,3060,3128,3079,3092,2991,3101,3041,3143,3075,3045,3142,3118
365,2990,3092,3097,3016,2987,3095,3038,3142,3063,3075,3074,3058,3051,3159,3088,2998,3113,2991,3067,3095,3060,3128,3079,3092,2991,3101,3041,3143,3075,3045,3142,3118
366,2990,3092,3097,3016,2987,3095,3038,3142,3063,3075,3074,3058,3051,3159,3088,2998,3113,2991,3067,3095,3060,3128,3079,3092,2991,3101,3041,3143,3075,3045,3142,3118
367,2990,3092,3097,3016,2987,3095,3038,3142,3063,3075,3074,3058,3051,3159,3088,2998,3113,2991,3067,3095,3060,3128,3079,3092,2991,3101,3041,3143,3075,3045,3142,3118
368,2990,3092,3097,3016,2987,3095,3038,3142,3063,3075,3074,3058,3051,3159,3088,2998,3113,2991,3067,3095,3060,3128,3079,3092,2991,3101,3041,3143,3075,3045,3142,3118
369,2990,3092,3097,3016,2987,3095,3038,3142,3063,3075,3074,3058,3051,3159,3088,2998,3113,2991,3067,3095,3060,3128,3079,3092,2991,3101,3041,3143,3075,3045,3142,3118
370,2990,3092,3097,3016,2987,3095,3038,3142,3063,3075,3074,3058,3051,3159,3088,2998,3113,2991,3067,3095,3060,3128,3079,3092,2991,3101,3041,3143,3075,3045,3142,3118
371,2990,3092,3097,3016,2987,3095,3038,3142,3063,3075,3074,3058,3051,3159,3088,2998,3113,2991,3067,3095,3060,3128,3079,3092,2991,3101,3041,3143,3075,3045,3142,3118
372,2990,3092,3097,3016,2987,3095,3038,3142,3063,3075,3074,3058,3051,3159,3088,2998,3113,2991,3067,3095,3060,3128,3079,3092,2991,3101,3041,3143,3075,3045,3142,3118
373,2990,3092,3097,3016,2987,3095,3038,3142,3063,3075,3074,3058,3051,3159,3088,2998,3113,2991,3067,3095,3060,3128,3079,3092,2991,3101,3041,3143,3075,3045,3142,3118
374,2990,3092,3097,3016,2987,3095,3038,3142,3063,3075,3074,3058,3051,3159,3088,2998,3113,2991,3067,3095,3060,3128,3079,3092,2991,3101,3041,3143,3075,3045,3142,3118
375,2990,3092,3097,3016,2987,3095,3038,3142,3063,3075,3074,3058,3051,3159,3088,2998,3113,2991,3067,3095,3060,3128,3079,3092,2991,3101,3041,3143,3075,3045,3142,3118
376,2990,3092,3097,3016,2987,3095,3038,3142,3063,3075,3074,3058,3051,3159,3088,2998,3113,2991,3067,3095,3060,3128,3079,3092,2991,3101,3041,3143,3075,3045,3142,3118
377,2990,3092,3097,3016,2987,3095,3038,3142,3063,3075,3074,3058,3051,3159,3088,2998,3113,2991,3067,3095,3060,3128,3079,3092,2991,3101,3041,3143,3075,3045,3142,3118
378,2990,3092,3097,3016,2987,3095,3038,3142,3063,3075,3074,3058,3051,3159,3088,2998,3113,2991,3067,3095,3060,3128,3079,3092,2991,3101,3041,3143,3075,3045,3142,3118
379,2990,3092,3097,3016,2987,3095,3038,3142,3063,3075,3074,3058,3051,3159,3088,2998,3113,2991,3067,3095,3060,3128,3079,3092,2991,3101,3041,3143,3075,3045,3142,3118
380,2990,3092,3097,3016,2987,3095,3038,3142,3063,3075,3074,3058,3051,3159,3088,2998,3113,2991,3067,3095,3060,3128,3079,3092,2991,3101,3041,3143,3075,3045,3142,3118
381,2990,3092,3097,3016,2987,3095,3038,3142,3063,3075,3074,3058,3051,3159,3088,2998,3113,2991,3067,3095,3060,3128,3079,3092,2991,3101,3041,3143,3075,3045,3142,3118
382,2990,3092,3097,3016,2987,3095,3038,3142,3063,3075,3074,3058,3051,3159,3088,2998,3113,2991,3067,3095,3060,3128,3079,3092,2991,3101,3041,3143,3075,3045,3142,3118
383,2990,3092,3097,3016,2987,3095,3038,3142,3063,3075,3074,3058,3051,3159,3088,2998,3113,2991,3067,3095,3060,3128,3079,3092,2991,3101,3041,3143,3075,3045,3142,3118
384,2990,3092,3097,3016,2987,3095,3038,3142,3063,3075,3074,3058,3051,3159,3088,2998,3113,2991,3067,3095,3060,3128,3079,3092,2991,3101,3041,3143,3075,3045,3142,3118
385,2990,3092,3097,3016,2987,3095,3038,3142,3063,3075,3074,3058,3051,3159,3088,2998,3113,2991,3067,3095,3060,3128,3079,3092,2991,3101,3041,3143,3075,3045,3142,3118
386,2990,3092,3097,3016,2987,3095,3038,3142,3063,3075,3074,3058,3051,3159,3088,2998,3113,2991,3067,3095,3060,3128,3079,3092,2991,3101,3041,3143,3075,3045,3142,3118
387,2990,3092,3097,3016,2987,3095,3038,3142,3063,3075,3074,3058,3051,3159,3088,2998,3113,2991,3067,3095,3060,3128,3079,3092,2991,3101,3041,3143,3075,3045,3142,3118
388,2990,3092,3097,3016,2987,3095,3038,3142,3063,3075,3074,3058,3051,3159,3088,2998,3113,2991,3067,3095,3060,3128,3079,3092,2991,3101,3041,3143,3075,3045,3142,3118
389,2990,3092,3097,3016,2987,3095,3038,3142,3063,3075,3074,3058,3051,3159,3088,2998,3113,2991,3067,3095,3060,3128,3079,3092,2991,3101,3041,3143,3075,3045,3142,3118
390,2990,3092,3097,3016,2987,3095,3038,3142,3063,3075,3074,3058,3051,3159,3088,2998,3113,2991,3067,3095,3060,3128,3079,3092,2991,3101,3041,3143,3075,3045,3142,3118
391,2990,3092,3097,3016,2987,3095,3038,3142,3063,3075,3074,3058,3051,3159,3088,2998,3113,2991,3067,3095,3060,3128,3079,3092,2991,3101,3041,3143,3075,3045,3142,3118
392,2990,3092,3097,3016,2987,3095,3038,3142,3063,3075,3074,3058,3051,3159,3088,2998,3113,2991,3067,3095,3060,3128,3079,3092,2991,3101,3041,3143,3075,3045,3142,3118
393,2990,3092,3097,3016,2987,3095,3038,3142,3063,3075,3074,3058,3051,3159,3088,2998,3113,2991,3067,3095,3060,3128,3079,3092,2991,3101,3041,3143,3075,3045,3142,3118
394,2990,3092,3097,3016,2987,3095,3038,3142,3063,3075,3074,3058,3051,3159,3088,2998,3113,2991,3067,3095,3060,3128,3079,3092,2991,3101,3041,3143,3075,3045,3142,3118
395,2990,3092,3097,3016,2987,3095,3038,3142,3063,3075,3074,3058,3051,3159,3088,2998,3113,2991,3067,3095,3060,3128,3079,3092,2991,3101,3041,3143,3075,3045,3142,3118
396,2990,3092,3097,3016,2987,3095,3038,3142,3063,3075,3074,3058,3051,3159,3088,2998,3113,2991,3067,3095,3060,3128,3079,3092,2991,3101,3041,3143,3075,3045,3142,3118
397,2990,3092,3097,3016,2987,3095,3038,3142,3063,3075,3074,3058,3051,3159,3088,2998,3113,2991,3067,3095,3060,3128,3079,3092,2991,3101,3041,3143,3075,3045,3142,3118
398,2990,3092,3097,3016,2987,3095,3038,3142,3063,3075,3074,3058,3051,3159,3088,2998,3113,2991,3067,3095,3060,3128,3079,3092,2991,3101,3041,3143,3075,3045,3142,3118
399,2990,3092,3097,3016,2987,3095,3038,3142,3063,3075,3074,3058,3051,3159,3088,2998,3113,2991,3067,3095,3060,3128,3079,3092,2991,3101,3041,3143,3075,3045,3142,3118
400,2990,3092,3097,3016,2987,3095,3038,3142,3063,3075,3074,3058,3051,3159,3088,2998,3113,2991,3067,3095,3060,3128,3079,3092,2991,3101,3041,3143,3075,3045,3142,3118
401,2990,3092,3097,3016,2987,3095,3038,3142,3063,3075,3074,3058,3051,3159,3088,2998,3113,2991,3067,3095,3060,3128,3079,3092,2991,3101,3041,3143,3075,3045,3142,3118
402,2990,3092,3097,3016,2987,3095,3038,3142,3063,3075,3074,3058,3051,3159,3088,2998,3113,2991,3067,3095,3060,3128,3079,3092,2991,3101,3041,3143,3075,3045,3142,3118
403,2990,3092,3097,3016,2987,3095,3038,3142,3063,3075,3074,3058,3051,3159,3088,2998,3113,2991,3067,3095,3060,3128,3079,3092,2991,3101,3041,3143,3075,3045,3142,3118
404,2990,3092,3097,3016,2987,3095,3038,3142,3063,3075,3074,3058,3051,3159,3088,2998,3113,2991,3067,3095,3060,3128,3079,3092,2991,3101,3041,3143,3075,3045,3142,3118
405,2990,3092,3097,3016,2987,3095,3038,3142,3063,3075,3074,3058,3051,3159,3088,2998,3113,2991,3067,3095,3060,3128,3079,3092,2991,3101,3041,3143,3075,3045,3142,3118
406,2990,3092,3097,3016,2987,3095,3038,3142,3063,3075,3074,3058,3051,3159,3088,2998,3113,2991,3067,3095,3060,3128,3079,3092,2991,3101,3041,3143,3075,3045,3142,3118
407,2990,3092,3097,3016,2987,3095,3038,3142,3063,3075,3074,3058,3051,3159,3088,2998,3113,2991,3067,3095,3060,3128,3079,3092,2991,3101,3041,3143,3075,3045,3142,3118
408,2990,3092,3097,3016,2987,3095,3038,3142,3063,3075,3074,3058,3051,3159,3088,2998,3113,2991,3067,3095,3060,3128,3079,3092,2991,3101,3041,3143,3075,3045,3142,3118
409,2990,3092,3097,3016,2987,3095,3038,3142,3063,3075,3074,3058,3051,3159,3088,2998,3113,2991,3067,3095,3060,3128,3079,3092,2991,3101,3041,3143,3075,3045,3142,3118
410,2990,3092,3097,3016,2987,3095,3038,3142,3063,3075,3074,3058,3051,3159,3088,2998,3113,2991,3067,3095,3060,3128,3079,3092,2991,3101,3041,3143,3075,3045,3142,3118
411,2990,3092,3097,3016,2987,3095,3038,3142,3063,3075,3074,3058,3051,3159,3088,2998,3113,2991,3067,3095,3060,3128,3079,3092,2991,3101,3041,3143,3075,3045,3142,3118
412,2990,3092,3097,3016,2987,3095,3038,3142,3063,3075,3074,3058,3051,3159,3088,2998,3113,2991,3067,3095,3060,3128,3079,3092,2991,3101,3041,3143,3075,3045,3142,3118
413,2990,3092,3097,3016,2987,3095,3038,3142,3063,3075,3074,3058,3051,3159,3088,2998,3113,2991,3067,3095,3060,3128,3079,3092,2991,3101,3041,3143,3075,3045,3142,3118
414,2990,3092,3097,3016,2987,3095,3038,3142,3063,3075,3074,3058,3051,3159,3088,2998,3113,2991,3067,3095,3060,3128,3079,3092,2991,3101,3041,3143,3075,3045,3142,3118
415,2990,3092,3097,3016,2987,3095,3038,3142,3063,3075,3074,3058,3051,3159,3088,2998,3113,2991,3067,3095,3060,3128,3079,3092,2991,3101,3041,3143,3075,3045,3142,3118
416,2990,3092,3097,3016,2987,3095,3038,3142,3063,3075,3074,3058,3051,3159,3088,2998,3113,2991,3067,3095,3060,3128,3079,3092,2991,3101,3041,3143,3075,3045,3142,3118
417,2990,3092,3097,3016,2987,3095,3038,3142,3063,3075,3074,3058,3051,3159,3088,2998,3113,2991,3067,3095,3060,3128,3079,3092,2991,3101,3041,3143,3075,3045,3142,3118
418,2990,3092,3097,3016,2987,3095,3038,3142,3063,3075,3074,3058,3051,3159,3088,2998,3113,2991,3067,3095,3060,3128,3079,3092,2991,3101,3041,3143,3075,3045,3142,3118
419,2990,3092,3097,3016,2987,3095,3038,3142,3063,3075,3074,3058,3051,3159,3088,2998,3113,2991,3067,3095,3060,3128,3079,3092,2991,3101,3041,3143,3075,3045,3142,3118
420,2990,3092,3097,3016,2987,3095,3038,3142,3063,3075,3074,3058,3051,3159,3088,2998,3113,2991,3067,3095,3060,3128,3079,3092,2991,3101,3041,3143,3075,3045,3142,3118
421,2990,3092,3097,3016,2987,3095,3038,3142,3063,3075,3074,3058,3051,3159,3088,2998,3113,2991,3067,3095,3060,3128,3079,3092,2991,3101,3041,3143,3075,3045,3142,3118
422,2990,3092,3097,3016,2987,3095,3038,3142,3063,3075,3074,3058,3051,3159,3088,2998,3113,2991,3067,3095,3060,3128,3079,3092,2991,3101,3041,3143,3075,3045,3142,3118
423,2990,3092,3097,3016,2987,3095,3038,3142,3063,3075,3074,3058,3051,3159,3088,2998,3113,2991,3067,3095,3060,3128,3079,3092,2991,3101,3041,3143,3075,3045,3142,3118
424,2990,3092,3097,3016,2987,3095,3038,3142,3063,3075,3074,3058,3051,3159,3088,2998,3113,2991,3067,3095,3060,3128,3079,3092,2991,3101,3041,3143,3075,3045,3142,3118
425,2990,3092,3097,3016,2987,3095,3038,3142,3063,3075,3074,3058,3051,3159,3088,2998,3113,2991,3067,3095,3060,3128,3079,3092,2991,3101,3041,3143,3075,3045,3142,3118
426,2990,3092,3097,3016,2987,3095,3038,3142,3063,3075,3074,3058,3051,3159,3088,2998,3113,2991,3067,3095,3060,3128,3079,3092,2991,3101,3041,3143,3075,3045,3142,3118
427,2990,3092,3097,3016,2987,3095,3038,3142,3063,3075,3074,3058,3051,3159,3088,2998,3113,2991,3067,3095,3060,3128,3079,3092,2991,3101,3041,3143,3075,3045,3142,3118
428,2990,3092,3097,3016,2987,3095,3038,3142,3063,3075,3074,3058,3051,3159,3088,2998,3113,2991,3067,3095,3060,3128,3079,3092,2991,3101,3041,3143,3075,3045,3142,3118
429,2990,3092,3097,3016,2987,3095,3038,3142,3063,3075,3074,3058,3051,3159,3088,2998,3113,2991,3067,3095,3060,3128,3079,3092,2991,3101,3041,3143,3075,3045,3142,3118
430,2990,3092,3097,3016,2987,3095,3038,3142,3063,3075,3074,3058,3051,3159,3088,2998,3113,2991,3067,3095,3060,3128,3079,3092,2991,3101,3041,3143,3075,3045,3142,3118
431,2990,3092,3097,3016,2987,3095,3038,3142,3063,3075,3074,3058,3051,3159,3088,2998,3113,2991,3067,3095,3060,3128,3079,3092,2991,3101,3041,3143,3075,3045,3142,3118
432,2990,3092,3097,3016,2987,3095,3038,3142,3063,3075,3074,3058,3051,3159,3088,2998,3113,2991,3067,3095,3060,3128,3079,3092,2991,3101,3041,3143,3075,3045,3142,3118
433,2990,3092,3097,3016,2987,3095,3038,3142,3063,3075,3074,3058,3051,3159,3088,2998,3113,2991,3067,3095,3060,3128,3079,3092,2991,3101,3041,3143,3075,3045,3142,3118
434,2990,3092,3097,3016,2987,3095,3038,3142,3063,3075,3074,3058,3051,3159,3088,2998,3113,2991,3067,3095,3060,3128,3079,3092,2991,3101,3041,3143,3075,3045,3142,3118
435,2990,3092,3097,3016,2987,3095,3038,3142,3063,3075,3074,3058,3051,3159,3088,2998,3113,2991,3067,3095,3060,3128,3079,3092,2991,3101,3041,3143,3075,3045,3142,3118
436,2990,3092,3097,3016,2987,3095,3038,3142,3063,3075,3074,3058,3051,3159,3088,2998,3113,2991,3067,3095,3060,3128,3079,3092,2991,3101,3041,3143,3075,3045,3142,3118
437,2990,3092,3097,3016,2987,3095,3038,3142,3063,3075,3074,3058,3051,3159,3088,2998,3113,2991,3067,3095,3060,3128,3079,3092,2991,3101,3041,3143,3075,3045,3142,3118
438,2990,3092,3097,3016,2987,3095,3038,3142,3063,3075,3074,3058,3051,3159,3088,2998,3113,2991,3067,3095,3060,3128,3079,3092,2991,3101,3041,3143,3075,3045,3142,3118
439,2990,3092,3097,3016,2987,3095,3038,3142,3063,3075,3074,3058,3051,3159,3088,2998,3113,2991,3067,3095,3060,3128,3079,3092,2991,3101,3041,3143,3075,3045,3142,3118
440,2990,3092,3097,3016,2987,3095,3038,3142,3063,3075,3074,3058,3051,3159,3088,2998,3113,2991,3067,3095,3060,3128,3079,3092,2991,3101,3041,3143,3075,3045,3142,3118
441,2990,3092,3097,3016,2987,3095,3038,3142,3063,3075,3074,3058,3051,3159,3088,2998,3113,2991,3067,3095,3060,3128,3079,3092,2991,3101,3041,3143,3075,3045,3142,3118
442,2990,3092,3097,3016,2987,3095,3038,3142,3063,3075,3074,3058,3051,3159,3088,2998,3113,2991,3067,3095,3060,3128,3079,3092,2991,3101,3041,3143,3075,3045,3142,3118
443,2990,3092,3097,3016,2987,3095,3038,3142,3063,3075,3074,3058,3051,3159,3088,2998,3113,2991,3067,3095,3060,3128,3079,3092,2991,3101,3041,3143,3075,3045,3142,3118
444,2990,3092,3097,3016,2987,3095,3038,3142,3063,3075,3074,3058,3051,3159,3088,2998,3113,2991,3067,3095,3060,3128,3079,3092,2991,3101,3041,3143,3075,3045,3142,3118
445,2990,3092,3097,3016,2987,3095,3038,3142,3063,3075,3074,3058,3051,3159,3088,2998,3113,2991,3067,3095,3060,3128,3079,3092,2991,3101,3041,3143,3075,3045,3142,3118
446,2990,3092,3097,3016,2987,3095,3038,3142,3063,3075,3074,3058,3051,3159,3088,2998,3113,2991,3067,3095,3060,3128,3079,3092,2991,3101,3041,3143,3075,3045,3142,3118
447,2990,3092,3097,3016,2987,3095,3038,3142,3063,3075,3074,3058,3051,3159,3088,2998,3113,2991,3067,3095,3060,3128,3079,3092,2991,3101,3041,3143,3075,3045,3142,3118
448,2990,3092,3097,3016,2987,3095,3038,3142,3063,3075,3074,3058,3051,3159,3088,2998,3113,2991,3067,3095,3060,3128,3079,3092,2991,3101,3041,3143,3075,3045,3142,3118
449,2990,3092,3097,3016,2987,3095,3038,3142,3063,3075,3074,3058,3051,3159,3088,2998,3113,2991,3067,3095,3060,3128,3079,3092,2991,3101,3041,3143,3075,3045,3142,3118
450,2990,3092,3097,3016,2987,3095,3038,3142,3063,3075,3074,3058,3051,3159,3088,2998,3113,2991,3067,3095,3060,3128,3079,3092,2991,3101,3041,3143,3075,3045,3142,3118
451,2990,3092,3097,3016,2987,3095,3038,3142,3063,3075,3074,3058,3051,3159,3088,2998,3113,2991,3067,3095,3060,3128,3079,3092,2991,3101,3041,3143,3075,3045,3142,3118
452,2990,3092,3097,3016,2987,3095,3038,3142,3063,3075,3074,3058,3051,3159,3088,2998,3113,2991,3067,3095,3060,3128,3079,3092,2991,3101,3041,3143,3075,3045,3142,3118
453,2990,3092,3097,3016,2987,3095,3038,3142,3063,3075,3074,3058,3051,3159,3088,2998,3113,2991,3067,3095,3060,3128,3079,3092,2991,3101,3041,3143,3075,3045,3142,3118
454,2990,3092,3097,3016,2987,3095,3038,3142,3063,3075,3074,3058,3051,3159,3088,2998,3113,2991,3067,3095,3060,3128,3079,3092,2991,3101,3041,3143,3075,3045,3142,3118
455,2990,3092,3097,3016,2987,3095,3038,3142,3063,3075,3074,3058,3051,3159,3088,2998,3113,2991,3067,3095,3060,3128,3079,3092,2991,3101,3041,3143,3075,3045,3142,3118
456,2990,3092,3097,3016,2987,3095,3038,3142,3063,3075,3074,3058,3051,3159,3088,2998,3113,2991,3067,3095,3060,3128,3079,3092,2991,3101,3041,3143,3075,3045,3142,3118
457,2990,3092,3097,3016,2987,3095,3038,3142,3063,3075,3074,3058,3051,3159,3088,2998,3113,2991,3067,3095,3060,3128,3079,3092,2991,3101,3041,3143,3075,3045,3142,3118
458,2990,3092,3097,3016,2987,3095,3038,3142,3063,3075,3074,3058,3051,3159,3088,2998,3113,2991,3067,3095,3060,3128,3079,3092,2991,3101,3041,3143,3075,3045,3142,3118
459,2990,3092,3097,3016,2987,3095,3038,3142,3063,3075,3074,3058,3051,3159,3088,2998,3113,2991,3067,3095,3060,3128,3079,3092,2991,3101,3041,3143,3075,3045,3142,3118
460,2990,3092,3097,3016,2987,3095,3038,3142,3063,3075,3074,3058,3051,3159,3088,2998,3113,2991,3067,3095,3060,3128,3079,3092,2991,3101,3041,3143,3075,3045,3142,3118
461,2990,3092,3097,3016,2987,3095,3038,3142,3063,3075,3074,3058,3051,3159,3088,2998,3113,2991,3067,3095,3060,3128,3079,3092,2991,3101,3041,3143,3075,3045,3142,3118
462,2990,3092,3097,3016,2987,3095,3038,3142,3063,3075,3074,3058,3051,3159,3088,2998,3113,2991,3067,3095,3060,3128,3079,3092,2991,3101,3041,3143,3075,3045,3142,3118
463,2990,3092,3097,3016,2987,3095,3038,3142,3063,3075,3074,3058,3051,3159,3088,2998,3113,2991,3067,3095,3060,3128,3079,3092,2991,3101,3041,3143,3075,3045,3142,3118
464,2990,3092,3097,3016,2987,3095,3038,3142,3063,3075,3074,3058,3051,3159,3088,2998,3113,2991,3067,3095,3060,3128,3079,3092,2991,3101,3041,3143,3075,3045,3142,3118
465,2990,3092,3097,3016,2987,3095,3038,3142,3063,3075,3074,3058,3051,3159,3088,2998,3113,2991,3067,3095,3060,3128,3079,3092,2991,3101,3041,3143,3075,3045,3142,3118
466,2990,3092,3097,3016,2987,3095,3038,3142,3063,3075,3074,3058,3051,3159,3088,2998,3113,2991,3067,3095,3060,3128,3079,3092,2991,3101,3041,3143,3075,3045,3142,3118
467,2990,3092,3097,3016,2987,3095,3038,3142,3063,3075,3074,3058,3051,3159,3088,2998,3113,2991,3067,3095,3060,3128,3079,3092,2991,3101,3041,3143,3075,3045,3142,3118
468,2990,3092,3097,3016,2987,3095,3038,3142,3063,3075,3074,3058,3051,3159,3088,2998,3113,2991,3067,3095,3060,3128,3079,3092,2991,3101,3041,3143,3075,3045,3142,3118
469,2990,3092,3097,3016,2987,3095,3038,3142,3063,3075,3074,3058,3051,3159,3088,2998,3113,2991,3067,3095,3060,3128,3079,3092,2991,3101,3041,3143,3075,3045,3142,3118
470,2990,3092,3097,3016,2987,3095,3038,3142,3063,3075,3074,3058,3051,3159,3088,2998,3113,2991,3067,3095,3060,3128,3079,3092,2991,3101,3041,3143,3075,3045,3142,3118
471,2990,3092,3097,3016,2987,3095,3038,3142,3063,3075,3074,3058,3051,3159,3088,2998,3113,2991,3067,3095,3060,3128,3079,3092,2991,3101,3041,3143,3075,3045,3142,3118
472,2990,3092,3097,3016,2987,3095,3038,3142,3063,3075,3074,3058,3051,3159,3088,2998,3113,2991,3067,3095,3060,3128,3079,3092,2991,3101,3041,3143,3075,3045,3142,3118
473,2990,3092,3097,3016,2987,3095,3038,3142,3063,3075,3074,3058,3051,3159,3088,2998,3113,2991,3067,3095,3060,3128,3079,3092,2991,3101,3041,3143,3075,3045,3142,3118
474,2990,3092,3097,3016,2987,3095,3038,3142,3063,3075,3074,3058,3051,3159,3088,2998,3113,2991,3067,3095,3060,3128,3079,3092,2991,3101,3041,3143,3075,3045,3142,3118
475,2990,3092,3097,3016,2987,3095,3038,3142,3063,3075,3074,3058,3051,3159,3088,2998,3113,2991,3067,3095,3060,3128,3079,3092,2991,3101,3041,3143,3075,3045,3142,3118
476,2990,3092,3097,3016,2987,3095,3038,3142,3063,3075,3074,3058,3051,3159,3088,2998,3113,2991,3067,3095,3060,3128,3079,3092,2991,3101,3041,3143,3075,3045,3142,3118
477,2990,3092,3097,3016,2987,3095,3038,3142,3063,3075,3074,3058,3051,3159,3088,2998,3113,2991,3067,3095,3060,3128,3079,3092,2991,3101,3041,3143,3075,3045,3142,3118
478,2990,3092,3097,3016,2987,3095,3038,3142,3063,3075,3074,3058,3051,3159,3088,2998,3113,2991,3067,3095,3060,3128,3079,3092,2991,3101,3041,3143,3075,3045,3142,3118
479,2990,3092,3097,3016,2987,3095,3038,3142,Null,Null,Null,Null,Null,Null,Null,Null,3113,2991,3067,3095,3060,3128,3079,3092,Null,Null,Null,Null,Null,Null,Null,Null
480,Null,Null,Null,Null,Null,Null,Null,Null,Null,Null,Null,Null,Null,Null,Null,Null,3113,2991,3067,3095,3060,3128,3079,3092,Null,Null,Null,Null,Null,Null,Null,Null